Brand,Model,Z_ohm,Size_in,Throat_in,Diameter_mm,Sd_cm2,Bl_Tm,Re_ohm,Le_mH,Le2_mH,Re2_ohm,Mms_g,Mmd_g,Fs_Hz,Vas_L,Qms,Qes,Qts,Cms_mm_per_N,Rms_kg_per_s,Xmax_mm,Sensitivity_dB,Power_W,XO_min_Hz,Freq_low_Hz,reliability,reliability_reasons
18Sound,10KW3 KEYBASS,16,10,,,380,12.7,8,,,,22.5,,71,45.2,8.8,0.5,0.473,,,1.5,97.1,100,,,reliable,
18Sound,10M600,8.0,10,,,350,17.6,5.2,,,,32,,70,25.6,4.5,0.25,0.23,,,4,102,400,,,reliable,
18Sound,10MB400,8,10,,,350,12,5.1,,,,21,,70,41,3.5,0.37,0.33,,,2.5,100.5,250,,,reliable,
18Sound,10MB600,8,10,,,350,18.6,5.7,,,,38,,58,33.4,5.5,0.23,0.22,,,6.5,98,450,,,reliable,
18Sound,10MB600,16,10,,,350,22.3,11.6,,,,37,,64,27.6,7.06,0.35,0.33,,,6.5,98,450,,,reliable,
18Sound,10MB777,8,10,,,350,18.6,5.7,,,,38,,58,33.4,5.5,0.23,0.22,,,6.5,98,450,,,reliable,
18Sound,10NDA610,8.0,10,,,350,20.3,5.5,,,,30,,89,18,7.1,0.24,0.23,,,2.5,103,400,,,reliable,
18Sound,10NMB420,8.0,10,,,346,14.5,5,,,,29.5,,56,40,5,0.26,0.25,,,4,99,350,,,reliable,
18Sound,10NMB420,8,10,,,361.2,15.4,5.25,,,,31,,67.3,33,4.35,0.29,0.272,,,4,99.2,350,,,reliable,
18Sound,10NMB420,8,10,,,378.2,15.3,5.53,,,,27.2,,84.8,26,4.154,0.344,0.318,,,3.3,100.2,350,,,reliable,
18Sound,10NMB420,16.0,10,,,346,19.5,10.5,,,,31.5,,65,30,4.6,0.36,0.33,,,4,99,350,,,reliable,
18Sound,10NMB520,16,10,,,340,17.5,11.7,,,,23,,64,43,4,0.36,0.33,,,4,100,300,,,reliable,
18Sound,10NMBA520,8.0,10,,,350,14.6,5,,,,28,,60,42,4.2,0.24,0.23,,,4,100.5,300,,,reliable,
18Sound,10NTLS2000,8,10,,,346,16.7,5.2,,,,47,,50,38,4.9,0.27,0.26,,,7.4,97,350,,,reliable,
18Sound,10NTLW2000,8.0,10,,,346,17.9,5.2,,,,38,,57,31,7.6,0.22,0.22,,,4.4,98.5,350,,,reliable,
18Sound,10NTLW2500,4,10,,,346.4,14.2,2.8,,,,54,,61,22,16,0.27,0.27,,,7.6,96.5,500,,,reliable,
18Sound,10NTLW2500,8,10,,,346.4,17.4,5,,,,49,,65,21,11.2,0.34,0.33,,,7.6,96.5,500,,,reliable,
18Sound,10NTLW2500,16,10,,,346.4,21.9,9.9,,,,47,,66,20.9,15.4,0.4,0.39,,,7.6,96,500,,,reliable,
18Sound,10NTLW3500,8,10,,,346,19.2,5.1,,,,58,,65,16,11.6,0.36,0.35,,,7.9,95,800,,,reliable,
18Sound,10NTLW3500,16,10,,,346,23.9,11.4,,,,58,,64,18.1,10.8,0.46,0.45,,,6.4,94,800,,,reliable,
18Sound,10NW650,8.0,10,,,346,14,5,,,,34,,51,48,8,0.29,0.28,,,7,96,300,,,reliable,
18Sound,10NW650,16,10,,,346,21,12.2,,,,34.1,,51,50,5,0.28,0.27,,,7,95.5,300,,,reliable,
18Sound,10NW750,8,10,,,340,16.4,5.8,,,,45,,53,34,5.74,0.32,0.31,,,7.5,94,450,,,reliable,
18Sound,10NW750,16,10,,,346,20,11,,,,42,,52,38,4.36,0.4,0.36,,,7.1,94,450,,,reliable,
18Sound,10W400,8,10,,,350,12.1,5.1,,,,28.6,,70,31,3.99,0.44,0.396,,,4.3,97.8,280,,,reliable,
18Sound,10W500,8.0,10,,,350,14.6,6,,,,33,,53,45.2,4.22,0.31,0.29,,,5.5,98,280,,,reliable,
18Sound,10W650,8,10,,,350,12.4,5.1,,,,36.6,,67,26,9.6,0.51,0.48,,,5.7,96,250,,,reliable,
18Sound,10W650,16,10,,,350,19.2,10.2,,,,39,,64,27,8.4,0.43,0.41,,,5.7,96,250,,,reliable,
18Sound,12CX800,8.0,12,,,530,18.5,5.8,1.3,,,48,,53,73,4.00,0.27,0.25,,,6.3,107.0,400,,,reliable,
18Sound,12LW1400,8.0,12.0,,,531.0,20.0,5.2,1.5,,,88.0,,45.0,55.0,5.0,0.32,0.3,,,8.25,96.0,900.0,,,reliable,
18Sound,12LW800,8.0,12,,,531,21.3,5.6,1.72,,,76.5,,52,48,7.60,0.30,0.29,,,6.5,104.5,500,,,reliable,
18Sound,12LW801,8.0,12,,,531,20.3,5.0,1.7,,,84,,54,41,9.00,0.34,0.33,,,8,104.2,500,,,reliable,
18Sound,12MB1000,8.0,12.0,,,531.0,23.5,5.8,1.46,,,55.5,,54.0,60.0,6.0,0.2,0.18,,,2.5,102.0,600.0,,,reliable,
18Sound,12MB600,4.0,12,,,531,14.9,2.7,0.45,,,56,,46,86,4.89,0.19,0.19,,,4.5,101.0,450,,,reliable,
18Sound,12MB600,8.0,12.0,,,531.0,18.0,5.0,1.32,,,43.0,,44.0,115.0,3.9,0.19,0.18,,,4.5,101.0,450.0,,,reliable,
18Sound,12MB606,8.0,12,,,531,16,5.7,1.5,,,47,,50,84,6.30,0.34,0.32,,,6.5,106.1,450,,,reliable,
18Sound,12MB650,8.0,12.0,,,531.0,19.0,6.0,0.83,,,48.0,,48.0,90.0,3.2,0.24,0.23,,,5.5,98.0,400.0,,,reliable,
18Sound,12MB700,8.0,12,,,531,17.8,5.0,0.9,,,41,,49,101,4.70,0.20,0.19,,,4.5,109.3,450,,,reliable,
18Sound,12MB700,16.0,12,,,531,22.1,9.5,1.84,,,46,,46,100,7.27,0.26,0.25,,,4.5,104.6,450,,,reliable,
18Sound,12MB710,8.0,12,,,531,20.5,5.0,0.79,,,59,,46,81,10.30,0.20,0.20,,,5,107.4,500,,,reliable,
18Sound,12MB720,8.0,12,,,531,20.5,5.0,0.79,,,59,,46,81,10.30,0.20,0.20,,,5,107.4,500,,,reliable,
18Sound,12MB777,8.0,12,,,531,17.8,5.0,0.9,,,41,,49,101,4.70,0.20,0.19,,,4.5,109.3,450,,,reliable,
18Sound,12MB810,8.0,12,,,531,20.5,5.0,0.79,,,59,,46,81,10.30,0.20,0.20,,,5,107.4,500,,,reliable,
18Sound,12NCX750,8.0,12,,,531,17.5,5.4,0.62,,,48,,58,63,6.42,0.31,0.29,,,5.5,107.1,400,,,reliable,
18Sound,12NCX750H,8.0,12,,,531,17.5,5.4,0.62,,,47,,58,63,6.42,0.31,0.29,,,5.5,107.3,400,,,reliable,
18Sound,12NCX910,8.0,12,,,531,18.1,5.3,0.78,,,53,,57,58,10.00,0.31,0.30,,,6.9,106.7,450,,,reliable,
18Sound,12NCX910BE,8.0,12,,,531,18.1,5.3,0.78,,,53,,57,58,10.00,0.31,0.30,,,6.9,106.7,450,,,reliable,
18Sound,12NCX910N,8.0,12,,,531,18.1,5.3,0.78,,,53,,57,58,10.00,0.31,0.30,,,6.9,106.7,450,,,reliable,
18Sound,12ND520,8,12,,,528,14.4,5.2,,,,36,,50,111,5.5,0.284,0.27,,,4,98.7,300,,,reliable,
18Sound,12ND610,8.0,12.0,,,531.0,24.0,5.9,1.17,,,49.0,,46.0,94.4,4.3,0.15,0.14,,,3.5,102.0,450.0,,,reliable,
18Sound,12ND610,16.0,12,,,530,27.9,11.9,0.76,,,45,,50,85,4.56,0.22,0.21,,,3.5,102.0,450,,,reliable,
18Sound,12ND710,8.0,12,,,530,18,5.0,1,,,40,,52,92,6.00,0.20,0.20,,,5,109.6,450,,,reliable,
18Sound,12ND710,16.0,12,,,530,20.3,9.4,0.74,,,41,,53,85,4.00,0.31,0.29,,,5,105.0,450,,,reliable,
18Sound,12ND730,8.0,12,,,531,19.2,5.6,1.73,,,55,,45,90,5.13,0.24,0.23,,,6.5,106.4,400,,,reliable,
18Sound,12ND830,4.0,12,,,531,13.7,2.8,0.96,,,47,,58,63,6.48,0.25,0.24,,,6.5,99.0,450,,,reliable,
18Sound,12ND830,8.0,12.0,,,531.0,17.6,5.7,1.5,,,46.0,,55.0,72.0,5.15,0.3,0.28,,,6.5,99.0,450.0,,,reliable,
18Sound,12ND930,8.0,12.0,,,531.0,21.2,5.5,1.65,,,57.0,,50.0,70.0,5.64,0.22,0.21,,,6.5,98.0,500.0,,,reliable,
18Sound,12ND940,8.0,12,,,531,22.2,5.0,0.57,,,66,,49,64.8,5.60,0.20,0.20,,,7.6,107.1,600,,,reliable,
18Sound,12NDA520,8.0,12,,,531,14.4,5.2,0.03,,,36,,50,111,5.50,0.28,0.27,,,4,108.3,300,,,reliable,
18Sound,12NLW9300,8.0,12.0,,,531.0,17.0,4.7,0.53,,,82.0,,47.0,56.0,5.5,0.45,0.42,,,8.0,97.0,800.0,,,reliable,
18Sound,12NLW9300 v2022,8,12,,,531,15.8,4.7,,,,80.9,,47,56,5.5,0.45,0.416,,,8,95.4,800,,,reliable,
18Sound,12NLW9310,8.0,12,,,530,21,5.6,0.76,,,94,,36,82,5.56,0.26,0.25,,,8,102.5,800,,,reliable,
18Sound,12NLW9410,8.0,12,,,531,21.7,4.5,1.07,,,105,,42,55,6.20,0.27,0.26,,,11,103.8,1000,,,reliable,
18Sound,12NMB1000,8.0,12.0,,,531.0,24.4,5.5,0.69,,,61.0,,54.0,58.0,8.4,0.19,0.19,,,3.5,102.0,600.0,,,reliable,
18Sound,12NMB420,8.0,12.0,,,531.0,13.9,5.2,0.2,,,33.5,,53.0,105.0,3.6,0.3,0.28,,,4.0,100.5,300.0,,,reliable,
18Sound,12NTLS3500,4.0,12,,,531,14.5,3.1,0.39,,,92,,41,63,7.80,0.36,0.34,,,7.9,104.7,750,,,reliable,
18Sound,12NTLS3500,8.0,12,,,531,17.8,5.8,0.55,,,92,,41,65,8.50,0.43,0.41,,,7.9,101.0,750,,,reliable,
18Sound,12NTLW2500,4.0,12,,,531,14.4,2.8,0.31,,,71,,52,52.7,10.20,0.32,0.31,,,7.6,107.7,500,,,reliable,
18Sound,12NTLW2500,8.0,12,,,531,17.4,5.0,0.44,,,62,,60,45,8.40,0.39,0.38,,,7.6,105.5,500,,,reliable,
18Sound,12NTLW2500,16.0,12,,,531,21.8,10.1,0.72,,,63,,62,42,11.60,0.52,0.50,,,7.6,101.2,500,,,reliable,
18Sound,12NTLW3500,4.0,12,,,531,16.3,3.1,0.29,,,85,,54,41,13.10,0.34,0.33,,,8.3,97.0,900,,,reliable,
18Sound,12NTLW3500,8.0,12.0,,,531.0,19.5,5.1,0.46,,,80.0,,53.0,45.0,8.0,0.35,0.33,,,8.3,97.0,900.0,,,reliable,
18Sound,12NTLW3500,16.0,12,,,531,23.5,11.3,0.62,,,77,,57,40,11.70,0.56,0.54,,,7.9,97.0,900,,,reliable,
18Sound,12NTLX3500,8.0,12,,,531,17.1,5.0,0.52,,,86,,39,79.6,6.20,0.35,0.33,,,7.9,102.5,600,,,reliable,
18Sound,12NW350,8.0,12,,,531,19.2,5.0,0.85,,,75,,54,46,12.00,0.35,0.34,,,8.3,104.7,800,,,reliable,
18Sound,12NW530,8.0,12,,,530,19.7,4.9,0.9,,,93,,55,36,9.70,0.38,0.37,,,8,103.2,500,,,reliable,
18Sound,12TC300,8,12,,,531,12.7,5.1,,,,29.1,,78,56.5,8.8,0.45,0.428,,,1.5,101.7,100,,,reliable,
18Sound,12W1300,8.0,12,,,530,20,5.2,1.9,,,72,,50,56,4.15,0.28,0.26,,,7.5,105.1,700,,,reliable,
18Sound,12W500,4.0,12,,,531,9.6,2.7,0.67,,,36.5,,49,101,6.10,0.37,0.35,,,4,99.5,350,,,reliable,
18Sound,12W500,8.0,12.0,,,531.0,12.1,5.2,1.12,,,36.5,,46.0,123.0,6.02,0.38,0.36,,,4.0,99.5,350.0,,,reliable,
18Sound,12W501,8,12,,,531,12.2,5.2,,,,38.5,,46,123,7,0.39,0.369,,,4,98.7,350,,,reliable,
18Sound,12W600,8.0,12,,,531,17.3,5.5,1.85,,,55,,50,73,5.87,0.32,0.30,,,6.5,105.7,450,,,reliable,
18Sound,12W700,8.0,12.0,,,531.0,17.7,5.7,1.48,,,51.0,,58.0,55.0,3.93,0.37,0.36,,,6.5,98.0,450.0,,,reliable,
18Sound,12W750,4.0,12,,,531,15.5,3.4,0.56,,,58,,55,58,5.00,0.28,0.27,,,7,97.0,600,,,reliable,
18Sound,12W750,8.0,12.0,,,531.0,18.0,5.2,0.95,,,57.0,,49.0,73.0,7.0,0.3,0.28,,,8.0,97.0,600.0,,,reliable,
18Sound,12W750,16.0,12,,,531,23.5,10.4,1.2,,,55,,55,61,5.80,0.35,0.33,,,8,97.0,600,,,reliable,
18Sound,15CX1000,8.0,15,,,855,21,5.5,1.5,,,85,,48,133,6.00,0.32,0.31,,,6,107.7,850,,,reliable,
18Sound,15LW1400,8.0,15,,,900,26.6,5.8,2.55,,,120,,42,137,4.36,0.26,0.25,,,6.5,106.8,1000,,,reliable,
18Sound,15LW1401,4.0,15,,,850,22,3.5,1.02,,,125,,39,127,7.21,0.27,0.26,,,9,98.0,1000,,,reliable,
18Sound,15LW1401,8.0,15.0,,,850.0,24.2,5.0,2.15,,,125.0,,42.0,131.0,5.36,0.28,0.27,,,9.0,98.0,1000.0,,,reliable,
18Sound,15LW1402,8.0,15,,,900,26.3,5.9,2.66,,,130,,42,126,8.10,0.29,0.28,,,7,105.8,1000,,,reliable,
18Sound,15LW1410,8.0,15,,,850,24.1,5.0,1,,,138,,42,131,5.36,0.28,0.27,,,8.5,105.5,1000,,,reliable,
18Sound,15LW1500,8.0,15,,,850,22.1,5.0,2.4,,,130,,34,195,11.50,0.29,0.28,,,9,105.3,1000,,,reliable,
18Sound,15LW2400,4.0,15,,,850,18,2.7,0.79,,,135,,34,191,4.20,0.24,0.23,,,9.5,97.0,1200,,,reliable,
18Sound,15LW2400,8.0,15.0,,,850.0,24.0,5.3,1.25,,,138.0,,40.0,131.0,4.75,0.32,0.3,,,10.0,97.0,1200.0,,,reliable,
18Sound,15MB1000,8.0,15.0,,,850.0,21.0,5.5,1.5,,,85.0,,48.0,132.5,6.0,0.32,0.31,,,6.0,98.0,850.0,,,reliable,
18Sound,15MB606,8.0,15,,,850,15.1,5.0,1.3,,,63,,43,223,6.20,0.37,0.35,,,4.5,108.2,400,,,reliable,
18Sound,15MB650,8.0,15,,,900,20,5.5,1.36,,,77,,40,210,3.95,0.27,0.26,,,4,108.6,400,,,reliable,
18Sound,15MB700,8.0,15.0,,,850.0,17.6,5.0,1.2,,,73.0,,42.0,202.0,4.6,0.31,0.29,,,5.5,103.0,400.0,,,reliable,
18Sound,15NCX1000,8.0,15,,,881,27.5,6.3,1.4,,,110,,53,75,10.40,0.32,0.31,,,7.5,106.9,600,,,reliable,
18Sound,15NCX750,8.0,15,,,881,18.4,5.4,0.66,,,81,,49,141,6.32,0.40,0.37,,,5.5,107.4,400,,,reliable,
18Sound,15NCX750H,8.0,15,,,881,18.5,5.4,0.66,,,80.6,,49,141,6.32,0.40,0.37,,,5.5,107.5,400,,,reliable,
18Sound,15NCX910,8.0,15,,,881,21,5.0,1.1,,,86,,55,107,8.20,0.34,0.33,,,7,108.7,450,,,reliable,
18Sound,15NCX910BE,8.0,15,,,881,21,5.0,1.1,,,86,,55,107,8.20,0.34,0.33,,,7,108.7,450,,,reliable,
18Sound,15NCX910N,8.0,15,,,881,21,5.0,1.1,,,86,,55,107,8.20,0.34,0.33,,,7,108.7,450,,,reliable,
18Sound,15ND730,8.0,15,,,900,21,5.5,1.35,,,86,,44,156,8.10,0.30,0.29,,,6.5,108.1,400,,,reliable,
18Sound,15ND830,4.0,15,,,850,14,3.0,0.62,,,85,,42,157,7.20,0.36,0.34,,,6.5,98.0,450,,,reliable,
18Sound,15ND830,8.0,15.0,,,850.0,18.0,5.7,1.54,,,80.0,,39.0,213.0,3.9,0.35,0.32,,,6.5,98.0,450.0,,,reliable,
18Sound,15ND840,8.0,15,,,881,17.9,5.0,0.43,,,94,,43,163,6.60,0.39,0.37,,,9.5,106.6,600,,,reliable,
18Sound,15ND930,4.0,15,,,850,17,2.8,0.52,,,113,,35,182,7.10,0.24,0.24,,,7.5,98.0,500,,,reliable,
18Sound,15ND930,8.0,15.0,,,850.0,23.8,5.5,1.61,,,101.0,,36.0,206.0,5.3,0.23,0.22,,,7.5,98.0,500.0,,,reliable,
18Sound,15ND930,16.0,15,,,850,24.2,10.9,2.5,,,92,,38,195,9.50,0.40,0.39,,,7.5,98.0,500,,,reliable,
18Sound,15ND940,4.0,15,,,881,16.6,2.8,0.39,,,110,,39,170,9.10,0.27,0.26,,,9.5,109.6,600,,,reliable,
18Sound,15ND940,8.0,15,,,881,21.9,5.4,0.7,,,108,,38,174,7.50,0.29,0.28,,,7.3,106.4,600,,,reliable,
18Sound,15ND940,16.0,15,,,881,26.6,10.7,1,,,102,,41,166,4.60,0.39,0.36,,,9.5,102.7,600,,,reliable,
18Sound,15NLW4500,4.0,15,,,881,24.4,3.0,1.1,,,198,,35,126,6.38,0.21,0.20,,,14.5,107.2,1500,,,reliable,
18Sound,15NLW4500,8.0,15,,,881,29.7,5.4,1.62,,,201,,35,111,7.80,0.27,0.26,,,14.5,103.7,1500,,,reliable,
18Sound,15NLW9300,8.0,15.0,,,850.0,24.4,6.0,0.95,,,107.0,,39.0,170.0,6.7,0.27,0.26,,,8.0,97.0,800.0,,,reliable,
18Sound,15NLW9300 v2015,8,15,,,900,24.4,6,,,,111.2,,39,170,6.7,0.274,0.263,,,7.2,98.9,800,,,reliable,
18Sound,15NLW9400,8.0,15,,,900,25,5.2,1.1,,,131,,42,118,10.40,0.29,0.28,,,9.5,106.4,1000,,,reliable,
18Sound,15NLW9401,4.0,15,,,850,20,2.8,1.23,,,150,,40,114,6.14,0.26,0.25,,,10,97.5,1200,,,reliable,
18Sound,15NLW9401,8.0,15.0,,,850.0,25.4,5.2,1.9,,,140.0,,39.0,134.0,4.13,0.28,0.26,,,10.0,97.5,1200.0,,,reliable,
18Sound,15NLW9500,4.0,15,,,850,18.2,2.7,0.58,,,172,,34,148,7.84,0.30,0.29,,,9,96.0,1000,,,reliable,
18Sound,15NLW9500,8.0,15.0,,,850.0,21.6,4.9,0.8,,,146.0,,35.0,163.0,6.7,0.34,0.32,,,9.0,96.0,1000.0,,,reliable,
18Sound,15NMB1000,8.0,15.0,,,855.0,25.2,5.3,0.89,,,100.0,,46.0,124.0,8.3,0.24,0.24,,,6.5,101.0,900.0,,,reliable,
18Sound,15NMB420,8.0,15,,,900,19,5.6,0.8,,,73,,42,225,6.00,0.30,0.29,,,6.5,108.5,450,,,reliable,
18Sound,15NTLS3500,8.0,15,,,881,21.6,5.2,1.65,,,250,,28,141,8.20,0.44,0.42,,,15.3,99.3,950,,,reliable,
18Sound,15NTLW2500,8,15,,,881.4,21.2,5.1,,,,95,,45,143,8.9,0.31,0.3,,,8,100.5,600,,,reliable,
18Sound,15NTLW3500,4.0,15,,,881,15.8,3.1,0.29,,,115,,46,115,9.40,0.41,0.40,,,8.3,98.0,900,,,reliable,
18Sound,15NTLW3500,8.0,15.0,,,881.0,19.5,5.2,0.46,,,106.0,,45.0,131.0,8.7,0.4,0.39,,,8.3,98.0,900.0,,,reliable,
18Sound,15NW530,8.0,15,,,855,22,5.3,1.4,,,135,,38,154,5.81,0.35,0.33,,,7.5,104.4,500,,,reliable,
18Sound,15TLW3000,4.0,15,,,881,18,2.5,1,,,177,,44,80,9.80,0.41,0.39,,,9,95.5,1500,,,reliable,
18Sound,15TLW3000,8.0,15.0,,,881.0,23.4,6.0,1.78,,,157.0,,42.0,140.0,10.5,0.46,0.44,,,9.0,95.5,1500.0,,,reliable,
18Sound,15W1200,8.0,15,,,900,25,5.5,1.7,,,108,,45,134,4.10,0.27,0.25,,,6,107.6,850,,,reliable,
18Sound,15W1300,8,15,,,850,18.9,5.5,,,,87.9,,46,138,4.9,0.39,0.361,,,6,99,800,,,reliable,
18Sound,15W1301,8.0,15,,,900,22.3,5.5,1.55,,,99,,48,123,8.50,0.37,0.32,,,6,107.4,800,,,reliable,
18Sound,15W200,8,15,,,850,17.4,6.3,,,,93.2,,32,268.7,3.4,0.39,0.35,,,6,96.6,200,,,reliable,
18Sound,15W200,8,15,,,850,23.3,5.5,,,,94.5,,45,134,4.1,0.27,0.253,,,3.1,100.2,200,,,reliable,
18Sound,15W500,8.0,15,,,850,12.6,5.2,1.04,,,55,,50,189,9.64,0.55,0.52,,,4,107.5,350,,,unreliable,"coupling_failed: Mms free-air radiation-mass correction exceeds 50% of Mms (0.520), check Sd/Mms, stated Mms=55 g, computed Mmd=26.4198 g, radiation mass difference=51.96% (limit 50%)"
18Sound,15W600,8.0,15,,,850,20.5,5.6,1.85,,,93,,38,183,7.20,0.30,0.29,,,6.5,106.5,500,,,reliable,
18Sound,15W700,4.0,15.0,,,850.0,14.7,2.8,,,,86,,41,180,4.03,0.29,0.27,,,6.5,97,450.0,,,reliable,
18Sound,15W700,8.0,15.0,,,850.0,18.4,5.7,1.57,,,80.0,,38.0,217.0,3.8,0.33,0.3,,,6.5,99.0,450.0,,,reliable,
18Sound,15W750,4.0,15,,,850,14,2.7,0.73,,,89.5,,39,253,6.20,0.30,0.29,,,8,109.9,600,,,reliable,
18Sound,15W750,8.0,15,,,850,17.6,5.1,1.1,,,88,,39,218,9.34,0.39,0.37,,,8,106.5,600,,,reliable,
18Sound,15W750,16,15,,,850,23.5,10.25,,,,94,,40,182,7.7,0.44,0.42,,,8,98,600,,,reliable,
18Sound,15W930,8.0,15.0,,,850.0,22.1,5.5,1.47,,,97.0,,33.0,240.0,8.78,0.23,0.22,,,7.5,98.0,500.0,,,reliable,
18Sound,18iD,2,18,,,1225,24,1.5,,,,420,,40,67,5.5,0.27,0.26,,,15.5,95,1800,,,reliable,
18Sound,18iD200,2,18,,,1225,24.4,1.3,,,,444,,29,136,7,0.18,0.17,,,18,95,1800,,,reliable,
18Sound,18iDSDS,2,18,,,1225,24.4,1.3,,,,444,,29,136,7,0.18,0.17,,,18,95,1800,,,reliable,
18Sound,18LW1250,8.0,18,,,1134,23.4,5,,,,139.1,,35,268,8,0.28,0.271,,,8.7,100.2,1000,,,reliable,
18Sound,18LW1251,8.0,18,,,1134,23.6,5,,,,142,,35,268,8,0.28,0.27,,,9,98,1000,,,reliable,
18Sound,18LW1400,4,18,,,1225,22.1,3.6,,,,190,,33,210,6.6,0.34,0.32,,,9,97,1000,,,reliable,
18Sound,18LW1400,8.0,18,,,1225,24.7,5,,,,190,,31,297,7.2,0.31,0.29,,,9,98,1000,,,reliable,
18Sound,18LW2400,4.0,18,,,1225,18,2.6,,,,200,,33,235,6.4,0.33,0.32,,,9.5,98,1200,,,reliable,
18Sound,18LW2400,8.0,18,,,1225,25.6,5,,,,192,,35,230,7.2,0.32,0.31,,,9.5,98,1200,,,reliable,
18Sound,18LW2420,4,18,,,1225,20.2,2.8,,,,221,,34,208,6.9,0.32,0.31,,,10,98,1300,,,reliable,
18Sound,18LW2420,8,18,,,1225,25.5,5.2,,,,210,,34,196,6.3,0.38,0.36,,,10,98,1300,,,reliable,
18Sound,18LW2500,8,18,,,1130,29.9,4.9,,,,290.5,,34,135,22,0.34,0.335,,,9.1,96,1600,,,reliable,
18Sound,18LW2600,4,18,,,1225,23.4,2.6,,,,336,,30,186,12.9,0.29,0.28,,,14,96.5,1500,,,reliable,
18Sound,18LW2600,8,18,,,1225,31,4.9,,,,303,,31,187,11.7,0.3,0.29,,,14.8,96.8,1500,,,reliable,
18Sound,18LW800,8,18,,,1133,19.5,5,,,,121,,29,448,4.5,0.29,0.272,,,8,99.8,500,,,reliable,
18Sound,18ND9300,8,18,,,1225,24.4,5,,,,183.9,,30,322,7.86,0.29,0.28,,,9.5,98.8,1000,,,reliable,
18Sound,18NLS4000,4,18,,,1225,24.2,2.9,,,,433,,27,168,13.7,0.36,0.35,,,22.3,88,1200,,,reliable,
18Sound,18NLW4100,4,18,,,1225,22.8,2.5,,,,314,,29,207,11.9,0.28,0.27,,,15,97,1500,,,reliable,
18Sound,18NLW4100,8,18,,,1225,29,4.9,,,,307,,31,180,11.2,0.35,0.34,,,15,96.5,1500,,,reliable,
18Sound,18NLW4500,4,18,,,1225,26.7,3.3,,,,296,,37,127,10.8,0.32,0.31,,,14.75,96.5,1800,,,reliable,
18Sound,18NLW4500,8,18,,,1225,30.3,5,,,,286,,35,151,9.7,0.34,0.33,,,15.3,97,1800,,,reliable,
18Sound,18NLW9000,4,18,,,1222,25,3.1,,,,228,,32,247,5,0.22,0.21,,,14,97,1800,,,reliable,
18Sound,18NLW9000,8,18,,,1222,28,5.5,,,,218,,34,206,7,0.32,0.31,,,14,97,1800,,,reliable,
18Sound,18NLW9300,8,18,,,1225,24.7,5,,,,187.4,,30,316,7.86,0.29,0.28,,,8,98.7,800,,,reliable,
18Sound,18NLW9400,4,18,,,1225,20.5,2.6,,,,185,,32,278,6.1,0.23,0.22,,,9.5,98,1200,,,reliable,
18Sound,18NLW9400,8.0,18,,,1225,26,5,,,,180,,33,268,6.1,0.28,0.26,,,9.5,98,1200,,,reliable,
18Sound,18NLW9600,8,18,,,1143,30.5,4.7,,,,269.3,,34,149,8.7,0.29,0.281,,,9,97.3,1800,,,reliable,
18Sound,18NLW9601,4,18,,,1295,25,2.7,,,,255,,38,111,6,0.29,0.28,,,14,96,1800,,,unreliable,"fs_inconsistent: stated=38 Hz, computed=46.1088 Hz, difference=21.34% (limit 20%)"
18Sound,18NLW9601,8.0,18,,,1130,31,4.7,,,,275,,39,120,5.7,0.3,0.28,,,14,96,1800,,,reliable,
18Sound,18NLW9601C,8.0,18,,,1130,31.7,4.7,,,,275,,38,99,6.29,0.36,0.34,,,14,95,1800,,,reliable,
18Sound,18NTLS5000,4,18,,,1225,30.7,2.7,,,,510,,37,75,8.4,0.35,0.33,,,17.75,89,1800,,,reliable,
18Sound,18NTLW5000,4,18,,,1225,25,3.1,,,,306,,32,165,9.5,0.31,0.3,,,17.5,95,1800,,,reliable,
18Sound,18NTLW5000,8.0,18,,,1225,31.3,5.5,,,,295,,32,176,8.52,0.33,0.32,,,17.5,95,1800,,,reliable,
18Sound,18TLW3000,4,18,,,1225,20,2.4,,,,280,,32,185,13.8,0.36,0.35,,,12,94,1800,,,reliable,
18Sound,18W1000,8,18,,,1134,27.2,5.8,,,,139.1,,35,268,7.1,0.24,0.232,,,7,100.2,1000,,,reliable,
18Sound,18W1001,8,18,,,1134,27.6,5.8,,,,139,,35,268,7.1,0.24,0.23,,,7,99,1000,,,reliable,
18Sound,18W1300,8,18,,,1225,20.4,5,,,,129,,35,336,5,0.35,0.33,,,8.5,99.5,850,,,reliable,
18Sound,18W2001,8.0,18,,,1134,27.1,5.8,,,,143,,37,230,7.29,0.26,0.25,,,7,99,1200,,,reliable,
18Sound,21iD,2,21,,,1660,25.2,1.3,,,,489,,38,143,5.6,0.24,0.23,,,14,94.2,1800,,,reliable,
18Sound,21LW1400,8.0,21,,,1660,33.5,5,,,,296,,28,385,9.32,0.24,0.24,,,9.5,99,1000,,,reliable,
18Sound,21LW2600,8,21,,,1660,32.5,5.2,,,,398,,27,333,23.1,0.34,0.33,,,14.6,97,1600,,,reliable,
18Sound,21LW400,8,21.5,,,1662,34.5,5,,,,324.9,,28,385,9.32,0.24,0.234,,,9.3,99.5,1600,,,reliable,
18Sound,21NLW4100,4,21,,,1661,22.8,2.6,,,,400,,34,219,7.8,0.42,0.4,,,15.2,97,1500,,,reliable,
18Sound,21NLW4100,8,21,,,1661,29.4,5.1,,,,374,,36,210,7.8,0.49,0.46,,,15.2,97,1500,,,reliable,
18Sound,21NLW5300,8,21,,,1662,31,5.2,,,,327,,31,325,4.7,0.34,0.32,,,15.3,98.5,1800,,,reliable,
18Sound,21NLW9000,8,21.5,,,1662,34.1,6,,,,383.6,,29,304,9.32,0.36,0.347,,,10.7,96.4,1800,,,reliable,
18Sound,21NLW9000C,4,21.5,,,1662,29.3,2.7,,,,453.8,,29,257,5.45,0.26,0.248,,,8.1,100.5,1800,,,reliable,
18Sound,21NLW9001,4,21,,,1662,23.8,2.9,,,,375,,31,272,4.54,0.37,0.34,,,14,95,1800,,,reliable,
18Sound,21NLW9001,8,21,,,1662,37,5.9,,,,390,,32,244,4.5,0.34,0.31,,,14,98,1800,,,reliable,
18Sound,21NLW9601,4,21,,,1662,32.7,3,,,,450,,41,123,10.56,0.33,0.32,,,14,98,1800,,,reliable,
18Sound,21NLW9601,8.0,21,,,1662,43,5.9,,,,408,,37,175,5.5,0.31,0.29,,,14,98,1800,,,reliable,
18Sound,21NLW9601C,4,21,,,1662,33.2,2.9,,,,460,,38,140,6.28,0.31,0.29,,,14,94.5,1800,,,reliable,
18Sound,21NTLW5000,4,21,,,1662,25,3,,,,372,,30,300,12.3,0.33,0.32,,,17.5,97,1800,,,reliable,
18Sound,21NTLW5000,8,21,,,1662,32,5.3,,,,372,,31,270,5.2,0.38,0.36,,,17.5,97,1800,,,reliable,
18Sound,5W430,8.0,5.0,,,90.0,6.3,5.4,0.49,,,8.2,,52.0,15.0,2.77,0.36,0.32,,,6.0,89.0,80.0,,,reliable,
18Sound,6M44,8.0,6.5,,,132.0,13.4,5.3,0.32,,,16.0,,102.0,3.8,4.4,0.31,0.29,,,2.25,95.0,200.0,,,reliable,
18Sound,6ND410,8.0,6.5,,,143.0,11.6,5.9,0.67,,,8.2,,120.0,6.2,2.2,0.27,0.24,,,2.0,102.0,180.0,,,reliable,
18Sound,6ND410,16,6.5,,,143,13,10.6,,,,8.8,,149,6.2,4.14,0.55,0.48,,,2,102,180,,,unreliable,"fs_inconsistent: stated=149 Hz, computed=115.97 Hz, difference=22.17% (limit 20%)"
18Sound,6ND430,4.0,6.5,,,133.0,7.8,2.9,,,,13.9,,64,12.2,6.5,0.25,0.24,,,5.0,92.5,200.0,,,reliable,
18Sound,6ND430,8.0,6.5,,,133.0,10.0,5.5,0.28,,,13.3,,61.0,12.6,6.5,0.28,0.27,,,5.0,92.5,200.0,,,reliable,
18Sound,6ND430,16.0,6.5,,,133.0,12,10.6,,,,10.3,,66,12.6,6.32,0.32,0.3,,,5.0,94,200.0,,,reliable,
18Sound,6NMB420,8.0,6.5,,,130.0,9.0,5.3,0.1,,,8.5,,110.0,6.1,2.7,0.38,0.33,,,3.0,100.0,200.0,,,reliable,
18Sound,6NMB900,8.0,6.5,,,130.0,8.5,5.2,0.1,,,7.4,,95.0,10.3,2.87,0.36,0.32,,,3.0,97.0,200.0,,,reliable,
18Sound,6NMB900,16,6.5,,,130,12.4,10.1,,,,9,,100,6.65,3.1,0.38,0.34,,,3,96,200,,,reliable,
18Sound,6NTLW2000,8.0,6.5,,,133.0,11.6,5.1,0.22,,,19.0,,86.0,4.6,5.0,0.38,0.35,,,4.9,93.0,320.0,,,reliable,
18Sound,6NTLW2000,16,6.5,,,133,14.1,9,,,,17.5,,86,4.8,3.38,0.43,0.38,,,4.9,93,320,,,reliable,
18Sound,8M400F,8.0,8,,,227,13.1,5.1,,,,16.9,,89,13.7,4.03,0.28,0.26,,,3,100.5,250,,,reliable,
18Sound,8MB400,8,8,,,227,9.3,5,,,,18,,64,23.9,3.23,0.43,0.38,,,5.8,95,280,,,reliable,
18Sound,8MB500,4,8,,,230,7.2,2.6,,,,18,,73,18.4,2.56,0.42,0.36,,,6,95,280,,,reliable,
18Sound,8MB500,8.0,8,,,230,9,5.1,,,,17,,74,21.5,2.66,0.51,0.43,,,6,95,280,,,reliable,
18Sound,8MB500,16,8,,,230,11,9.8,,,,16,,73,21.3,3.44,0.58,0.5,,,6,95,280,,,reliable,
18Sound,8MB710,8,8,,,227,13.4,5.2,,,,18,,108,9,4.6,0.35,0.32,,,2.25,99.5,250,,,reliable,
18Sound,8MB720,8,8,,,227,13.4,5.2,,,,18,,108,9,4.6,0.35,0.32,,,2.25,99.5,250,,,reliable,
18Sound,8NM610,8,8,,,220,28.3,6.5,,,,18,,260,1.5,1.52,0.24,0.21,,,3,104,400,,,reliable,
18Sound,8NM610,16,8,,,220,31,10,,,,17,,260,1.6,1.2,0.28,0.23,,,3,104,400,,,reliable,
18Sound,8NMB420,4.0,8,,,227,7,2.6,,,,16.9,,59,31,3.81,0.34,0.31,,,5.8,95,280,,,reliable,
18Sound,8NMB420,8.0,8,,,230,10,5,,,,14.9,,61,33,4,0.31,0.28,,,5.8,95,280,,,reliable,
18Sound,8NMB420,16,8,,,227,12,9.8,,,,17,,66,24.53,3.2,0.47,0.41,,,5.8,95,280,,,reliable,
18Sound,8NMB750,8,8,,,230,18.7,5.2,,,,35,,88,6.9,6.1,0.28,0.27,,,6.1,96.5,350,,,reliable,
18Sound,8NMB750,16.0,8,,,230,21.5,10.2,,,,30,,91,7.3,5.9,0.39,0.37,,,6.3,95,350,,,reliable,
18Sound,8NTLS2000,4,8,,,227,11.1,3,,,,38,,43,30,10.4,0.24,0.24,,,7.4,93.5,350,,,reliable,
18Sound,8NTLS2000,8,8,,,227,17.2,5.4,,,,42,,41,27,11.5,0.19,0.19,,,7.4,93.5,350,,,reliable,
18Sound,8NTLS2000,16,8,,,227,21.8,11.2,,,,38,,42,28,11.2,0.24,0.24,,,7.4,93,350,,,reliable,
18Sound,8NTLW2000,8,8,,,227,17.5,5.2,,,,28,,71,13,8.1,0.21,0.21,,,4.4,97.5,350,,,reliable,
18Sound,8NTLW2000,16.0,8,,,227,22.4,11.1,,,,27,,74,11.3,12.9,0.27,0.26,,,4.4,96.5,350,,,reliable,
18Sound,8NW650,8.0,8,,,230,15.2,6.1,,,,26,,63,17.8,3.7,0.27,0.25,,,5.5,96,300,,,reliable,
18Sound,8NW650,16,8,,,230,19.1,9.9,,,,25,,62,18.99,4.13,0.26,0.25,,,5.5,95,300,,,reliable,
18Sound,D-103,8,10,,,380,9.8,7.07,,,,33.2,,40.6,93.7,3.17,0.625,0.522,,,6,92.5,150,,,reliable,
18Sound,PWX12,8,12,,,530,14.9,5.26,,,,47.3,,61.3,56.2,1.6,0.433,0.341,,,2.9,98.6,200,,,reliable,
AB Sound,TW 1041,8,10,,,353,8.5,6.3,,,,27.3,,32,158,4.43,0.48,0.433,,,8,93.3,100,,,reliable,
Accuton,AS190-9-251,12,,,,202,13.5,8.6,1.05,,,49.4,,33.4,26.7,4.75,0.49,0.44,0.46,,9,84,250,,,reliable,
Accuton,AS250-4-552,4,10,,,415.5,12.6,3.5,,,,94.3,,20,162.4,5,0.26,0.247,,,9,92.6,300,,,reliable,
Accuton,AS250-8-552,16,10,,,382,15.3,8,,,,81.5,,20,159,5,0.35,0.327,,,9,87.6,300,,,reliable,
Accuton,AS250-8-552 v2018,8,10,,,382,15.5,7.3,,,,90,,22,119,5,0.38,0.353,,,9,87.6,300,,,reliable,
Accuton,AUTOSOM,4,12,,,466,10.3,2.6,,,,121.2,,19.4,169,7.8,0.36,0.344,,,12.5,92.2,250,,,reliable,
Accuton,C168-6-890,,,,,123,7.5,5.1,0.2,,,21,,41,15,4.42,0.49,0.44,0.71,1.2,5,87,120,,,reliable,
Accuton,C168-6-990,,,,,118,11.7,5.4,0.06,,,16.1,,55,10.3,4.76,0.22,0.21,0.52,,3,93,120,,,reliable,
Accuton,C173-6-191,6,,,,133,8.8,5.9,0.72,,,19.8,,38.6,21.6,5.27,0.37,0.34,0.86,0.91,5,88,120,,,reliable,
Accuton,S220-6-222,,,,,224,10.95,6.52,0.36,,,32.15,,25,89.68,3.83,0.27,0.26,1.26,1.32,5.25,91.5,150,,,reliable,
Accuton,S280-6-282,8,10,,,408,13.9,6.6,,,,65.4,,20,226,4.43,0.28,0.263,,,6,90.9,150,,,reliable,
Accuton,S280-6-282 SANDWICH BASS,8,11,,,408,15.3,6.6,,,,62.5,,22.8,185,4.91,0.28,0.26,,,6,90.8,150,,,reliable,
Adire Audio,SHIVA MK I - DVC Parall&egrave;le,4,12,,,481,9.7,2.8,,,,95.3,,23,163,6.5,0.41,0.386,,,14,93.4,350,,,reliable,
Adire Audio,SHIVA MK II - DVC Parall&egrave;le,4,12,,,481,10.1,2.8,,,,107.4,,22,158,6.2,0.41,0.385,,,14.1,92.7,350,,,reliable,
Adire Audio,TEMPEST DVC 4 Ohms config,4,15,,,779,14.1,3.5,,,,192.3,,18.8,317,6.7,0.4,0.377,,,8.2,92.8,500,,,reliable,
AE Speakers,DIPOLE 10-D16,8,10,,,345,8.6,6.15,,,,53.4,,25.9,118,11,0.72,0.676,,,10.1,87.7,100,,,reliable,
AE Speakers,DIPOLE 12-D4,4,12,,,530,6.1,3.1,,,,54.5,,25.9,273,11,0.73,0.685,,,10,94.2,100,,,reliable,
AE Speakers,DIPOLE 15-D16,16,15,,,855,12.2,12.3,,,,88.8,,21.7,623,15.16,1.002,0.94,,,9.1,88.1,100,,,reliable,
AE Speakers,DIPOLE 15-D4,4,15,,,830,5.9,3.1,,,,83.4,,21.7,623,15.2,1,0.938,,,9.4,94.1,100,,,reliable,
AE Speakers,DIPOLE 18-D8,4,18,,,1218,7.9,3.4,,,,113.5,,22.9,885,8.85,0.89,0.809,,,9.6,96.5,150,,,reliable,
AE Speakers,IB10AU-4,4,10,,,345,8.7,2.7,,,,99.4,,25,68,3.6,0.56,0.485,,,15.3,89.5,500,,,reliable,
AE Speakers,IB10AU-8,8,10,,,345,12.4,5.5,,,,99.4,,25,68,3.6,0.56,0.485,,,15.3,86.4,500,,,reliable,
AE Speakers,IB12AU-4,4,12,,,530,8.6,2.7,,,,108.2,,24,160,3.8,0.59,0.511,,,15.9,92.4,500,,,reliable,
AE Speakers,IB12HT-4,4,12,,,530,8.9,2.8,,,,197.3,,16.8,179.5,4.84,0.74,0.642,,,18.5,87.1,500,,,reliable,
AE Speakers,IB12HT-8,8,12,,,530,12.4,5.5,,,,197.3,,16.8,179.5,4.85,0.74,0.642,,,16.5,84.2,300,,,reliable,
AE Speakers,IB15AU-4,4,15,,,830,8.7,2.7,,,,151.7,,20.4,387,6,0.69,0.619,,,9,93.5,500,,,reliable,
AE Speakers,IB15AU-8,8,15,,,830,12.5,5.5,,,,151.7,,20.4,387,6,0.69,0.619,,,9,90.4,500,,,reliable,
AE Speakers,IB15HT 4 Ohms,4,15,,,830,8.7,2.7,,,,217.2,,16,440,6.8,0.78,0.7,,,9,90.3,300,,,reliable,
AE Speakers,IB18HT-4ohm,4,18,,,1218,11.3,2.8,,,,246.7,,18.4,632.1,5.7,0.63,0.567,,,16.7,94.5,500,,,reliable,
AE Speakers,IB18HT-8,8,18,,,1218,15.9,5.6,,,,246.7,,18.4,632.1,5.74,0.63,0.568,,,16.7,91.5,500,,,reliable,
AE Speakers,LO12-D16,8,12,,,530,10.5,6.15,,,,47.5,,41.9,119.7,15.6,0.7,0.67,,,7.4,94.1,200,,,reliable,
AE Speakers,LO12-D8,4,12,,,530,7.6,3.08,,,,48.5,,27.5,273,10.22,0.45,0.431,,,9,97.1,200,,,reliable,
AE Speakers,LO12-D8 v2016,4,12,,,530,7.5,3.08,,,,48.2,,41.9,117.9,15.6,0.7,0.67,,,7.4,97.1,200,,,reliable,
AE Speakers,LO15,4,15,,,855,7.5,3.1,,,,73.1,,33.8,311,19.4,0.86,0.823,,,7.9,97.5,200,,,reliable,
AE Speakers,LO15-D16,8,15,,,855,10.5,6.15,,,,73.1,,33.8,311,19.4,0.86,0.823,,,7.9,94.6,200,,,reliable,
AE Speakers,SBP10-8,8,10,,,346,13,5.5,,,,109.1,,23.9,68.2,4.15,0.53,0.47,,,14,86.1,500,,,reliable,
AE Speakers,SBP12-8,8,12,,,530,13,5.5,,,,111.9,,23.6,160,4.22,0.54,0.479,,,14,89.5,500,,,reliable,
AE Speakers,SBP15-4,4,15,,,855,11,2.7,,,,157.2,,21.3,364,5.35,0.47,0.432,,,14,95.4,500,,,reliable,
AE Speakers,SBP15-8,8,15,,,855,15.8,5.6,,,,157.2,,21.3,364,5.35,0.47,0.432,,,14,92.3,500,,,reliable,
AE Speakers,TD10S,8,10,,,345,13,5.5,,,,58.7,,32.7,67.5,3.047,0.391,0.347,,,7,91.4,500,,,reliable,
AE Speakers,TD10S v2015,4,10,,,346,10.4,3.5,,,,58.5,,32.7,68,3.04,0.39,0.346,,,7,93.4,500,,,reliable,
AE Speakers,TD10X,8,10,,,345,16.7,7.2,,,,51.1,,35,67.5,4.141,0.289,0.27,,,7,92.4,500,,,reliable,
AE Speakers,TD12H,8,12,,,530,19.5,6.5,,,,87.4,,26.7,160,3.72,0.25,0.234,,,7,93.7,500,,,reliable,
AE Speakers,TD12H8,8,12,,,530,19.5,6.5,,,,87.4,,26.7,160,3.72,0.25,0.234,,,7,93.7,500,,,reliable,
AE Speakers,TD12M,8,12,,,531,16.9,6.6,,,,49.4,,38.1,140,2.988,0.273,0.25,,,6,97.3,500,,,reliable,
AE Speakers,TD12S,8,12,,,530,13.2,5.3,,,,63.2,,31.5,159.4,2.93,0.379,0.336,,,7,94.9,500,,,reliable,
AE Speakers,TD12X,8,12,,,530,16.3,7.2,,,,54.4,,33.9,159.4,2.93,0.314,0.284,,,7,95.4,500,,,reliable,
AE Speakers,TD15H-4,4,15,,,855,14.7,3.5,,,,126,,21,467,4.23,0.27,0.254,,,7,97.6,250,,,reliable,
AE Speakers,TD15M 4 Ohms,4,15,,,855,11.2,2.9,,,,69.1,,34.7,312,5.09,0.35,0.327,,,6,102.1,250,,,reliable,
AE Speakers,TD15S,8,15,,,855,14.1,5.3,,,,106.9,,22.8,467,3.87,0.41,0.371,,,7,95.1,250,,,reliable,
AE Speakers,TD15X 8 Ohms,8,15,,,855,16.5,5.6,,,,103.3,,23.2,467,3.82,0.31,0.287,,,7,96.3,250,,,reliable,
AER,SB 12,8,12,,,530,20.7,6,,,,144.6,,29,82,6.24,0.37,0.349,,,7.1,90.6,300,,,reliable,
AER,SB 18,8,18,,,1200,24,5.5,,,,262.6,,26,288,5.8,0.41,0.383,,,8.3,94.5,500,,,reliable,
AER,STUDIO BASS,8,12,,,590,13.8,5.4,,,,77.9,,21,360,1.3,0.29,0.237,,,5.2,94.3,300,,,reliable,
Alcone,AC 10 HE,8,10,,,346,13.2,6.4,,,,54.2,,28,100,4.1,0.35,0.322,,,3.5,90.9,150,,,reliable,
Alcone,AC 10 SW-4,4,10,,,346,16.2,3.18,,,,113,,28,48,6.52,0.24,0.231,,,5.1,92.4,170,,,reliable,
Alcone,AC 12 SW-8,8,12,,,530,28.4,6.43,,,,178.9,,25.7,84.4,8.49,0.23,0.224,,,4,90.9,250,,,reliable,
Alpine,1242D,4,12,,,480,12.6,2,,,,216.2,,29,45,7.89,0.5,0.47,,,9.1,91.4,1000,,,reliable,
Alpine,6002CX,8,12,,,522,7.1,4,,,,35,,33.5,246.4,9.95,0.58,0.548,,,4.1,97,200,,,reliable,
Alpine,6012CX,4,12,,,515,13.2,3.3,,,,81.8,,44,59.5,11.8,0.43,0.415,,,4.6,96.5,200,,,reliable,
Alpine,6013,4,10,,,346,9.3,3.2,,,,49.2,,30,96,4,0.34,0.313,,,3.8,94.8,100,,,reliable,
Alpine,6015,4,15,,,883,14.4,2.6,,,,126.3,,22,453,1.9,0.22,0.197,,,4.1,100.3,200,,,reliable,
Alpine,6015CX,4,15,,,835,16.2,3.4,,,,116.3,,36,164.2,11.2,0.34,0.33,,,4.1,99.2,200,,,reliable,
Alpine,6126GX,4,12,,,530,7.8,3.3,,,,63.3,,26,233,10.72,0.56,0.532,,,8.2,94.5,200,,,reliable,
Alpine,SWA-10S4,4,10,,,330,12.24,3.6,,,,93.3,,32,41,6.04,0.451,0.42,,,10,86.6,250,,,reliable,
Alpine,SWA-12S4,4,12,,,452,12.41,3.6,,,,120.3,,30,67.79,7.07,0.53,0.49,,,10,87.2,250,,,reliable,
Alpine,SWE-1042,4,10,,,340,11.02,3.6,,,,115.1,,33,33,9.85,0.707,0.66,,,11.7,84.1,250,,,reliable,
Alpine,SWE-1241,4,12,,,490.9,12.1,3.6,,,,146,,31,61,9.68,0.7,0.653,,,11.3,89.6,600,,,reliable,
Alpine,SWE-1242,4,12,,,491,12.08,3.6,,,,147.3,,31,61,9.68,0.708,0.66,,,11.7,85.9,250,,,reliable,
Alpine,SWE-1244E,4,12,,,519,10,3.3,,,,98.4,,31,102.5,3.3,0.631,0.53,,,7.5,88.7,200,,,reliable,
Alpine,SWE1242E,4,12,,,502,15,3.6,,,,152.2,,28,75,3.27,0.43,0.38,,,5.9,91.3,250,,,reliable,
Alpine,SWG-1044,4,10,,,346,11.1,3.6,,,,60.7,,33,65,4.1,0.37,0.34,,,8,89.8,150,,,reliable,
Alpine,SWG-1244,4,12,,,502,15.06,3.6,,,,153.9,,28,75,3.27,0.43,0.38,,,10,87.7,250,,,reliable,
Alpine,SWR-10D2,4,10,,,333,17.9,3.9,,,,227.6,,31,18,7.84,0.54,0.505,,,10,85.1,1000,,,reliable,
Alpine,SWR-10D4,8,10,,,333,23.5,7.6,,,,213.6,,32,18,7.05,0.59,0.544,,,10,82.2,1000,,,reliable,
Alpine,SWR-1241D,2,12,,,467.6,11,1.8,,,,170.7,,28,58,8.31,0.45,0.427,,,6.9,93,1000,,,reliable,
Alpine,SWR-1242D 12,8,12,,,480,24.1,7.4,,,,216.2,,29,45,7.89,0.5,0.47,,,9.1,85.7,1000,,,reliable,
Alpine,SWR-12D2,8,12,,,479,18.7,4,,,,242.9,,27,46,7.1,0.47,0.441,,,10,87.8,750,,,reliable,
Alpine,SWR-1542D,8,15,,,775,28.9,6.9,,,,403.2,,23,100,7.71,0.48,0.452,,,10.3,86.7,750,,,reliable,
Alpine,SWS-1241,4,12,,,490.9,12.9,3.6,,,,146.3,,30,65,9.26,0.6,0.563,,,6.7,90.1,200,,,reliable,
Alpine,SWS-15D2,2,15,,,779,13.4,1.75,,,,276.2,,27,107,8.57,0.46,0.437,,,7.5,95.2,500,,,reliable,
Alpine,SWS-2549,4,10,,,346.4,12.8,3.9,,,,88.1,,31,50.3,8.47,0.41,0.391,,,2.5,90.7,150,,,reliable,
Alpine,SWX-1043D Type-X,8,10,,,360,24.8,7,,,,266,,31,18,6.41,0.59,0.54,,,10.3,82.1,1000,,,reliable,
Alpine,SWX-1243D Type-X,8,12,,,529,24.9,7,,,,310.9,,29,38,7.48,0.64,0.59,,,10.8,84.2,1000,,,reliable,
Altec,3124,8,12,,,505.8,15.6,6.6,,,,71.9,,26,186.9,2.92,0.32,0.288,,,6.4,92.9,250,,,reliable,
Altec,3127,8,12,,,507.5,20,6.4,,,,51.7,,50,70.8,1.37,0.26,0.219,,,3.4,98.3,250,,,reliable,
Altec,3154,8,15,,,823.2,16.1,6.4,,,,97.8,,25,393.6,2.12,0.38,0.322,,,6.4,95,250,,,reliable,
Altec,3156,8,15,,,825.8,18.5,6.1,,,,68.1,,38,246.4,1.4,0.29,0.24,,,3.8,99.8,250,,,reliable,
Altec,3182,8,18,,,1140.6,14.3,6.4,,,,143.9,,18,991.1,1.81,0.51,0.398,,,10.7,93.5,180,,,reliable,
Altec,3182,8,18,,,1152.1,14,6.6,,,,98.2,,20.3,1159.7,1.87,0.42,0.343,,,10.2,96.5,180,,,reliable,
Altec,3184,8,18,,,1138.1,20.9,6.5,,,,115.6,,24,690.9,1.38,0.26,0.219,,,6.4,98.5,300,,,reliable,
Altec,411-8A,8,15,,,822.6,13,6.8,,,,79.8,,18.3,899.3,2.71,0.37,0.326,,,7.1,94.4,100,,,reliable,
Altec,412,8,12,,,530.9,7.5,4.91,,,,38.3,,33.7,230.5,5.377,0.707,0.625,,,3,95,20,,,reliable,
Altec,414 B,16,12,,,507,12.5,8,,,,28.8,,29,377,5,0.27,0.256,,,4,97.3,150,,,reliable,
Altec,414 Z,16,12,,,511,18.5,11.4,,,,34.4,,32,263,4.39,0.23,0.219,,,4,96.2,150,,,reliable,
Altec,4156-8A,8,15,,,850,16.8,5.6,,,,86.2,,29,353.7,2.91,0.31,0.28,,,4.3,98,250,,,reliable,
Altec,415C,8,15,,,883,8.1,4.2,,,,61.2,,24.6,749.2,4.191,0.602,0.526,,,3,97.4,50,,,reliable,
Altec,416-8 Heathkit,8,15,,,825.8,13,7.91,,,,67.1,,26.9,498,3.729,0.533,0.466,,,3.8,94.6,150,,,reliable,
Altec,416-8B,8,15,,,825,15.7,7.5,,,,66.5,,19.7,936,5.73,0.25,0.24,,,3.8,96.8,150,,,reliable,
Altec,416-8B,8,15,,,825,15.7,7.5,,,,66.3,,19.7,936.3,5.73,0.25,0.24,,,3.8,96.8,150,,,reliable,
Altec,416-8B,8,15,,,825.8,16.3,6.5,,,,64.8,,24,648.5,6.4,0.24,0.231,,,3.8,98.6,150,,,reliable,
Altec,416-8B v1,8,15,,,825.8,17.8,6.5,,,,75.7,,23.6,577,5.02,0.23,0.22,,,3.8,98,150,,,reliable,
Altec,416-8B v2,8,15,,,825.8,20.1,6.9,,,,122,,25.1,315,7.05,0.33,0.315,,,3.8,94.4,150,,,reliable,
Altec,416-8B v3,8,15,,,825.8,21.4,6.5,,,,112.1,,24,375,6.4,0.24,0.231,,,3.8,96.2,150,,,reliable,
Altec,416-8C v2009,8,15,,,825.8,16.9,6.55,,,,66.6,,22.9,693.8,6.7,0.22,0.213,,,3.8,98.6,150,,,reliable,
Altec,417-16LF,16,12,,,503.2,17.4,11.5,,,,36.9,,47.7,107,3.59,0.42,0.376,,,1.3,94.8,100,,,reliable,
Altec,418-8H,8,15,,,825.8,15.3,5.5,,,,49.8,,44.8,242.4,2.65,0.33,0.293,,,1.3,101.8,150,,,unreliable,"coupling_failed: Mms free-air radiation-mass correction exceeds 50% of Mms (0.550), check Sd/Mms, stated Mms=49.8 g, computed Mmd=22.4316 g, radiation mass difference=54.96% (limit 50%)"
Altec,418-8LF,8,15,,,825.8,14.3,5.5,,,,55.5,,39.5,279.8,2.51,0.37,0.322,,,1.3,100.3,150,,,reliable,
Altec,418-8LF,8,15,,,855.3,17.9,5.12,,,,80.8,,39,211,2.142,0.315,0.275,,,1.3,99.9,150,,,reliable,
Altec,418-8LF,8,15,,,855.3,18.7,5.19,,,,85.4,,36.3,230.3,2.139,0.288,0.254,,,1.3,99.7,150,,,reliable,
Altec,420-8B,8,15,,,876.2,11.5,4.5,,,,98.2,,30.2,303.6,3.05,0.63,0.522,,,2.6,95.7,25,,,reliable,
Altec,420-8B,8,15,,,876.2,11.1,4.5,,,,80.8,,34.9,277.6,2.88,0.65,0.53,,,2.3,97.1,25,,,reliable,
Altec,420A,8,15,,,825.8,8.7,4.6,,,,59.4,,22.6,798.5,6.59,0.51,0.473,,,2.8,97,25,,,reliable,
Altec,420A,8,15,,,855.3,9.8,4.85,,,,92,,23.6,509.1,2.939,0.684,0.555,,,2.8,94,25,,,reliable,
Altec,420A,8,15,,,855.3,7.6,4.69,,,,82.5,,27.6,413.4,4.49,1.156,0.919,,,2.8,93.1,25,,,reliable,
Altec,420A,8,15,,,855.3,9.5,4.79,,,,91,,26.9,393.7,4.628,0.817,0.694,,,2.8,93.9,25,,,reliable,
Altec,421-16LF,16,15,,,825.8,20,11.5,,,,55.3,,27,600.3,2.79,0.27,0.246,,,1.3,96.8,150,,,reliable,
Altec,421-8H,8,15,,,825.8,16.5,5.5,,,,67.3,,31.5,362.5,2.6,0.27,0.245,,,1.3,99.8,150,,,reliable,
Altec,421-8H-II,8,15,,,825.8,17.5,5.5,,,,61.9,,38.7,261.4,2.3,0.27,0.242,,,1.3,101.1,150,,,reliable,
Altec,421-8H-II,8,15,,,855.3,15.7,5.67,,,,74.8,,26.9,479.3,4.71,0.289,0.272,,,1.3,98.6,150,,,reliable,
Altec,421-8H-II,8,15,,,855.3,15.5,5.49,,,,79.2,,25.6,501.7,6.944,0.292,0.28,,,1.3,98.2,150,,,reliable,
Altec,421-8LF,8,15,,,825.8,13.7,5.5,,,,55.6,,27.5,576,2.75,0.28,0.254,,,1.3,99.9,150,,,reliable,
Altec,425-8H-II,8,10,,,348.4,17.3,5.5,,,,30.6,,73.9,25.8,2.3,0.26,0.234,,,1.3,99.6,60,,,reliable,
Altec,515-16G,16,15,,,847.3,25.1,11.3,,,,53.9,,37,345.5,5,0.225,0.215,,,3,99.4,75,,,unreliable,"coupling_failed: Mms free-air radiation-mass correction exceeds 50% of Mms (0.528), check Sd/Mms, stated Mms=53.9 g, computed Mmd=25.4559 g, radiation mass difference=52.77% (limit 50%)"
Altec,515-8C,8,15,,,870.9,15.1,7.42,,,,55.7,,34.2,414.9,2.432,0.391,0.337,,,4.1,98.6,75,,,unreliable,"coupling_failed: Mms free-air radiation-mass correction exceeds 50% of Mms (0.532), check Sd/Mms, stated Mms=55.7 g, computed Mmd=26.0593 g, radiation mass difference=53.21% (limit 50%)"
Altec,515-8G,8,15,,,848.4,16.4,6.2,,,,53.2,,37,351.1,5,0.284,0.269,,,3.5,101.1,75,,,unreliable,"coupling_failed: Mms free-air radiation-mass correction exceeds 50% of Mms (0.536), check Sd/Mms, stated Mms=53.2 g, computed Mmd=24.7005 g, radiation mass difference=53.57% (limit 50%)"
Altec,515-8GHP,8,15,,,849.5,19.1,5.6,,,,54.6,,37,342.6,4.5,0.195,0.187,,,2.8,103,75,,,unreliable,"coupling_failed: Mms free-air radiation-mass correction exceeds 50% of Mms (0.523), check Sd/Mms, stated Mms=54.6 g, computed Mmd=26.045 g, radiation mass difference=52.30% (limit 50%)"
Altec,515-8LF,8,15,,,825,17.4,6.7,,,,68.5,,27.4,470.1,11.63,0.261,0.255,,,5.1,98.4,125,,,reliable,
Altec,515-8LFE,8,15,,,823.5,16.4,5.5,,,,66.6,,25.7,547.7,2.55,0.22,0.203,,,4.3,99.9,125,,,reliable,
Altec,515B,16,15,,,824.4,27.9,12,,,,70.9,,24.7,557.8,7.5,0.17,0.166,,,4.2,97.2,75,,,reliable,
Altec,515C,16,15,,,824.4,27.9,12,,,,70.9,,24.7,557.8,7.5,0.17,0.166,,,4.2,97.2,75,,,reliable,
Altec,515E,16,15,,,824.4,25.1,12,,,,69.1,,22.9,665.5,7.5,0.19,0.185,,,4.6,96.5,75,,,reliable,
Altec,604-2,8,15,,,825.8,20,7,,,,73.9,,27.1,446,7.1,0.22,0.213,,,3.8,98.6,100,,,reliable,
Altec,604-E,8,15,,,825.8,20,7,,,,73.9,,27.1,446,7.1,0.22,0.213,,,3.8,98.6,100,,,reliable,
Altec,605 A,16,15,,,825.8,20.6,9.3,,,,65,,30.3,405.8,3.01,0.27,0.248,,,2.7,97.5,35,,,reliable,
Altec,617-8A v1,8,12,,,503.2,17.3,6.4,,,,43.7,,28.8,248.1,6.06,0.17,0.165,,,1.3,98.4,60,,,reliable,
Altec,617-8A v2,8,12,,,503.2,18.2,6.4,,,,48.4,,29,220.9,3.38,0.17,0.162,,,1.3,98,60,,,reliable,
Altec,619-8A,8,15,,,825.8,16,6.4,,,,64.4,,24.6,621.3,6.45,0.25,0.241,,,1.3,98.6,75,,,reliable,
Altec,904-8A,8,15,,,804,18.4,5.2,,,,61.4,,30.5,401.5,1.83,0.18,0.164,,,3.3,101.9,150,,,reliable,
Altec,917-8A,8,12,,,503.2,15,5.8,,,,46.1,,45.3,95.1,2.41,0.34,0.298,,,1.3,97.5,60,,,reliable,
Altec,918-8A,8,15,,,825.8,16.7,5.1,,,,61.1,,32.6,372.7,2.27,0.23,0.209,,,1.3,101.4,35,,,reliable,
Altec,921-8A,8,15,,,825.8,16.2,5.1,,,,69.6,,34.1,299,2.24,0.29,0.257,,,5.2,100.1,200,,,reliable,
Altec,927-8A,8,15,,,847.9,17.9,7.3,,,,98.1,,22.9,496.1,2.13,0.32,0.278,,,8.3,95.1,200,,,reliable,
Altec,ER-10,8,10,,,348.4,15.7,6.5,,,,25.6,,75,29.9,3,0.32,0.289,,,2.5,98.8,200,,,reliable,
Altec,ER-12,8,12,,,503.2,15.1,6.5,,,,32.6,,47.7,121.2,3,0.28,0.256,,,2.5,99.6,200,,,reliable,
Altec,ER-12L,8,12,,,501.2,16.1,5.2,,,,35.9,,55,82.1,4.37,0.25,0.236,,,3.3,101.2,200,,,reliable,
Altec,ER-12S,8,12,,,501.2,16.8,5.2,,,,32.1,,70,56.6,7.02,0.26,0.251,,,2.7,102.6,200,,,reliable,
Altec,ER-15,8,15,,,851.6,18.1,5.2,,,,66.9,,42.1,217.2,3,0.28,0.256,,,2.5,101.5,200,,,reliable,
Altec,ER-15B,8,15,,,851.6,16.7,5.2,,,,61.5,,43,226.5,12.89,0.31,0.303,,,3.3,101.5,200,,,reliable,
Altec,ER-15L,8,15,,,851.6,17.8,5.2,,,,56.5,,43,246.4,4.96,0.25,0.238,,,3.3,102.8,200,,,unreliable,"coupling_failed: Mms free-air radiation-mass correction exceeds 50% of Mms (0.507), check Sd/Mms, stated Mms=56.5 g, computed Mmd=27.8391 g, radiation mass difference=50.73% (limit 50%)"
American Bass,DX 10,4,10,,,299,13.731,3.43,,,,131,,36.1,20.7,5,0.54,0.486,,,12,84.4,250,,,reliable,
American Bass,DX 12,4,12,,,471,13.28,3.44,,,,155,,35.6,41.5,5.25,0.677,0.6,,,12,86.2,400,,,reliable,
American Bass,DX 15,4,15,,,765,16.3,3.5,,,,260,,30.4,89.6,4.76,0.634,0.56,,,15,90,500,,,reliable,
American Bass,SL 104,4,10,,,314,11.53,3.69,,,,99.1,,33.6,26.8,4.931,0.58,0.52,,,8.5,84.3,250,,,reliable,
American Bass,SL 124,4,12,,,491,10.65,3.44,,,,101.7,,31.5,85.7,5.295,0.61,0.543,,,8.5,88.3,250,,,reliable,
Ardan,PRO W-31,8,12,,,551,13.2,7,,,,47.7,,36.4,170.6,2.922,0.439,0.382,,,4,95.3,200,,,reliable,
Ardan,PRO W-38,8,15,,,825.8,14.2,7.22,,,,60.9,,39.5,254.7,7.994,0.545,0.51,,,4.5,97,200,,,reliable,
Ardan,W PRO-31,8,12,,,498.8,13.5,6.9,,,,48.7,,36.8,133.9,2.935,0.427,0.373,,,6,94.6,200,,,reliable,
Artech,ART33.2,8,12,,,507,10.8,6.7,,,,50.7,,23,340,1.65,0.42,0.335,,,7,92.7,100,,,reliable,
Artech,SP25/100,8,10,,,346,11.7,6.2,,,,67.7,,27,86.1,2.38,0.517,0.425,,,6.5,88.2,100,,,reliable,
Artech,SPC-254,8,10,,,346,11.7,7.1,,,,58.5,,38.5,49,1.94,0.74,0.536,,,5.3,88.3,150,,,reliable,
Artech,SPC-303,8,12,,,506,12.4,7.1,,,,84.2,,28.9,129,1.62,0.71,0.494,,,6,88.9,200,,,reliable,
Artech,SPM-303,8,12,,,496,22.5,7.1,,,,102.2,,30,95,2.4,0.27,0.243,,,3.6,92.3,100,,,reliable,
Ascendant Audio,15 DUAL 1 Ohms,1,15,,,810,14.6,0.7,,,,472.9,,29.9,55.1,5.03,0.29,0.274,,,9.4,99.6,2500,,,reliable,
Ascendant Audio,15 DUAL 2 Ohms,2,15,,,810,20.3,1.35,,,,466.7,,30.1,55.1,4.99,0.29,0.274,,,9.4,96.9,2500,,,reliable,
Ascendant Audio,18 DUAL 1 Ohms,1,18,,,1210,14.5,0.7,,,,515.6,,29.7,114.3,5.45,0.32,0.302,,,12.2,102.3,4000,,,reliable,
Ascendant Audio,18 DUAL 2 Ohms,2,18,,,1210,20.1,1.35,,,,515.6,,29.7,114.3,5.43,0.32,0.302,,,12.1,99.4,4000,,,reliable,
Ascendant Audio,HAVOC 12 D2,2,12,,,480,13.6,1.4,,,,249.3,,33.7,28.9,7.09,0.4,0.379,,,8.2,94,1000,,,reliable,
Ascendant Audio,MAYHEM 12 D2,2,12,,,480,17.4,1.4,,,,241.4,,39.7,21.5,5.68,0.28,0.267,,,8.5,96.4,2500,,,reliable,
ATC,PA100-375 BLC,8,15,,,900,27.1,5.4,,,,110.3,,47,118,2.9,0.24,0.222,,,1.7,100.8,100,,,reliable,
ATC,PA100-375 STD,8,15,,,820,13.8,5.4,,,,98.7,,26,358,2.1,0.459,0.377,,,5.6,95.1,100,,,reliable,
ATC,PA50-234 8 BASS HR,8,10,,,300,16.2,5.4,,,,44.7,,63,18,1.8,0.366,0.304,,,1.4,94.6,50,,,reliable,
ATC,PA50-234 8 STD LS,8,10,,,300,11.8,5.4,,,,26.6,,68,26,1.3,0.438,0.328,,,1.6,96.4,50,,,reliable,
ATC,PA50-314 16 BASS,16,12,,,550,20,11.5,,,,47.4,,71,45,1.9,0.606,0.459,,,1.3,94.6,50,,,reliable,
ATC,PA50-314 8 BASS,8,12,,,550,17.5,5.4,,,,48,,69,47,1.9,0.369,0.309,,,1.2,99.9,50,,,reliable,
ATC,PA50-314 8 BASS R,8,12,,,550,16.3,5.4,,,,55,,54,67,2.1,0.377,0.32,,,1.6,98.2,50,,,reliable,
ATC,PA50-314 8 STD LS,8,12,,,550,16.8,5.4,,,,51,,70,43,1.9,0.427,0.349,,,1.2,99.1,50,,,reliable,
ATC,PA75-234 BASS,8,10,,,300,13.9,5.4,,,,43.2,,58,22,1.5,0.442,0.341,,,2,93.6,75,,,reliable,
ATC,PA75-234 BLC,8,10,,,300,14.4,5.4,,,,40.3,,49,33,1.5,0.325,0.267,,,2.4,94.5,75,,,reliable,
ATC,PA75-234 BLCR,8,10,,,300,15.4,5.4,,,,55.5,,27,79,1.2,0.213,0.181,,,4,92.3,75,,,reliable,
ATC,PA75-234 STD,8,10,,,300,15.1,5.4,,,,30.9,,78,17,2.6,0.359,0.315,,,1.6,97.2,75,,,reliable,
ATC,PA75-234 STD LS,8,10,,,300,16.7,5.4,,,,41.7,,59,22,2.3,0.3,0.265,,,1.9,95.5,75,,,reliable,
ATC,PA75-314 BASS,8,12,,,550,18.5,5.4,,,,61.7,,59,50,1.5,0.362,0.292,,,1.5,98.2,75,,,reliable,
ATC,PA75-314 BLC,8,12,,,550,21,5.4,,,,63,,59,49,1.3,0.285,0.234,,,1.3,99.2,75,,,reliable,
ATC,PA75-314 BLCR,8,12,,,550,20.2,5.4,,,,68.9,,45,77,1.2,0.257,0.212,,,1.8,98,75,,,reliable,
ATC,PA75-314 STD,8,12,,,550,17.9,5.4,,,,64.8,,57,51,2.4,0.393,0.338,,,1.8,97.5,75,,,reliable,
ATC,PA75-314 STD LS,8,12,,,550,19.4,5.4,,,,60.9,,71,35,2.5,0.391,0.338,,,1.3,98.7,75,,,reliable,
ATC,PA75-375,8,15,,,733.4,16.3,6.2,,,,73.3,,41,155,1.7,0.44,0.35,,,2.7,96.9,75,,,reliable,
ATC,PA75-375 BASS,8,15,,,820,17,5.4,,,,91.6,,41,155,1.7,0.443,0.351,,,2.4,97.5,75,,,reliable,
ATC,PA75-375 BLC,8,15,,,820,20.8,5.4,,,,97.7,,53,87,1.8,0.407,0.332,,,1.5,98.7,75,,,reliable,
ATC,PA75-375 STD,8,15,,,820,19.1,5.4,,,,80.9,,60,82,3.3,0.452,0.398,,,1.6,99.6,75,,,reliable,
ATC,SB100-375SC,8,15,,,980,16.3,5.4,,,,99.7,,30,380,2.1,0.38,0.322,,,4.2,98,100,,,reliable,
ATC,SB75-234 LC,8,10,,,340,14.1,6.5,,,,50.6,,26,120,1.3,0.27,0.224,,,5,91.8,75,,,reliable,
ATC,SB75-234 LC,8,10,,,300,17.3,5.4,,,,67.5,,26,70,1.1,0.2,0.169,,,3.7,91.6,75,,,reliable,
ATC,SB75-234 LC,8,10,,,340,12.9,5.4,,,,50.6,,26,120,0.22,0.27,0.121,,,2.4,92.6,75,,,reliable,
ATC,SB75-234 SC,8,10,,,340,10.3,5.4,,,,49.6,,30,92,2,0.48,0.387,,,5,90.8,75,,,reliable,
ATC,SB75-234 SC,8,10,,,300,11.9,6.6,,,,43.8,,31,76,1.7,0.4,0.324,,,5,90.3,75,,,reliable,
ATC,SB75-314 SC,8,12,,,550,14.7,5.4,,,,82.9,,23,245,1.5,0.3,0.25,,,5,93.7,75,,,reliable,
Atohm,D300P04,4,12,,,472,13.4,3.5,,,,108.3,,26.5,104,5.75,0.35,0.33,,,7,93,200,,,reliable,
Atohm,D300P04 v2008,4,12,,,472,13.6,3.5,,,,107.8,,29.7,83.2,4.87,0.38,0.352,,,6.4,93.2,200,,,reliable,
Atohm,D300P04 v2019,4,12,,,472,13.6,3.5,,,,107.8,,29.7,83.2,4.87,0.38,0.352,,,6.4,93.2,200,,,reliable,
ATS Acoustics,HG25,8,10,,,350,10.7,5.8,,,,40,,29,129.3,2.65,0.37,0.325,,,4,92.7,150,,,reliable,
ATS Acoustics,HG25,8,10,,,346,13.6,5.8,,,,50.8,,29.8,94.2,2.07,0.298,0.26,,,4,92.6,150,,,reliable,
Audax,180040A,16,12,,,572,19.4,11.3,,,,96.6,,22.4,239.6,8.71,0.41,0.392,,,8,88.7,150,,,reliable,
Audax,21PA12 RV,4,10,,,283,3.1,3.65,,,,15.1,,57.2,57.6,4.926,2.079,1.462,,,1,92.5,10,,,reliable,
Audax,330,8,12,,,534,12.6,6.18,,,,46.7,,48.1,93.7,3.253,0.546,0.468,,,4.5,95.9,150,,,reliable,
Audax,330,8,12,,,540,13.8,6.21,,,,56.9,,45.8,86.8,3.105,0.532,0.454,,,4.3,95,150,,,reliable,
Audax,BMP402,8,15,,,880,20.3,5.8,,,,98.7,,38,193,5.3,0.33,0.311,,,4,98.4,250,,,reliable,
Audax,Excitation 28V,4,12,,,530,5.4,3.6,,,,22.6,,148.6,20,19.95,2.63,2.324,,,0.5,99.4,80,,,unreliable,"coupling_failed: Mms free-air radiation-mass correction exceeds 50% of Mms (0.623), check Sd/Mms, stated Mms=22.6 g, computed Mmd=8.52818 g, radiation mass difference=62.26% (limit 50%)"
Audax,F30PA12,8,15,,,670,7.3,6.8,,,,30.5,,78,86,8.3,1.93,1.566,,,1,95.9,50,,,unreliable,"coupling_failed: Mms free-air radiation-mass correction exceeds 50% of Mms (0.656), check Sd/Mms, stated Mms=30.5 g, computed Mmd=10.4991 g, radiation mass difference=65.58% (limit 50%)"
Audax,HD24S34HSMC,8,10,,,301,8.7,6.4,,,,22.1,,24,253.2,3.44,0.28,0.259,,,4,93.9,60,,,reliable,
Audax,HD24S34KC,8,10,,,301,6.2,6.4,,,,22,,24,254,3.44,0.55,0.474,,,4,91,60,,,reliable,
Audax,HD24S45TSM-C-2CA14,8,10,,,301,9.7,6.3,,,,24.8,,27,178,3.25,0.28,0.258,,,4,94,60,,,reliable,
Audax,HD24S45TSM-C-4CA14,8,10,,,301,7.9,6.4,,,,32,,23,190,4.06,0.47,0.421,,,4,89.9,80,,,reliable,
Audax,HD30P45TSMC,8,12,,,530,10.6,5.2,,,,55,,17,627,1.62,0.27,0.231,,,4.5,94.4,90,,,reliable,
Audax,HD30P45TSMC2CA15,8,12,,,530,10.6,5.2,,,,55,,17,627,1.62,0.27,0.231,,,4.5,94.4,90,,,reliable,
Audax,HD33S66,8,12,,,530,16.7,5.8,,,,51.2,,24,338,1.59,0.16,0.145,,,3.5,98,150,,,reliable,
Audax,HD33S66,8,12,,,517.2,9.7,6.16,,,,25.9,,28.8,441.3,2.286,0.309,0.272,,,9.9,98.5,150,,,unreliable,"coupling_failed: Mms free-air radiation-mass correction exceeds 50% of Mms (0.524), check Sd/Mms, stated Mms=25.9 g, computed Mmd=12.3349 g, radiation mass difference=52.38% (limit 50%)"
Audax,HD33S66,8,12,,,530,15,7.44,,,,64.7,,26,228,1.57,0.35,0.286,,,3.5,92.9,150,,,reliable,
Audax,HD33S66,8,12,,,530,14.1,7.59,,,,53.9,,24,321,2.15,0.311,0.272,,,3.5,93.8,150,,,reliable,
Audax,HD35S66,8,15,,,687,13.7,5.4,,,,70.4,,18,735,4,0.23,0.217,,,5,96.4,120,,,reliable,
Audax,HD38S100,8,15,,,880,22.7,5.5,,,,129.8,,15,941.7,4.39,0.13,0.126,,,3.5,97.5,200,,,reliable,
Audax,HIF24F-2CA12,8,10,,,339,5.4,6.8,,,,17.4,,35,191.8,3.15,0.89,0.694,,,3.5,92.3,40,,,reliable,
Audax,HIF24FSMC-2CA12,8,10,,,301,5.4,6.5,,,,19.5,,29,196.5,3.81,0.8,0.661,,,3,90.7,40,,,reliable,
Audax,HIF24FSMC-2CA12 v2,8,10,,,301,5.7,6.5,,,,22.3,,29,171.6,3.81,0.8,0.661,,,5,90.1,40,,,reliable,
Audax,HIF24HS,4,10,,,344.7,4.5,2.72,,,,10.8,,67.6,85.3,2.447,0.63,0.501,,,2.5,102.9,30,,,unreliable,"coupling_failed: Mms free-air radiation-mass correction exceeds 50% of Mms (0.683), check Sd/Mms, stated Mms=10.8 g, computed Mmd=3.41929 g, radiation mass difference=68.34% (limit 50%)"
Audax,HIF24HS,8,10,,,298.7,9.2,5.5,,,,24,,33.6,117,1.62,0.33,0.274,,,3.5,94.9,30,,,reliable,
Audax,HIF24HSMC-2CA12,8,10,,,301,7.1,6.5,,,,19.5,,29,196.5,3.81,0.46,0.41,,,1,93.1,40,,,reliable,
Audax,HIF24HSMC-2CA12 v2,8,10,,,301,7.6,6.5,,,,22.3,,29,171.6,3.81,0.46,0.41,,,5,92.5,40,,,reliable,
Audax,HIF24HSMC-4CA12,8,10,,,301,9.8,6.8,,,,21.8,,27,202.8,3.73,0.26,0.243,,,0.5,94.5,40,,,reliable,
Audax,HIF24HSMC-4CA12 v2,8,10,,,301,10.4,6.8,,,,24.6,,27,179.6,3.73,0.26,0.243,,,5,94,40,,,reliable,
Audax,HIF24J37C-2CA12,8,10,,,339,6.5,7.24,,,,12.2,,40,208.3,2.93,0.53,0.449,,,4,96.4,40,,,unreliable,"coupling_failed: Mms free-air radiation-mass correction exceeds 50% of Mms (0.590), check Sd/Mms, stated Mms=12.2 g, computed Mmd=5.0016 g, radiation mass difference=59.00% (limit 50%)"
Audax,HIF24J37SM-2CA9,8,10,,,305,6.2,6.8,,,,22,,32,146.9,3.6,0.78,0.641,,,2.5,90.6,40,,,reliable,
Audax,HIF24JSMC-2CA12,8,10,,,301,6.7,6.8,,,,19.5,,29,196.5,3.81,0.54,0.473,,,3.5,92.2,40,,,reliable,
Audax,HIF24JSMC-4CA12,8,10,,,301,9,6.8,,,,21.8,,27,202.8,3.73,0.31,0.286,,,2,93.8,40,,,reliable,
Audax,HIF30HSMC,8,12,,,530,9.5,7.3,,,,42.8,,19,645.5,0.78,0.41,0.269,,,4,92.7,50,,,reliable,
Audax,HIF30HSMC-2CA14,8,12,,,530,9.7,5.3,,,,42.8,,19,645.4,4.43,0.29,0.272,,,4,95.6,50,,,reliable,
Audax,HT240A0,8,10,,,359,9,7.2,,,,25.7,,42,101,2.68,0.6,0.49,,,2.4,93.4,60,,,reliable,
Audax,HT240G0,4,10,,,321.4,7.3,2.9,,,,42.8,,48.9,35.8,10.01,0.72,0.672,,,5.5,94,160,,,reliable,
Audax,HT240G4,4,10,,,324,11,3,,,,71,,28,67,11.8,0.31,0.302,,,8,93,200,,,reliable,
Audax,HT240HM0,8,10,,,340,7.4,6.3,,,,23.5,,28,223,1.81,0.47,0.373,,,4.5,93.2,80,,,reliable,
Audax,HT240M0,8,10,,,332.9,7.3,6.3,,,,22.5,,28,223.1,1.81,0.47,0.373,,,4.5,93.2,80,,,reliable,
Audax,HT240M0,8,10,,,340,8.4,6.3,,,,31.6,,27.5,172,2.451,0.484,0.404,,,4.5,91.7,80,,,reliable,
Audax,HT240T0,8,10,,,351,8.7,6.8,,,,19.9,,80,34.3,2.44,0.9,0.657,,,1.5,95.6,80,,,reliable,
Audax,HT240Z0,4,10,,,358,9.8,3.6,,,,40.6,,40,70,12.4,0.38,0.369,,,4,96.2,90,,,reliable,
Audax,HT300G0,4,12,,,522.7,11,3.2,,,,92.2,,36.8,77.7,10.39,0.56,0.531,,,6.6,94.4,225,,,reliable,
Audax,HT300M2,8,12,,,539.5,9.1,5.4,,,,38.6,,17,927,1.88,0.27,0.236,,,5,96,120,,,reliable,
Audax,HT300Z2,4,12,,,539,10.8,3.23,,,,64.1,,31.5,162.5,9.1,0.35,0.337,,,5.9,97.5,120,,,reliable,
Audax,HT300Z4,4,12,,,514.7,11.1,3,,,,78,,25,193,6.9,0.3,0.288,,,4,96.3,100,,,reliable,
Audax,LFH507,8,12,,,530,7.4,5.4,,,,48.6,,20,513.5,2.47,0.6,0.483,,,4.5,92,100,,,reliable,
Audax,LFH508,8,12,,,491,11.2,5.2,,,,36,,32,232,2.75,0.3,0.27,,,2.5,97.9,100,,,reliable,
Audax,LFP501,8,12,,,530,9.6,5.6,,,,45.2,,40,138,2.13,0.69,0.521,,,4.5,94.6,150,,,reliable,
Audax,LFP502,8,12,,,530,15.7,5.8,,,,64.9,,24,267,2.17,0.23,0.208,,,3.5,95.4,150,,,reliable,
Audax,LFP504,8,15,,,880,21.9,5.8,,,,109.9,,36,193,4.7,0.3,0.282,,,5.5,98.2,350,,,reliable,
Audax,MHD24B45T2CP14,8,10,,,370,9.4,6,,,,33.8,,23,272,4.05,0.33,0.305,,,4,93.2,80,,,reliable,
Audax,MHD24P45T2CP14,8,10,,,370,9.4,6,,,,33.4,,23,275,4.05,0.33,0.305,,,4,93.3,80,,,reliable,
Audax,MHD24P45TSM2CA14,8,10,,,370,11.1,6.8,,,,31.8,,27,209.6,1.9,0.3,0.259,,,4,94.1,80,,,reliable,
Audax,MHD24P66USM2CA14,8,10,,,370,16.8,5.9,,,,42.3,,27,157.6,1.53,0.15,0.137,,,3.2,96.5,150,,,reliable,
Audax,PR240M0,8,10,,,357.7,7.1,6.1,,,,23.6,,32,188,6.13,0.58,0.53,,,4,93.4,100,,,reliable,
Audax,PR240M6,8,10,,,361.7,9.4,5.37,,,,33.8,,26.9,190.3,2.37,0.35,0.305,,,3,93.9,100,,,reliable,
Audax,PR240M6 v2014,8,10,,,360,10.3,5.5,,,,35.6,,25,207,2.5,0.29,0.26,,,4,94.1,100,,,reliable,
Audax,PR240SB,8,10,,,340,8.8,6.3,,,,36.3,,27,155,6.23,0.496,0.459,,,4,90.9,80,,,reliable,
Audax,PR240T0,4,10,,,344,7.9,3.4,,,,25.2,,90,20.6,3.43,0.77,0.629,,,1.8,98.6,80,,,reliable,
Audax,PR240T4,8,10,,,360,16.8,6.2,,,,24.8,,30,206,3.9,0.103,0.1,,,3,100.4,100,,,reliable,
Audax,PR240Z0,8,10,,,380.1,13.7,6.5,,,,51.1,,35,82,11.37,0.39,0.377,,,4,92.4,100,,,reliable,
Audax,PR240Z0,8,10,,,358,13.2,6,,,,57.8,,31,82,11.7,0.39,0.377,,,4,91.2,100,,,reliable,
Audax,PR240Z2,4,10,,,340,10.4,3.2,,,,58.6,,25,112,8.1,0.27,0.261,,,5,94.1,100,,,reliable,
Audax,PR24LXT100,8,10,,,340,10.4,7.1,,,,22.5,,63,46,2.6,0.58,0.474,,,3,95.5,100,,,reliable,
Audax,PR24ST150,8,10,,,340,15.6,5.8,,,,39.8,,49,43,2.8,0.29,0.263,,,3.5,95.8,150,,,reliable,
Audax,PR300 MO AP,8,12,,,510,8.1,6.8,,,,32.3,,25,457,4.2,0.527,0.468,,,4.4,94,100,,,reliable,
Audax,PR300M0,8,12,,,521,8.5,5.7,,,,33,,17,1012,3.55,0.28,0.26,,,4,95.9,150,,,reliable,
Audax,PR300M0,8,12,,,521,11.6,6.87,,,,57.7,,26.9,231,4.67,0.495,0.448,,,4.4,92.2,100,,,reliable,
Audax,PR300T0,8,12,,,544,7.6,5.9,,,,32.1,,48,142,5.17,0.98,0.824,,,3.5,95.4,100,,,reliable,
Audax,PR300T2,4,12,,,540,8.7,3.3,,,,41,,51,97,3.89,0.57,0.497,,,2,99.4,100,,,reliable,
Audax,PR300T4,2,12,,,563,6.8,1.5,,,,38.5,,50,117,4.25,0.39,0.357,,,4,105,350,,,reliable,
Audax,PR300T4,8,12,,,521,15.3,6,,,,65.2,,36,114,4.23,0.38,0.349,,,4,94.7,350,,,reliable,
Audax,PR300T4 s&eacute;rie,8,12,,,517,9.3,6.8,,,,31.5,,37,220,5.8,0.57,0.519,,,4,95.6,350,,,reliable,
Audax,PR30ST100,8,12,,,530,9.6,5.6,,,,45.2,,40,138,2.13,0.69,0.521,,,4.5,94.6,100,,,reliable,
Audax,PR330M0,8,12,,,538,13.5,5.8,,,,49.7,,28,264,6.69,0.28,0.269,,,4,96.5,150,,,reliable,
Audax,PR330M0,8,12,,,538,17.5,5.96,,,,75.5,,37.7,95.9,5.51,0.347,0.326,,,4,95,150,,,reliable,
Audax,PR330M0,8,12,,,538,18,6.14,,,,74.3,,33.7,122.2,6.28,0.298,0.284,,,4,95.1,150,,,reliable,
Audax,PR330M0 + PR33S66,8,12,,,538,23.5,5.8,,,,97.6,,30,117,1.56,0.193,0.172,,,3.6,95.5,150,,,reliable,
Audax,PR330M0 v2014,8,12,,,538,18.5,6,,,,73.1,,26,208,6.1,0.21,0.203,,,4,95.6,150,,,reliable,
Audax,PR330T0,8,12,,,538,14.1,6,,,,46.1,,55,73.7,4.67,0.48,0.435,,,3.7,97.3,150,,,reliable,
Audax,PR330T2 4 Ohms,4,12,,,538,10.2,2.7,,,,58.6,,46.8,80.1,1.65,0.45,0.354,,,3.4,99.3,150,,,reliable,
Audax,PR330T4,8,12,,,495.4,22.3,5.8,,,,79.4,,50,43.9,1.54,0.29,0.244,,,3.4,96.1,350,,,reliable,
Audax,PR33LXT250,8,12,,,530,20.6,5.8,,,,76.8,,48.6,55,10.8,0.32,0.311,,,3.9,96.3,250,,,reliable,
Audax,PR33S100,8,12,,,530,21.8,5.87,,,,59.3,,36.8,124.3,4.39,0.17,0.164,,,3.8,98.9,200,,,reliable,
Audax,PR33S100,8,12,,,530,23.4,5.85,,,,59.5,,35,136.9,4.42,0.14,0.136,,,3.8,99.6,200,,,reliable,
Audax,PR33S66,8,12,,,530,17.2,5.8,,,,51.7,,30,214.4,1.56,0.19,0.169,,,3.8,98.2,150,,,reliable,
Audax,PR33SM150,8,12,,,530,15.7,5.8,,,,64.9,,24,267,2.17,0.23,0.208,,,3.5,95.4,150,,,reliable,
Audax,PR33ST150,8,12,,,530,15.6,5.8,,,,52.4,,46,90,3.6,0.36,0.327,,,3.5,97.2,150,,,reliable,
Audax,PR380M0,8,15,,,900,18.4,6.1,,,,101.3,,20,710,4.83,0.23,0.22,,,3.8,97.1,150,,,reliable,
Audax,PR380M2,8,15,,,917.8,26.8,5.8,,,,140.4,,23.8,376,1.39,0.17,0.151,,,5.5,98.1,350,,,reliable,
Audax,PR380M2 v2009,8,15,,,900,23.8,5.8,,,,121.1,,25,380,12,0.194,0.191,,,5.5,98.2,350,,,reliable,
Audax,PR380T0,8,15,,,883.9,14.4,6,,,,78.9,,52,130,4.13,0.75,0.635,,,3.3,97.1,150,,,reliable,
Audax,PR380T0,8,15,,,883.9,16,5.5,,,,78.9,,50.5,137.8,3.72,0.54,0.472,,,3.3,98.8,150,,,reliable,
Audax,PR380T0,8,15,,,883.9,15.8,5.6,,,,78.9,,56.9,108.5,3.63,0.63,0.537,,,2.8,98.6,150,,,reliable,
Audax,PR380T10,8,15,,,888.2,23.5,5.6,,,,109,,49,107,4.06,0.34,0.314,,,3.7,99.2,350,,,reliable,
Audax,PR380T2,4,15,,,892,13.7,3.1,,,,113.6,,52,92,3.62,0.61,0.522,,,2.7,99.4,150,,,reliable,
Audax,PR380T4,8,15,,,883.1,23,5.6,,,,107.8,,49,107,4.06,0.35,0.322,,,3.8,99.1,350,,,reliable,
Audax,PR380T6,4,15,,,883.9,26.1,3.3,,,,129.7,,58.1,63.4,1.89,0.23,0.205,,,2,103.2,350,,,reliable,
Audax,PR380W0,8,15,,,892,23.3,4.9,,,,59.8,,50,189,2.22,0.17,0.158,,,3.2,105.5,350,,,unreliable,"coupling_failed: Mms free-air radiation-mass correction exceeds 50% of Mms (0.514), check Sd/Mms, stated Mms=59.8 g, computed Mmd=29.0756 g, radiation mass difference=51.38% (limit 50%)"
Audax,PR38EX100VST,8,15,,,878.2,21.7,5.83,,,,102,,47.7,117.9,16.88,0.38,0.372,,,3.9,98.6,250,,,reliable,
Audax,PR38EX100VST,8,15,,,878.2,21.7,5.83,,,,102,,47.7,117.9,16.88,0.38,0.372,,,0.5,98.6,250,,,reliable,
Audax,PR38EX100VST,8,15,,,878.2,21.7,5.83,,,,102,,47.7,117.9,16.88,0.38,0.372,,,1,98.6,250,,,reliable,
Audax,PR38EX100VST,8,15,,,878.2,21.7,5.83,,,,102,,47.7,117.9,16.88,0.38,0.372,,,2,98.6,250,,,reliable,
Audax,PR38EX100VST,8,15,,,878.2,20.7,5.9,,,,102,,44.1,137.8,12.28,0.39,0.378,,,4,98.1,250,,,reliable,
Audax,PR38EX100VST,8,15,,,878.2,22.4,6.2,,,,102.3,,49.1,111,12.14,0.39,0.378,,,3.7,98.4,250,,,reliable,
Audax,PR38EX66UST,8,15,,,880,15.9,5.8,,,,81.7,,33,309,2.94,0.39,0.344,,,4,97.9,150,,,reliable,
Audax,PR38LEX100VST,8,15,,,880,21,5.9,,,,83,,38.7,221.1,5.59,0.27,0.258,,,4,100.1,250,,,reliable,
Audax,PR38LEX100VST,8,15,,,880,18,5.7,,,,79.9,,42,195,4.69,0.37,0.343,,,3.5,99.4,250,,,reliable,
Audax,PR38LXT250,8,15,,,880,20.3,5.8,,,,75.3,,43.5,193,4.7,0.29,0.273,,,4,100.8,250,,,reliable,
Audax,PR38S100,8,15,,,882,22.9,5.5,,,,113.4,,24,423,3.47,0.18,0.171,,,4,98.7,200,,,reliable,
Audax,PR38S100VST,8,15,,,880,23.3,6.1,,,,115.8,,33,218.1,1.9,0.27,0.236,,,4,97.8,200,,,reliable,
Audax,PR38S100VST,8,15,,,880,24,6.3,,,,129.4,,33.8,186,6,0.3,0.286,,,4,96.8,200,,,reliable,
Audax,PR38S100VST,8,15,,,880,21.7,5.79,,,,128,,30.3,234,5.89,0.299,0.285,,,4,96.8,200,,,reliable,
Audax,PR38SM250,8,15,,,880,20.8,5.8,,,,109.6,,19.5,660,9.1,0.18,0.177,,,4,97.7,250,,,reliable,
Audax,PR38ST250,8,15,,,880,20.3,5.8,,,,98.7,,38,193,5.3,0.33,0.311,,,4.9,98.4,250,,,reliable,
Audax,PR38ST350,8,15,,,880,22.3,5.8,,,,109.9,,36,193,8.4,0.29,0.28,,,5.5,98.3,350,,,reliable,
Audax,PR38XM150,8,15,,,880,15.8,5.8,,,,104.8,,19.5,690,2.7,0.3,0.27,,,3.5,95.7,150,,,reliable,
Audax,PR38XT150,8,15,,,880,15.6,5.8,,,,72.3,,43.6,200,4,0.47,0.421,,,3.5,98.9,150,,,reliable,
Audax,PR38XT250,8,15,,,880,20.3,5.8,,,,98.7,,38,193,5.3,0.33,0.311,,,4,98.4,250,,,reliable,
Audax,PR38XT350,8,15,,,880,22.3,5.8,,,,109.9,,36,193,8.4,0.29,0.28,,,5.5,98.3,350,,,reliable,
Audax,SON28-T5,8,10,,,350,5.8,4.3,,,,10.6,,38,285,4.2,0.32,0.297,,,1,101.6,30,,,unreliable,"coupling_failed: Mms free-air radiation-mass correction exceeds 50% of Mms (0.712), check Sd/Mms, stated Mms=10.6 g, computed Mmd=3.04841 g, radiation mass difference=71.24% (limit 50%)"
Audax,SON28A,8,10,,,344,10.1,7.92,,,,40.9,,30,114.2,3.125,0.603,0.505,,,4,89.1,30,,,reliable,
Audax,SON30H,8,15,,,670,7.3,6.8,,,,30.5,,78,86,8.3,1.93,1.566,,,0.7,95.9,25,,,unreliable,"coupling_failed: Mms free-air radiation-mass correction exceeds 50% of Mms (0.656), check Sd/Mms, stated Mms=30.5 g, computed Mmd=10.4991 g, radiation mass difference=65.58% (limit 50%)"
Audax,T24PR15,8,10,,,328.4,8.6,5.5,,,,11.7,,51.6,123,3.19,0.28,0.257,,,2,101.4,30,,,unreliable,"coupling_failed: Mms free-air radiation-mass correction exceeds 50% of Mms (0.587), check Sd/Mms, stated Mms=11.7 g, computed Mmd=4.83657 g, radiation mass difference=58.66% (limit 50%)"
Audax,VE6X9FO,4,15,,,753,22.8,3.1,,,,301.3,,45,33,2.61,0.51,0.427,,,2.4,93.8,250,,,reliable,
Audax,WFR24,8,10,,,313.3,7,4.25,,,,22.7,,23.4,280,1.28,0.29,0.236,,,4,95.7,30,,,reliable,
Audax,WFR24 Ticonal,8,10,,,323.7,8,7.06,,,,25.5,,30,162.4,3.3,0.53,0.457,,,4,91.7,30,,,reliable,
Audax,WOOFEX 34,8,15,,,754.8,20,6,,,,43.7,,26.6,653.8,1.92,0.11,0.104,,,4,103.7,100,,,unreliable,"coupling_failed: Mms free-air radiation-mass correction exceeds 50% of Mms (0.547), check Sd/Mms, stated Mms=43.7 g, computed Mmd=19.7842 g, radiation mass difference=54.73% (limit 50%)"
Audio Dynamique,320/75,8,12,,,460,14.1,5.6,,,,63.3,,32,116,6.6,0.36,0.341,,,5,93.8,150,,,reliable,
Audio Dynamique,75IC,8,31.5,,,2996,26,5.99,,,,343.8,,15.2,4023.2,6.12,0.29,0.277,,,9,100.1,250,,,unreliable,"coupling_failed: Mms free-air radiation-mass correction exceeds 50% of Mms (0.550), check Sd/Mms, stated Mms=343.8 g, computed Mmd=154.675 g, radiation mass difference=55.01% (limit 50%)"
Audio Dynamique,AD31TPA12G,8,12,,,543,9.3,5.1,,,,35.3,,37.2,213.6,5.2,0.49,0.448,,,5,97.5,150,,,reliable,
Audio Dynamique,AD380PM100,8,15,,,834,17.3,7.56,,,,71.7,,25.5,530,2.53,0.29,0.26,,,5,97,200,,,reliable,
Audio Nirvana,12AL,8,12,,,500,7.8,7.2,,,,27.5,,37,236,4.786,0.752,0.65,,,3,94.5,30,,,reliable,
Audio Nirvana,CLASSIC 10 ALNICO,8,10,,,344,7.7,7.2,,,,20.5,,40.6,124.6,4.93,0.63,0.559,,,1.3,93.7,45,,,reliable,
Audio Nirvana,CLASSIC 10 FERRITE,8,10,,,344,11.3,7.2,,,,21.2,,33.1,180.6,4.52,0.25,0.237,,,1,96.6,45,,,reliable,
Audio Nirvana,CLASSIC 12,8,12,,,624,13.3,7.2,,,,46.4,,31,309.8,5.09,0.37,0.345,,,0.9,96.4,30,,,reliable,
Audio Nirvana,CLASSIC 12 ALNICO,8,12,,,530,7.5,7.2,,,,31.4,,37,232,4.7,0.94,0.783,,,0.9,93.4,30,,,reliable,
Audio Nirvana,CLASSIC 12 FERRITE,8,12,,,580,12.3,7.2,,,,40.1,,31,309.8,5.09,0.37,0.345,,,0.9,96.4,30,,,reliable,
Audio Nirvana,CLASSIC 15 ALNICO,8,15,,,851,9.1,7.2,,,,67.5,,31.5,384.2,6.31,1.16,0.98,,,1,92.6,80,,,reliable,
Audio Nirvana,CLASSIC 15 FERRITE,8,15,,,851,16.7,6.8,,,,76.5,,24.7,551.3,4.14,0.29,0.271,,,1.1,97.3,80,,,reliable,
Audio Nirvana,SUPER 12,8,12,,,506.7,9.2,7.2,,,,27.3,,36.4,251.9,5.902,0.531,0.487,,,1,96,60,,,reliable,
Audio Nirvana,SUPER 12 FERRITE,8,12,,,624.6,10.9,7.2,,,,43,,37.4,230.5,5.977,0.615,0.558,,,1,95.4,45,,,reliable,
Audio Nirvana,SUPER 12 NEO,8,12,,,514,10.9,7.2,,,,31.4,,37,218,7.149,0.444,0.418,,,2,96.4,60,,,reliable,
Audio Nirvana,SUPER 12AL,8,12,,,514,8.1,7.2,,,,29,,37,236,4.786,0.732,0.635,,,3,94.6,60,,,reliable,
Audio Nirvana,SUPER 15 ALNICO,8,15,,,806.7,7.7,7.2,,,,57.5,,28.6,492.8,3.869,1.266,0.954,,,1,92,80,,,reliable,
Audio Nirvana,SUPER 15 FERRITE,8,15,,,851,17,6.8,,,,75.9,,31.7,337.1,3.219,0.357,0.321,,,1,97.5,50,,,reliable,
Audio Nirvana,SUPER CAST FRAME 10,8,10,,,360,11.3,7.2,,,,23,,34,173,3.4,0.275,0.254,,,3,96.4,30,,,reliable,
Audio Nirvana,SUPER CAST FRAME 10 v2017,8,10,,,344,9.1,7.2,,,,17.3,,31.9,239,3.758,0.3,0.278,,,1,96.6,30,,,reliable,
Audio System,HX10 SQ,4,10,,,327,13.77,3.2,,,,140,,27.6,31.5,7.8,0.41,0.39,,,11.75,83.9,350,,,reliable,
Audio System,HX12 SQ,4,12,,,507,13.1,3.1,,,,150,,28.2,68,4.4,0.57,0.5,,,11.8,86.1,450,,,reliable,
Audio System,KRYPTON 12,4,12,,,467,17,2.8,,,,191,,37,30,9.45,0.41,0.39,,,17,87.5,1000,,,reliable,
Audio System,R12,4,12,,,531,14.6,3,,,,154.2,,27.7,84.3,4.8,0.38,0.35,,,8.5,88.6,400,,,reliable,
Audio Valves,380 MSP A,8,15,,,880,18.7,6.5,,,,87.6,,36,242.2,8.41,0.37,0.354,,,4,97.7,200,,,reliable,
Audiobahn,AW1051T,4,10,,,330,8.88,3,,,,94,,42.7,19.822,5.64,0.96,0.82,,,13,83.9,300,,,reliable,
Audiobahn,AW120T,4,12,,,450,15.7,3.3,,,,153.7,,32.4,45,4.4,0.42,0.39,,,9,87.5,500,,,reliable,
Audiobahn,AW150T,4,15,,,750,15.4,3.2,,,,227.3,,30.6,95,5.92,0.59,0.54,,,10,88.5,800,,,reliable,
Audiobahn,AW1571T,4,15,,,780,13.65,3.2,,,,180,,28.2,133.088,4.65,0.548,0.49,,,11,89.2,500,,,reliable,
Audiomobile,ELITE 2212,4,12,,,524,14.5,3.3,,,,186.4,,28,59.46,6.6,0.52,0.48,,,12.7,85.8,600,,,reliable,
Audiopipe,TS-AR15,4,15,,,940,21.1,3.6,,,,556.7,,24,99.11,1.6,0.68,0.48,,,7.5,84.9,500,,,reliable,
Audiotechnology,10A7725KAP,8,10,,,334,9.7,5.4,,,,53.9,,23,139,4.83,0.448,0.41,,,8.6,89.5,200,,,reliable,
Audiotechnology,10B772510KAP,8,10,,,333.7,10.2,6,,,,49.4,,25,128,5.6,0.448,0.415,,,8.6,89.7,150,,,reliable,
Audiotechnology,10B773010KA,8,10,,,326,12.5,6.2,,,,49.5,,24.4,128,5.1,0.3,0.283,,,9.8,91,150,,,reliable,
Audiotechnology,10C772510KAP,8,10,,,334,14,5.4,,,,57.6,,25,110,6,0.25,0.24,,,8.6,92.1,200,,,reliable,
Audiotechnology,12D772510KAP,8,12,,,515,13.5,5.4,,,,76.7,,19,340,5.5,0.27,0.257,,,8.6,93.1,250,,,reliable,
Audiotechnology,15F1022510KAP,8,15,,,835,18.6,6,,,,124.8,,22,410,6.93,0.3,0.288,,,8.5,94.9,200,,,reliable,
Audiotechnology,FLEXUNIT 10A772510,8,10,,,326,11.2,5.4,,,,43.1,,25,140,2.32,0.29,0.258,,,8.6,92.5,200,,,reliable,
Audiotechnology,FLEXUNIT 12B772510,8,12,,,515,12.3,5.4,,,,60.3,,25,250,2.5,0.34,0.299,,,8.6,94.3,250,,,reliable,
Audiotechnology,FLEXUNIT 12B775210KAP Custom,8,12,,,515,11.1,5.5,,,,76.7,,19,340,5.5,0.41,0.382,,,8.6,91.2,250,,,reliable,
Audiotechnology,FLEXUNIT 12D775210KAP Custom,8,12,,,515,11,5.5,,,,76.7,,19,340,5.5,0.417,0.388,,,8.6,91.1,250,,,reliable,
Audiotechnology,FLEXUNIT 15 F 102 25 10 KAP,8,15,,,835,18.7,6.02,,,,126.1,,22,410,6.93,0.3,0.29,,,8.6,93.5,400,,,reliable,
Audiotechnology,FLEXUNIT 15E1022510,8,15,,,835,18.2,6,,,,127.4,,18,600,1.5,0.26,0.222,,,8.6,94.5,200,,,reliable,
Audiotechnology,FLEXUNITS 10 A 77 25 10,8,10,,,326,11.17,5.35,,,,43.07,,25,140,2.32,0.29,0.26,,,4.3,90.6,100,,,reliable,
Audiotechnology,FLEXUNITS 10 C 77 25 10 KAP,8,10,,,323,14,5.72,,,,54.5,,25,110,6,0.25,0.24,,,8.6,90.2,200,,,reliable,
Audiotechnology,FLEXUNITS 12 B 77 25 10,8,12,,,515,12.24,5.39,,,,60.2,,25,250,2.5,0.34,0.3,,,4.3,92.4,125,,,reliable,
Audiotechnology,FLEXUNITS 12 D 77 25 10 KAP,8,12,,,506,14,5.74,,,,75,,19,340,5.5,0.262,0.25,,,8.6,91.3,250,,,reliable,
Audiotechnology,FLEXUNITS 15 E 102 25 10,8,15,,,829,18.22,5.96,,,,127,,18,600,1.5,0.258,0.22,,,8.6,93.2,400,,,reliable,
Auditor,250 P,4,10,,,301.7,12,3.4,,,,86.8,,38.7,24.8,4.98,0.5,0.454,,,5,90.3,250,,,reliable,
Auditor,250 S,4,10,,,301.7,10.6,3.4,,,,88.8,,42.1,20.5,5.69,0.71,0.631,,,5,89,250,,,reliable,
Auditor,RIP 300P,4,12,,,483.1,14.6,3.5,,,,125.1,,28.9,79.3,5.34,0.375,0.35,,,8.8,92.6,400,,,reliable,
Aura Sound,NS12-513-4A,4,12,,,503,11.9,2.86,,,,133.7,,23,127,9.1,0.39,0.374,,,5,92.4,200,,,reliable,
Aura Sound,NS12-794-4A,4,12,,,487,14,3.5,,,,148.1,,27,78,7.1,0.45,0.423,,,9.9,90.9,400,,,reliable,
Aura Sound,NS18-992-4A,4,18,,,1164,17.1,3.1,,,,373.5,,20,322,7.7,0.5,0.47,,,14.5,93.2,800,,,reliable,
Aurum Cantus,AC-130F1,8,5.25,,,95,6.1,7,0.35,,,9.7,,35,35.96239517,3.1,0.3,0.27,2.84,,5,,60,,,unreliable,"qes_inconsistent: stated=0.3 , computed=0.40129 , difference=33.76% (limit 20%)"
Aurum Cantus,AC-165,8,6.5,,,133,5.3,7,0.35,,,9.6,,32,75.88914887,3.38,0.41,0.37,3.03,,5,,60,,,reliable,
Aurum Cantus,AC-180F1,8,7,,,168,7.2,7,0.48,,,15.4,,32,75.88914887,3.05,0.36,0.32,1.89,,6,,100,,,reliable,
Aurum Cantus,AC-180F1D,16,7,,,168,3.3,3.4,0.19,,,14.9,,37,77.02182273,3.47,0.71,0.59,1.93,,6,,100,,,unreliable,"qes_inconsistent: stated=0.71 , computed=1.08148 , difference=52.32% (limit 20%)"
Aurum Cantus,AC120/50CK,8,5,,,82,10.6,7,0.67,,,11.5,,43,11.89307557,3.4,0.19,0.18,1.21,,6,,150,,,reliable,
Aurum Cantus,AC130/50CK,8,5.25,,,95,9.1,7,0.67,,,12.4,,37,22.08714034,3.17,0.23,0.21,1.73,,6,,150,,,reliable,
Aurum Cantus,AC165/50C2C,8,6.5,,,133,10.8,7,0.67,,,14.3,,37,31.99803665,4.22,0.2,0.19,1.29,,6,,150,,,reliable,
Aurum Cantus,AC165/50CK,8,6.5,,,133,12.3,7,0.67,,,13.7,,37,24.0693196,3.68,0.2,0.19,0.97,,6,,150,,,unreliable,"qes_inconsistent: stated=0.2 , computed=0.147364 , difference=26.32% (limit 20%)"
Aurum Cantus,AC250/75C2C,8,10,,,346,11.4,7,1.31,,,61.3,,23,193.1208938,1.95,0.32,0.28,1.1,,8,91.2,250,,,unreliable,"qes_inconsistent: stated=0.32 , computed=0.477152 , difference=49.11% (limit 20%)"
Aurum Cantus,AC250F1,8,10,,,346,11.4,7,,,,47.4,,20,224,2.75,0.32,0.287,,,8,90,150,,,reliable,
Aurum Cantus,AC250F1D,4,10,,,346,6.4,3.4,,,,43.7,,23,184,2.74,0.53,0.444,,,8,92,150,,,reliable,
Aurum Cantus,AC250MK2,8,10,,,346,8.4,7,,,,34.2,,23,235,3.12,0.49,0.423,,,8,90.2,150,,,reliable,
Aurum Cantus,AC250SW,4,10,,,330,10.3,3.6,,,,75.2,,35,42,2.35,0.56,0.452,,,5.9,90.5,180,,,reliable,
Aurum Cantus,AC300/75C2C,8,12,,,500,13.5,7,,,,79.1,,22,232,2.16,0.42,0.352,,,8,90.3,250,,,reliable,
Axon,10K01,4,10,,,353,10.2,3.2,,,,67.7,,25,104.6,2.16,0.33,0.286,,,7,92.9,125,,,reliable,
Axon,12K01,4,12,,,499,10.4,3.2,,,,73.8,,25,191.8,1.94,0.34,0.289,,,6.7,95.4,125,,,reliable,
B&C,10BG76,8.0,10.0,,,320.0,22.4,4.1,1.37,,,91.4,,49.0,16.7,5.74,0.23,0.22,,,9.6,91.5,500.0,,,reliable,
B&C,10CL51,8.0,10.0,,,320.0,11.6,5.2,0.8,,,30.5,,58.0,36.0,3.5,0.42,0.38,,,5.5,96.0,150.0,,,reliable,
B&C,10CL51v2024,8,10,,,320,11.6,5.2,,,,30,,58,36,3.5,0.42,0.375,,,3.9,96.1,150,,,reliable,
B&C,10CL64,8.0,10.0,,,320.0,16.3,5.3,1.17,,,41.6,,63.0,22.2,5.1,0.33,0.31,,,5.2,96.0,250.0,,,reliable,
B&C,10CLA64,8.0,10.0,,,320.0,14.5,5.5,0.9,,,36.0,,74.0,18.5,6.8,0.45,0.42,,,5.0,96.0,250.0,,,reliable,
B&C,10CLA64,16.0,10.0,,,320,18.8,10.6,0.7,,,33.6,,72.0,21.0,3.8,0.46,0.41,,,4.5,96.0,500,,,reliable,
B&C,10CLA76,8.0,10.0,,,320.0,18.55,5.2,1.14,,,44.7,,71.0,16.4,6.72,0.3,0.29,,,6.5,96.5,400.0,,,reliable,
B&C,10CLX64,8,10,,,320,11.4,5.6,,,,35.3,,70,21,9.8,0.67,0.627,,,2.3,93.8,70,,,reliable,
B&C,10FCX64,8,10,,,320,13.5,5.5,,,,36.6,,63,25,7.9,0.44,0.417,,,4.4,95.1,250,,,reliable,
B&C,10FL64,8.0,10.0,,,320,16.0,5.6,0.7,,,38.0,,63.0,23.0,5.4,0.34,0.32,,,5.0,96.0,500,,,reliable,
B&C,10FW64,8.0,10.0,,,320.0,16.4,5.0,0.9,,,34.0,,63.0,27.0,3.4,0.25,0.23,,,5.0,98.0,250.0,,,reliable,
B&C,10HPL51,8.0,10.0,,,320,10.1,5,,,,24,,55,50,3.5,0.41,0.367,,,4,97.1,150,,,reliable,
B&C,10HPL64,8.0,10.0,,,320,15.0,5.4,0.5,,,29.0,,61.0,32.0,4.5,0.33,0.31,,,4.0,98.5,400,,,reliable,
B&C,10MBX64,8.0,10.0,,,346.0,16.9,5.5,0.39,,,32.0,,65.0,28.0,5.6,0.27,0.26,,,4.0,100.0,350.0,,,reliable,
B&C,10MBX64,16.0,10.0,,,346,20.5,10.2,0.57,,,30.0,,65.0,30.0,5.8,0.32,0.3,,,4.0,100.0,700,,,reliable,
B&C,10MBX809,8.0,10.0,,,346,16.9,5.5,0.39,,,32.0,,65.0,28.0,5.6,0.27,0.26,,,4.0,100.0,700,,,reliable,
B&C,10MD26,8.0,10.0,,,320.0,19.6,5.8,1.2,,,31.0,,76.0,20.0,4.8,0.22,0.21,,,1.5,100.0,350.0,,,reliable,
B&C,10MD555,8.0,10.0,,,320,19.6,5.8,1.2,,,31.0,,76.0,20.0,4.8,0.22,0.21,,,1.5,100.0,700,,,reliable,
B&C,10NCX,8,10,,,320,12.7,5.6,,,,28,,57,40,3.7,0.35,0.32,,,3,96.8,200,,,reliable,
B&C,10NDL64,8.0,10.0,,,320.0,16.2,5.7,0.9,,,37.0,,56.0,31.0,3.4,0.29,0.26,,,6.0,97.0,250.0,,,reliable,
B&C,10NDL64,8,10,,,320,13.9,5,,,,38,,71,19,2,0.44,0.361,,,3.1,95.9,250,,,reliable,
B&C,10NDL64,8,10,,,320,16.2,6.7,,,,36.6,,68,21.5,2.4,0.4,0.343,,,3.3,95,250,,,reliable,
B&C,10NDL64,16.0,10.0,,,320,19.1,10.5,1.3,,,32.0,,58.0,34.5,3.6,0.33,0.3,,,4.5,97.0,500,,,reliable,
B&C,10NDL88,8.0,10.0,,,320.0,20.0,5.1,1.18,,,53.5,,61.0,18.4,7.3,0.26,0.25,,,8.1,96.0,700.0,,,reliable,
B&C,10NDL88,16.0,10.0,,,320,26.4,10.7,2.0,,,52.0,,67.0,15.6,6.2,0.33,0.32,,,7.8,95.5,1400,,,reliable,
B&C,10NSM76,8.0,10.0,,,320.0,21.5,5.2,0.9,,,33.0,,235.0,2.0,8.6,0.55,0.52,,,3.5,100.0,400.0,,,reliable,
B&C,10NSM76,16.0,10.0,,,320,21.5,10.7,1.5,,,33.0,,235.0,2.0,8.7,0.72,0.66,,,3.5,99.0,800,,,unreliable,"qes_inconsistent: stated=0.72 , computed=1.12789 , difference=56.65% (limit 20%)"
B&C,10NW64,8.0,10.0,,,320.0,18.3,5.2,0.65,,,47.0,,59.0,22.0,4.3,0.27,0.26,,,6.0,96.0,300.0,,,reliable,
B&C,10NW76,4.0,10.0,,,320.0,17.0,3.0,0.53,,,45.4,,67.0,17.8,7.0,0.2,0.19,,,6.5,97.5,400.0,,,reliable,
B&C,10NW76,8.0,10.0,,,320,20.0,5.5,0.38,,,47.0,,67.0,17.6,7.8,0.27,0.26,,,6.8,96.5,800,,,reliable,
B&C,10NW76,16.0,10.0,,,320,24.7,10.0,0.58,,,42.5,,68.0,18.5,8.7,0.3,0.29,,,7.0,96.8,800,,,reliable,
B&C,10PE26,8.0,10.0,,,320,17.6,5.7,,,,27.3,,60,37,6.3,0.19,0.184,,,2.4,99.7,250,,,reliable,
B&C,10PLB76,8.0,10.0,,,320,18.4,4.8,0.32,,,43.0,,52.0,31.0,3.4,0.2,0.19,,,6.0,98.0,800,,,reliable,
B&C,10PS26,8.0,10.0,,,320.0,14.1,6.0,1.2,,,33.0,,54.0,38.0,2.9,0.33,0.29,,,5.5,96.0,350.0,,,reliable,
B&C,10PS26,8,10,,,330.1,15.3,5.68,,,,34.4,,53.4,39.5,5.99,0.28,0.267,,,5.4,96.8,350,,,reliable,
B&C,12 HPL 64-4,4,12,,,520,12.6,3.7,,,,45.2,,50,85,2.87,0.33,0.296,,,4,100.4,200,,,reliable,
B&C,12 HPL 64-4 v2015,4,12,,,522,11.5,3.4,,,,41.9,,50,92.3,5.8,0.34,0.321,,,4,101,200,,,reliable,
B&C,12BG100,8.0,12.0,,,522.0,23.0,5.1,1.6,,,152.0,,39.0,41.0,6.8,0.35,0.33,,,10.5,93.0,1000.0,,,reliable,
B&C,12BG76,8.0,12.0,,,522.0,22.7,5.4,1.1,,,148.0,,44.0,32.0,5.9,0.44,0.41,,,9.5,92.0,500.0,,,reliable,
B&C,12CL64,8.0,12.0,,,522.0,17.5,5.5,1.1,,,55.0,,52.0,64.0,4.3,0.32,0.3,,,4.5,98.0,250.0,,,reliable,
B&C,12CL76,8.0,12.0,,,522.0,22.4,5.2,1.5,,,70.0,,48.0,59.0,4.8,0.22,0.21,,,6.0,98.5,350.0,,,reliable,
B&C,12CLA76,8.0,12.0,,,522.0,20.2,5.1,0.44,,,64.0,,52.0,56.0,4.9,0.26,0.25,,,5.3,98.5,350.0,,,reliable,
B&C,12CLX64,8.0,12,,,522,11.9,5.6,0.54,,,45.3,,54,74,10.10,0.61,0.57,,,5.5,103.8,250,,,reliable,
B&C,12CX32,8.0,12,,,522,15.3,5.1,1.2,,,38,,57,79,5.20,0.30,0.28,,,4,108.3,350,,,reliable,
B&C,12CXN76,8.0,12,,,522,17.6,5.0,0.8,,,47,,42,120,8.00,0.20,0.19,,,6,107.9,350,,,reliable,
B&C,12CXN88,8.0,12,,,522,20.9,5.0,1.05,,,60,,50,59,8.30,0.23,0.22,,,10.5,107.3,500,,,reliable,
B&C,12CXT,8.0,12,,,522,14.4,5.3,1.2,,,43,,49,91,3.90,0.35,0.32,,,3,106.4,200,,,reliable,
B&C,12FCX76,8.0,12,,,522,15.6,5.3,1.3,,,54,,47,82,11.00,0.35,0.34,,,5,105.1,350,,,reliable,
B&C,12FG100,4.0,12.0,,,522.0,17.24,2.9,1.15,,,161.9,,34.0,53.0,5.4,0.34,0.32,,,10.3,91.0,1000.0,,,reliable,
B&C,12FG100,8.0,12.0,,,522,21.4,4.9,0.96,,,167.8,,34,49,5.1,0.39,0.36,,,10.3,91,2000,,,reliable,
B&C,12FHX76,8.0,12,,,522,14.4,5.2,1.6,,,47,,48,88,5.40,0.36,0.33,,,4,105.8,350,,,reliable,
B&C,12FL64,8.0,12,,,522,20.2,5.7,1.6,,,75,,51,50,6.60,0.34,0.32,,,5,103.9,250,,,reliable,
B&C,12FL76,8.0,12.0,,,522.0,18.7,5.4,1.0,,,64.0,,50.0,57.0,5.8,0.32,0.3,,,6.0,97.5,400.0,,,reliable,
B&C,12FW64,8.0,12.0,,,522.0,15.5,5.2,1.0,,,47.0,,55.0,64.0,3.5,0.32,0.29,,,5.0,98.0,250.0,,,reliable,
B&C,12FW76,4.0,12.0,,,522.0,20.4,3.1,1.0,,,69.5,,54.0,48.5,4.2,0.17,0.18,,,7.0,99.0,500.0,,,reliable,
B&C,12FW76,8.0,12.0,,,522,26.4,5.1,1.4,,,75,,54,45,3.8,0.18,0.18,,,7,100,1000,,,reliable,
B&C,12FW88,8.0,12.0,,,531.0,19.5,5.1,0.9,,,76.4,,53.0,45.7,7.7,0.35,0.33,,,8.0,97.0,700.0,,,reliable,
B&C,12HCX76,8.0,12,,,522,17.6,5.0,0.8,,,47,,42,120,8.00,0.20,0.19,,,6,107.9,350,,,reliable,
B&C,12HPL51,8.0,12.0,,,522,10.8,5.3,,,,38.7,,51,96,3.3,0.56,0.479,,,4,97.3,150,,,reliable,
B&C,12HPL64,8.0,12.0,,,522,14.9,6.0,1.1,,,42.0,,52.0,85.0,3.3,0.35,0.32,,,4.0,100.0,400,,,reliable,
B&C,12HPL76,8.0,12,,,522,17.3,6.0,1.5,,,43,,49,91,2.50,0.26,0.25,,,4,106.9,350,,,reliable,
B&C,12MH32,8.0,12.0,,,522.0,22.3,5.2,0.83,,,54.0,,53.0,63.0,7.2,0.2,0.19,,,5.0,101.0,400.0,,,reliable,
B&C,12MH36,8.0,12.0,,,522,22.3,5.2,0.83,,,54.0,,53.0,63.0,7.2,0.2,0.19,,,5.0,101.0,800,,,reliable,
B&C,12MH801,8.0,12.0,,,522,18.6,5.0,0.57,,,46.0,,53.0,76.0,5.6,0.22,0.21,,,6.0,100.0,700,,,reliable,
B&C,12MH888,8.0,12.0,,,522,18.6,5.0,0.57,,,46.0,,53.0,76.0,5.6,0.22,0.21,,,6.0,100.0,700,,,reliable,
B&C,12NBX100,4.0,12.0,,,531.0,23.04,3.6,1.35,,,133.0,,40.0,46.5,7.05,0.23,0.22,,,10.0,94.0,1000.0,,,reliable,
B&C,12NBX100,8.0,12.0,,,531,25.6,5.1,1.9,,,117,,41,51,3.9,0.24,0.22,,,10,96,2000,,,reliable,
B&C,12NCX,8,12,,,522,12.7,5.8,,,,43.4,,59,64,4.2,0.58,0.51,,,3,96.9,200,,,reliable,
B&C,12NDL76,4.0,12.0,,,522.0,16.5,3.1,0.72,,,54.0,,50.0,70.0,3.25,0.2,0.19,,,6.0,100.0,400.0,,,reliable,
B&C,12NDL76,8.0,12.0,,,522,20.1,5.3,1,,,53,,50,73,4.2,0.21,0.2,,,7,100,800,,,reliable,
B&C,12NDL76,16.0,12.0,,,522,24.7,10.2,1.7,,,56,,50,69,3.8,0.3,0.27,,,7,100,800,,,reliable,
B&C,12NDL88,4.0,12.0,,,522.0,16.6,3.1,0.9,,,73.6,,48.0,57.0,6.8,0.25,0.24,,,8.0,97.0,700.0,,,reliable,
B&C,12NDL88,8.0,12.0,,,522,19.9,5,1.3,,,71,,51,52,5,0.29,0.27,,,8,98,1400,,,reliable,
B&C,12NDL88,16.0,12.0,,,522,25.3,11.1,2.1,,,70,,50,55,8.3,0.38,0.37,,,8,97,1400,,,reliable,
B&C,12NW100,4.0,12.0,,,531.0,24.38,3.8,1.79,,,120.0,,44.0,43.3,5.8,0.21,0.2,,,9.0,92.0,1000.0,,,reliable,
B&C,12NW100,8.0,12.0,,,531,28,5.1,1.9,,,119,,42,44,3.6,0.21,0.2,,,9,96,2000,,,reliable,
B&C,12NW76,4.0,12.0,,,522.0,22.0,3.4,1.1,,,82.0,,43.0,64.5,3.75,0.15,0.15,,,8.0,98.0,500.0,,,reliable,
B&C,12NW76,8.0,12.0,,,522,25.5,5.3,1.25,,,77,,40,76,3.7,0.17,0.16,,,8,98.5,1000,,,reliable,
B&C,12PE32,8.0,12.0,,,522.0,19.1,5.8,1.2,,,37.0,,51.0,101.0,7.6,0.19,0.18,,,2.8,101.0,250.0,,,reliable,
B&C,12PH32,8,12,,,530.9,13.9,5.7,,,,33.5,,56.8,92.7,6.86,0.35,0.333,,,3,100.3,250,,,reliable,
B&C,12PH32v2013,8,12,,,522,13.6,5.9,,,,35.5,,50.5,107,4.68,0.36,0.334,,,3,99.1,250,,,reliable,
B&C,12PLB100,8.0,12.0,,,531.0,18.4,5.1,1.6,,,77.0,,50.0,47.0,9.2,0.38,0.37,,,9.0,97.0,600.0,,,reliable,
B&C,12PLB76,8.0,12.0,,,522.0,18.6,5.0,1.2,,,51.0,,50.0,75.0,5.3,0.24,0.23,,,5.0,99.0,350.0,,,reliable,
B&C,12PS100,8.0,12.0,,,531.0,22.5,5.3,2.0,,,106.0,,44.0,47.0,3.9,0.29,0.27,,,8.0,93.0,700.0,,,reliable,
B&C,12PS32,8.0,12.0,,,522,16,5.9,,,,60.9,,44,82,3.2,0.39,0.348,,,6,95.8,700,,,reliable,
B&C,12PS76,8.0,12.0,,,522,23.1,6.1,,,,73.1,,42,75,3.8,0.22,0.208,,,5.1,97.2,450,,,reliable,
B&C,12PZ32,8.0,12.0,,,522,22.1,6.2,,,,65.7,,38,102,5.9,0.2,0.193,,,5.5,97.6,400,,,reliable,
B&C,12SW115,4.0,12.0,,,522.0,23.8,3.1,1.35,,,192.0,,39.0,33.0,9.8,0.26,0.25,,,13.8,92.0,1700.0,,,reliable,
B&C,12SW115,8.0,12.0,,,522,30.3,5.1,1.9,,,198,,38,34,9.3,0.26,0.25,,,13.5,92.5,3400,,,reliable,
B&C,12TBX100,4.0,12.0,,,531.0,22.91,3.6,1.74,,,125.0,,44.0,41.1,6.23,0.24,0.23,,,9.0,93.0,1000.0,,,reliable,
B&C,12TBX100,8.0,12.0,,,531,25.5,5.1,1.6,,,119,,42,37.5,6.9,0.27,0.26,,,9,95,2000,,,reliable,
B&C,12XM800,8.0,12.0,,,522,21.3,5.1,1.1,,,50.0,,52.0,71.0,6.3,0.2,0.19,,,3.5,102.0,800,,,reliable,
B&C,14CXN6,8,15,,,707,18.4,5.2,,,,66.9,,45,131,8.5,0.29,0.28,,,5.6,100,400,,,reliable,
B&C,14CXN88,4,15,,,707,16.6,3.2,0.72,,,78.5,,44,116.099071,15,0.26,0.25,0.167,,8.5,,1000,,,reliable,
B&C,14CXN88,8,15,,,707,20.5,4.7,,,,83.9,,46,100,13,0.27,0.265,,,5.2,99.9,500,,,reliable,
B&C,14DS88,8.0,13.5,,,707,36.9,5.6,2.05,,,170.0,,44.0,55.0,8.0,0.19,0.18,,,11.0,97.3,1400,,,reliable,
B&C,14NA100,8.0,13.5,,,707,23.5,5.1,0.74,,,96.5,,43.0,99.5,5.6,0.24,0.23,,,8.8,99.0,1600,,,reliable,
B&C,14NDL76,8.0,13.5,,,707,19.0,5.0,1.1,,,85.0,,41.0,123.0,8.2,0.31,0.3,,,8.0,99.0,1000,,,reliable,
B&C,14NDL88,4.0,13.5,,,707,16.9,3.1,0.85,,,89.0,,40.0,128.0,8.2,0.24,0.23,,,8.0,98.0,1400,,,reliable,
B&C,14NDL88,8.0,13.5,,,707,19.9,5.0,1.2,,,86.0,,45.0,102.0,7.8,0.31,0.3,,,8.0,99.0,1400,,,reliable,
B&C,14NDL88,16.0,13.5,,,707,25.0,11.0,2.05,,,79.5,,44.0,115.0,10.6,0.39,0.37,,,7.5,98.0,1400,,,reliable,
B&C,15BG100,8.0,15.0,,,855.0,23.0,5.1,1.6,,,240.0,,36.0,83.0,5.0,0.49,0.44,,,10.5,94.5,1000.0,,,reliable,
B&C,15BG76,8.0,15.0,,,855.0,21.7,5.4,1.29,,,194.0,,44.0,68.4,6.2,0.61,0.56,,,9.6,93.4,500.0,,,reliable,
B&C,15CL76,4.0,15.0,,,855.0,19.1,3.5,1.0,,,106.5,,42.0,140.0,4.7,0.27,0.25,,,7.0,98.0,400.0,,,reliable,
B&C,15CL76,8.0,15.0,,,855,21,5.1,1.3,,,108,,42,135,7.9,0.34,0.33,,,7,98.5,800,,,reliable,
B&C,15CLA76,8.0,15.0,,,855.0,19.8,5.2,0.5,,,93.0,,40.0,176.0,6.9,0.31,0.3,,,5.5,99.0,350.0,,,reliable,
B&C,15CX40,8.0,15,,,855,15.9,5.1,1.1,,,84,,44,162,6.70,0.46,0.43,,,4.5,106.1,400,,,reliable,
B&C,15CXN76,8,15,,,855,17.2,5.1,,,,73.1,,38,246,5.8,0.3,0.285,,,4.5,100.5,400,,,reliable,
B&C,15CXN88,8,15,,,855,21,5,,,,91.1,,40,178,10.3,0.26,0.254,,,6,100.4,500,,,reliable,
B&C,15DS100,4.0,15.0,,,855.0,24.3,2.4,2.8,,,233.0,,39.0,73.0,8.16,0.23,0.23,,,13.0,96.8,1500.0,,,reliable,
B&C,15DS100,8.0,15.0,,,855,30.68,4.5,4.6,,,220,,39,76,7.75,0.27,0.26,,,14.5,96.8,3000,,,reliable,
B&C,15DS115,4.0,15.0,,,855.0,33.6,3.2,3.2,,,273.0,,34.0,83.0,4.7,0.17,0.16,,,16.5,96.0,1600.0,,,reliable,
B&C,15DS115,8.0,15.0,,,855,38.7,4.9,4.5,,,254,,33,94,5.2,0.18,0.17,,,16.5,97,3200,,,reliable,
B&C,15FCX76,8,15,,,855,15.5,5.2,,,,86.8,,40,187,8.3,0.47,0.445,,,6.5,97.9,400,,,reliable,
B&C,15FHX76,8.0,15,,,855,15.5,5.2,1.5,,,88,,40,186,5.20,0.47,0.43,,,7,105.3,400,,,reliable,
B&C,15FW76,8.0,15.0,,,855.0,26.2,5.1,1.4,,,117.0,,40.0,138.0,5.1,0.22,0.21,,,7.0,100.0,500.0,,,reliable,
B&C,15FW88,8.0,15.0,,,855.0,19.27,5.2,0.81,,,106.8,,49.0,103.7,9.3,0.45,0.43,,,8.0,98.0,700.0,,,reliable,
B&C,15HCX76,8,15,,,855,17.3,5.1,,,,73.8,,38,243.5,5.8,0.3,0.285,,,4.5,100.4,400,,,reliable,
B&C,15HPL76,8.0,15.0,,,855,19.1,5.4,,,,88,,39,194,4,0.32,0.296,,,4,99.2,350,,,reliable,
B&C,15HPL76W,8.0,15.0,,,855,19.5,6.1,,,,114.5,,38,157,5.5,0.44,0.407,,,6,96.1,400,,,reliable,
B&C,15NA100,8.0,15.0,,,855.0,26.3,5.1,1.2,,,136.0,,47.0,88.0,6.1,0.29,0.28,,,10.0,98.0,800.0,,,reliable,
B&C,15NBX100,4.0,15.0,,,855.0,22.69,3.6,1.58,,,176.0,,37.0,109.6,4.77,0.3,0.27,,,10.0,95.0,1000.0,,,reliable,
B&C,15NBX100,8.0,15.0,,,855,25,5.1,2,,,151,,36,125,4.2,0.31,0.29,,,10,97,2000,,,reliable,
B&C,15NDL76,8.0,15.0,,,855.0,22.5,5.3,1.5,,,96.0,,37.0,195.0,4.5,0.24,0.22,,,7.0,99.5,500.0,,,reliable,
B&C,15NDL88,4.0,15.0,,,855.0,16.5,3.0,0.9,,,102.0,,41.0,154.0,7.5,0.29,0.28,,,8.0,99.0,700.0,,,reliable,
B&C,15NDL88,8.0,15.0,,,855,20.1,5,1.25,,,102,,45,126,6.1,0.36,0.34,,,8,99,1400,,,reliable,
B&C,15NW100,4.0,15.0,,,855.0,24.54,3.7,1.74,,,180.0,,34.0,126.1,5.41,0.23,0.23,,,9.0,95.0,1000.0,,,reliable,
B&C,15NW100,8.0,15.0,,,855,28,5.1,1.9,,,173,,33,139,4.3,0.23,0.22,,,9,97,2000,,,reliable,
B&C,15NW76,4.0,15.0,,,855.0,20.64,3.1,0.88,,,119.0,,39.0,143.0,6.41,0.21,0.21,,,8.0,99.0,600.0,,,reliable,
B&C,15NW76,8.0,15.0,,,855,25.5,5.3,1.25,,,104,,42,130,4.3,0.23,0.22,,,8,100.5,1200,,,reliable,
B&C,15PE40,8.0,15.0,,,855,18.7,5.5,,,,65.4,,44,205,5.3,0.285,0.27,,,3,101.5,250,,,reliable,
B&C,15PH40,8.0,15.0,,,855,16.3,5.3,,,,73.7,,38,244,7.5,0.35,0.334,,,3.5,99.6,400,,,reliable,
B&C,15PK40,8.0,15.0,,,855,19.6,5.1,,,,83.9,,47,140,5.1,0.33,0.31,,,4,100.4,400,,,reliable,
B&C,15PL100,8.0,15.0,,,855,26.8,5.0,1.7,,,121.0,,37.0,154.0,6.6,0.21,0.2,,,7.0,97.0,1400,,,reliable,
B&C,15PL40,8.0,15.0,,,855,21,5.1,,,,80.9,,39,211,8.7,0.23,0.224,,,4,101.3,400,,,reliable,
B&C,15PLB74,8,15,,,855,21.3,5,,,,89.7,,42,164,5.9,0.26,0.249,,,4.9,100.7,400,,,reliable,
B&C,15PLB76,8.0,15.0,,,855.0,22.1,5.0,1.3,,,88.0,,42.0,164.0,5.9,0.26,0.25,,,5.0,100.0,400.0,,,reliable,
B&C,15PLB76,8,15,,,855,19.2,5.09,,,,80.5,,38.7,215,6.23,0.27,0.259,,,5,100.6,400,,,reliable,
B&C,15PLB76v2015,8,15,,,855,21.3,5,,,,89.7,,42,164,5.9,0.26,0.249,,,4.9,100.7,400,,,reliable,
B&C,15PS100,8.0,15.0,,,855.0,21.2,5.2,2.0,,,160.0,,39.0,103.0,6.0,0.47,0.43,,,8.0,95.0,700.0,,,reliable,
B&C,15PS100,8,15,,,855,21.4,5.25,,,,143.9,,34.8,148.7,5.95,0.36,0.339,,,8,96.2,700,,,reliable,
B&C,15PS100v2016,8,15,,,855,21.2,5.2,,,,165.7,,39,103,6,0.47,0.436,,,7.2,95,700,,,reliable,
B&C,15PS40,8.0,15.0,,,855,20.6,5.3,,,,119.7,,35,177,8.5,0.33,0.318,,,6,97.4,700,,,reliable,
B&C,15PS76,8.0,15.0,,,855,22.1,5.0,1.3,,,106.0,,38.0,164.0,5.2,0.28,0.26,,,7.5,99.0,1100,,,reliable,
B&C,15PZB100,8.0,15.0,,,855.0,25.8,5.2,2.0,,,154.0,,39.0,110.0,6.5,0.3,0.29,,,8.0,97.0,700.0,,,reliable,
B&C,15PZB40,8.0,15.0,,,855,25.7,5.3,,,,152.4,,39,112,7.4,0.3,0.288,,,6.1,97.2,700,,,reliable,
B&C,15RBX100,4.0,15.0,,,908,21.3,3.7,0.9,,,159.0,,42.0,105.0,6.3,0.38,0.35,,,9.0,94.0,2000,,,reliable,
B&C,15RBX100,8.0,15.0,,,908,24.0,5.3,1.2,,,154.0,,44.0,100.0,5.65,0.4,0.38,,,9.0,95.0,2000,,,reliable,
B&C,15SW100,4.0,15.0,,,855.0,22.09,3.2,1.48,,,193.0,,37.0,99.5,5.33,0.29,0.28,,,12.5,95.0,1500.0,,,reliable,
B&C,15SW100,8.0,15.0,,,855,25.6,5.4,2.2,,,176,,37,110,4.8,0.34,0.31,,,12.5,95,3000,,,reliable,
B&C,15SW115,4.0,15.0,,,855.0,25.5,3.2,1.27,,,212.0,,34.0,105.0,5.8,0.23,0.22,,,13.5,96.0,1700.0,,,reliable,
B&C,15SW115,8.0,15.0,,,855,30,5.2,1.8,,,200,,35,110,4.4,0.25,0.24,,,13.5,96,3400,,,reliable,
B&C,15TBW100,4.0,15.0,,,855.0,22.56,3.2,1.64,,,197.0,,39.0,88.0,5.55,0.3,0.28,,,12.0,95.0,1500.0,,,reliable,
B&C,15TBW100,8.0,15.0,,,855,26.4,5.3,2.2,,,181,,39,96,4.4,0.33,0.31,,,12,96,3000,,,reliable,
B&C,15TBX100,4.0,15.0,,,855.0,22.13,3.7,1.49,,,173.0,,34.0,129.6,5.73,0.28,0.27,,,9.0,93.0,1000.0,,,reliable,
B&C,15TBX100,8.0,15.0,,,855,25.5,5.1,1.6,,,163,,35,113,5.2,0.3,0.28,,,9,96,2000,,,reliable,
B&C,15TBX100v2013,8,15,,,855,25.7,5,,,,177.8,,39,96,4.4,0.33,0.307,,,6.9,96.4,1000,,,reliable,
B&C,15TBX40,8.0,15.0,,,855,24.2,5.2,,,,137.2,,38,131,6.3,0.29,0.277,,,7.8,97.8,1000,,,reliable,
B&C,15TX,8,15,,,855,19.4,5.2,,,,75.2,,40,215.6,4.29,0.26,0.245,,,9,101.1,1000,,,reliable,
B&C,15XM800,8.0,15.0,,,855,22.1,5.1,1.3,,,88.0,,42.0,164.0,5.9,0.26,0.25,,,5.0,100.0,800,,,reliable,
B&C,18DS100,4.0,18.0,,,1210,24.3,2.5,2.82,,,300.0,,32.0,157.0,10.0,0.24,0.24,,,14.0,98.0,3000,,,reliable,
B&C,18DS100,8.0,18.0,,,1210,30.0,4.5,4.4,,,278.0,,34.0,155.0,9.5,0.3,0.29,,,14.5,97.5,3000,,,reliable,
B&C,18DS115,4.0,18.0,,,1210,34.0,3.3,2.8,,,348.0,,30.0,177.0,4.75,0.18,0.17,,,16.5,97.0,3400,,,reliable,
B&C,18DS115,8.0,18.0,,,1210,39.0,5.0,3.85,,,330.0,,30.0,168.0,4.3,0.21,0.2,,,16.5,98.0,3400,,,reliable,
B&C,18HTX100,8,18,,,1210,26.1,5.4,,,,155.2,,44,173,6.3,0.34,0.323,,,5.7,100.1,800,,,reliable,
B&C,18IPAL,2.0,18.0,,,1210,24.5,1.3,0.65,,,330.0,,32.0,164.0,4.2,0.14,0.14,,,20.0,97.0,3400,,,reliable,
B&C,18NBX100,4.0,18.0,,,1210,22.0,3.6,1.74,,,225.0,,35.0,192.0,7.0,0.39,0.37,,,10.0,96.0,2400,,,reliable,
B&C,18NBX100,8.0,18.0,,,1210,24.8,5.2,1.85,,,217.0,,35.0,198.0,5.6,0.4,0.38,,,10.0,96.5,2400,,,reliable,
B&C,18NW100,4.0,18.0,,,1210,24.7,3.7,1.7,,,244.0,,30.0,203.5,6.2,0.28,0.27,,,9.0,95.0,2400,,,reliable,
B&C,18NW100,8.0,18.0,,,1210,28.0,5.1,1.7,,,211.0,,31.0,252.0,4.2,0.27,0.26,,,9.0,98.0,2400,,,reliable,
B&C,18NW100v2019,4,18,,,1210,26.6,3.7,,,,283.9,,30,203.5,6.2,0.28,0.268,,,8.3,98.3,1200,,,reliable,
B&C,18PS100,4.0,18.0,,,1210,20.0,3.8,1.35,,,239.0,,30.0,251.0,9.1,0.42,0.4,,,7.0,94.0,1400,,,reliable,
B&C,18PS100,8.0,18.0,,,1210,22.5,5.3,2.1,,,202.0,,30.0,245.0,4.6,0.41,0.39,,,8.0,95.5,1400,,,reliable,
B&C,18PS100,8,18,,,1210,20.2,5.16,,,,195.5,,31.5,268,7.1,0.49,0.458,,,8,96.2,1400,,,reliable,
B&C,18PS46,8.0,18.0,,,1134,20.6,5.3,,,,150.9,,28,386,7.6,0.33,0.316,,,6,97.9,700,,,reliable,
B&C,18PS76,8.0,18.0,,,1210,25.8,5.0,1.9,,,149.0,,39.0,207.0,6.1,0.29,0.27,,,7.0,99.0,1200,,,reliable,
B&C,18PS76v2023,8,18,,,1210,26.4,5,,,,165.1,,39,207,6.1,0.29,0.277,,,5.3,100.3,600,,,reliable,
B&C,18PZB100,4.0,18.0,,,1134,25.0,4.0,1.25,,,190.0,,38.0,164.0,6.1,0.29,0.28,,,8.0,96.5,1400,,,reliable,
B&C,18PZB100,8.0,18.0,,,1134,26.0,5.3,2.1,,,170.0,,30.0,297.0,8.8,0.25,0.24,,,8.0,97.0,1400,,,reliable,
B&C,18PZB100,8,18,,,1134,23.9,5.29,,,,152.8,,33.7,263,7.55,0.3,0.289,,,7.6,99,700,,,reliable,
B&C,18PZB46,8.0,18.0,,,1134,26.1,5.3,,,,215.2,,37,155,9.4,0.39,0.374,,,6.5,96.8,700,,,reliable,
B&C,18PZB46,8,18,,,1134.1,25.6,5.46,,,,158.8,,28.8,346.4,4.13,0.24,0.227,,,8.1,99,700,,,reliable,
B&C,18PZW100,8.0,18.0,,,1210,25.5,5.1,1.58,,,209.0,,37.0,186.0,7.9,0.38,0.36,,,8.0,97.6,2000,,,reliable,
B&C,18RBX100,4.0,18.0,,,1225,22.0,3.5,1.2,,,210.0,,42.0,136.0,8.0,0.41,0.4,,,10.0,97.0,2000,,,reliable,
B&C,18RBX100,8.0,18.0,,,1225,25.1,5.1,1.5,,,199.0,,40.0,220.0,7.3,0.36,0.34,,,10.0,97.0,2000,,,reliable,
B&C,18RS115,8.0,18.0,,,1210,40.0,4.5,5.1,,,391.0,,33.0,125.0,9.0,0.23,0.22,,,23.5,97.4,4000,,,reliable,
B&C,18RXB,8.0,18.0,,,1134,20.9,5.4,,,,113.3,,33,370,10.5,0.29,0.282,,,10,100.3,1000,,,reliable,
B&C,18SW100,4.0,18.0,,,1210,22.0,3.2,1.52,,,244.0,,36.0,160.0,5.91,0.4,0.36,,,12.5,96.0,3000,,,reliable,
B&C,18SW100,8.0,18.0,,,1210,26.1,5.3,2.2,,,234.0,,35.0,180.0,5.9,0.4,0.38,,,12.5,97.0,3000,,,reliable,
B&C,18SW115,4.0,18.0,,,1210,26.0,3.3,1.36,,,304.0,,34.0,149.1,6.1,0.31,0.3,,,14.0,96.0,3400,,,reliable,
B&C,18SW115,8.0,18.0,,,1210,30.3,5.3,1.9,,,275.0,,32.0,187.0,5.6,0.32,0.3,,,14.0,97.0,3400,,,reliable,
B&C,18TBW100,4.0,18.0,,,1210,22.8,3.2,1.64,,,268.0,,33.0,181.5,6.23,0.34,0.32,,,12.0,96.0,3000,,,reliable,
B&C,18TBW100,8.0,18.0,,,1210,26.4,5.3,2.45,,,245.0,,35.0,175.0,8.0,0.41,0.39,,,12.0,96.0,3000,,,reliable,
B&C,18TBX100,4.0,18.0,,,1210,22.0,3.7,1.73,,,230.0,,30.0,256.0,7.0,0.33,0.31,,,9.0,94.0,2400,,,reliable,
B&C,18TBX100,8.0,18.0,,,1210,25.5,5.1,1.6,,,209.0,,34.0,212.0,7.2,0.37,0.35,,,9.0,97.0,2400,,,reliable,
B&C,18TBX100,8,18,,,1134,21.8,5.14,,,,172.3,,36.6,198,7.41,0.43,0.406,,,9,97.4,1200,,,reliable,
B&C,18TBX46,8.0,18.0,,,1134,24.1,5.1,,,,176,,31,270,3.6,0.3,0.277,,,9,98.2,1000,,,reliable,
B&C,18TBX46v2,8,18,,,1210,25.8,5.2,,,,198.1,,34,227,5.3,0.33,0.311,,,8.1,98.2,1000,,,reliable,
B&C,18XM2400,8.0,18.0,,,1210,25.5,5.1,1.6,,,209.0,,34.0,212.0,7.2,0.37,0.35,,,9.0,98.0,2400,,,reliable,
B&C,18XM3000,8.0,18.0,,,1210,26.4,5.3,2.45,,,245.0,,35.0,175.0,8.0,0.41,0.39,,,12.0,96.0,3000,,,reliable,
B&C,19RS115,8.0,19.0,,,1450,42.0,4.6,4.1,,,447.0,,29.0,197.0,6.2,0.21,0.2,,,23.5,96.7,4000,,,reliable,
B&C,21DS115,4.0,21.0,,,1620,28.6,2.1,2.3,,,409.0,,32.0,219.0,9.8,0.22,0.21,,,15.0,100.0,3400,,,reliable,
B&C,21DS115,8.0,21.0,,,1620,39.3,5.1,4.9,,,404.0,,34.0,204.0,10.2,0.28,0.27,,,16.5,99.0,3400,,,reliable,
B&C,21IPAL,1.0,21.0,,,1680,19.1,0.7,0.5,,,487.0,,37.0,155.0,4.9,0.22,0.21,,,22.0,99.0,5000,,,reliable,
B&C,21IPAL - OEM,1,21.5,,,1680,18.7,0.7,,,,472.6,,37,154.9,4.9,0.22,0.211,,,5.9,108.1,2500,,,reliable,
B&C,21SW115,4.0,21.0,,,1680,24.8,3.6,1.7,,,335.0,,33.0,278.0,7.7,0.37,0.36,,,14.0,97.0,3400,,,reliable,
B&C,21SW115,8.0,21.0,,,1680,30.1,5.4,2.1,,,342.0,,30.0,318.0,10.9,0.39,0.37,,,14.0,97.0,3400,,,reliable,
B&C,21SW115v2015,4,21.5,,,1680,23.6,3,,,,331,,33,278,7.7,0.37,0.353,,,9.3,100.6,1700,,,reliable,
B&C,21SW150,4.0,21.0,,,1680,32.6,3.0,1.3,,,494.0,,29.0,254.0,8.1,0.27,0.26,,,15.0,95.0,3000,,,reliable,
B&C,21SW152,4.0,21.0,,,1680,32.5,3.3,1.5,,,460.0,,32.0,200.0,7.0,0.31,0.3,,,15.0,96.0,4000,,,reliable,
B&C,21SW152,8.0,21.0,,,1680,39.0,6.0,2.2,,,450.0,,32.0,200.0,6.4,0.38,0.36,,,15.0,96.0,4000,,,reliable,
B&C,21SW152v2013,4,21.5,,,1680,30.9,3,,,,489.3,,32,200,7,0.31,0.297,,,7.5,99.5,2000,,,reliable,
B&C,250AMX,8.0,10.0,,,320,14.3,5.3,,,,27.8,,66,30,5.3,0.3,0.284,,,2.4,98.4,250,,,reliable,
B&C,320K/C-A,8.0,12.0,,,522.0,12.2,5.4,1.1,,,27.0,,82.0,53.0,13.3,0.52,0.5,,,2.0,101.0,120.0,,,unreliable,"coupling_failed: Mms free-air radiation-mass correction exceeds 50% of Mms (0.509), check Sd/Mms, stated Mms=27 g, computed Mmd=13.2456 g, radiation mass difference=50.94% (limit 50%)"
B&C,320K/C-A,16.0,12.0,,,522,16.8,12.0,2.2,,,28.0,,82.0,52.0,14.0,0.61,0.59,,,2.0,100.0,240,,,reliable,
B&C,320KC-8A,8,12,,,522,12.1,5.4,,,,27.2,,82,53,13.3,0.52,0.5,,,2,101.2,120,,,unreliable,"coupling_failed: Mms free-air radiation-mass correction exceeds 50% of Mms (0.506), check Sd/Mms, stated Mms=27.2 g, computed Mmd=13.4456 g, radiation mass difference=50.57% (limit 50%)"
B&C,4NDF34,8.0,4.0,,,57,9,5.5,0.23,,,6.1,,110,1.6,4.2,0.28,0.27,,,3.8,92,200,,,reliable,
B&C,4NDS34,8.0,4.0,,,57,8.8,5.5,0.21,,,7.2,,79,2.6,8.5,0.25,0.24,,,3.8,89,200,,,reliable,
B&C,5FG44,8.0,5.0,,,95,10,5.8,0.8,,,12,,63,6.3,10,0.3,0.27,,,3,92,200,,,reliable,
B&C,5FG44,16.0,5.0,,,92,11.6,11.1,0.8,,,12,,70,5.1,10.5,0.4,0.39,,,3,90,200,,,reliable,
B&C,5MDN38,8.0,5.0,,,95,11.1,5.5,0.4,,,8,,175,1.4,2.3,0.36,0.31,,,3.5,97,180,,,reliable,
B&C,5MDN38,16.0,5.0,,,95,15,11.7,0.7,,,8,,230,0.8,3,0.57,0.48,,,3.5,96,200,,,reliable,
B&C,5NDL38,8.0,5.0,,,95,9.2,5.5,0.64,,,11,,80,4.3,9.2,0.37,0.36,,,3.5,91,180,,,reliable,
B&C,5NSM38,8.0,5.0,,,95,10.1,5.3,0.15,,,9,,300,0.3,4.1,0.99,0.79,,,2.2,99,220,,,reliable,
B&C,5NSM38,16.0,5.0,,,95,11.7,9.3,0.2,,,8.6,,320,0.4,4.5,1.18,0.94,,,2.2,99,220,,,reliable,
B&C,6CLA51,8.0,6.5,,,132,11.4,5,0.9,,,15,,96,4.3,2.9,0.36,0.32,,,4.8,94.5,500,,,reliable,
B&C,6CLA51,16.0,6.5,,,132,12.8,9.7,1.25,,,14,,89,5.7,3.9,0.46,0.41,,,5.5,93.5,500,,,reliable,
B&C,6MBX44,8.0,6.5,,,132,11.7,5.4,0.2,,,12,,113,4.1,3.9,0.34,0.31,,,3.5,98,400,,,reliable,
B&C,6MBX44,16.0,6.5,,,132,14.7,10.4,0.34,,,12,,115,4,2.9,0.41,0.35,,,3.5,98,400,,,reliable,
B&C,6MD38,8.0,6.5,,,132,10.5,5.7,0.25,,,12,,130,3,3.7,0.49,0.44,,,2,96,240,,,reliable,
B&C,6MD38,16.0,6.5,,,132,14.5,11.7,0.4,,,11,,150,2.3,2.8,0.61,0.5,,,3.5,95,240,,,reliable,
B&C,6MDN44,8.0,6.5,,,132,11,5.4,0.47,,,11,,140,2.7,2.8,0.46,0.4,,,2.5,96.5,400,,,reliable,
B&C,6MDN44,16.0,6.5,,,132,14.5,11.8,0.56,,,12,,138,2.8,3,0.56,0.47,,,3,97,400,,,reliable,
B&C,6NDL38,4.0,6.5,,,132,7.8,3.1,0.4,,,18,,69,7.1,10.05,0.4,0.39,,,6,91,300,,,reliable,
B&C,6NDL38,8.0,6.5,,,132,9.5,5.2,0.6,,,17,,72,7,11.5,0.44,0.42,,,6,92,300,,,reliable,
B&C,6NDL38,16.0,6.5,,,132,11.7,11.3,1,,,15,,70,8.9,10.29,0.53,0.5,,,6,93,300,,,reliable,
B&C,6NSM51,8.0,6.5,,,143,13.9,5.4,0.15,,,13.5,,280,0.7,5.4,0.68,0.6,,,2.8,100,500,,,reliable,
B&C,6PEV13,8.0,6.5,,,132,8.2,5.2,0.6,,,6,,126,6,4.6,0.39,0.36,,,2.5,99,240,,,reliable,
B&C,6PS38,8.0,6.5,,,132,10.8,5.4,0.6,,,14,,75,8,11.7,0.31,0.3,,,6,94,300,,,reliable,
B&C,6PS44,8.0,6.5,,,132,11,5.3,0.7,,,18,,71,7,12.5,0.34,0.33,,,4.5,93,400,,,reliable,
B&C,8BG51,8.0,8.0,,,220,11.8,5.1,0.5,,,35.0,,52.0,18.0,12.3,0.42,0.4,,,6.5,92.0,500,,,reliable,
B&C,8CL51,8.0,8.0,,,220,12.0,5.1,0.5,,,29.0,,69.0,12.5,5.6,0.44,0.41,,,6.5,94.0,400,,,reliable,
B&C,8CL51,16.0,8.0,,,220,16.1,10.1,0.9,,,26.0,,83.0,9.5,8.9,0.54,0.51,,,6.0,94.0,400,,,reliable,
B&C,8CLA64,8.0,8.0,,,220,16.4,5.6,1.0,,,27.0,,71.0,12.5,7.3,0.25,0.24,,,5.3,96.0,500,,,reliable,
B&C,8FG51,8.0,8.0,,,220,12.9,5.1,0.5,,,35.0,,49.0,20.0,9.0,0.34,0.32,,,6.5,93.0,500,,,reliable,
B&C,8FG64,8.0,8.0,,,220,15.8,5.8,1.7,,,41.0,,51.0,15.0,10.1,0.32,0.31,,,7.0,92.0,600,,,reliable,
B&C,8FG64,16.0,8.0,,,220,16.8,11.9,2.9,,,36.0,,53.0,16.9,9.33,0.37,0.35,,,7.5,92.0,600,,,unreliable,"qes_inconsistent: stated=0.37 , computed=0.50546 , difference=36.61% (limit 20%)"
B&C,8FMB51,8.0,8.0,,,227,11.3,4.7,0.48,,,20.2,,67.0,20.7,3.07,0.31,0.28,,,5.5,96.5,500,,,reliable,
B&C,8FMB51,16.0,8.0,,,227,13.73,9.8,0.83,,,19.7,,68.0,20.5,4.1,0.43,0.39,,,5.5,96.0,500,,,reliable,
B&C,8FW51,8.0,8.0,,,220,17.7,5.2,0.56,,,27.0,,74.0,12.0,9.3,0.21,0.21,,,6.0,97.0,400,,,reliable,
B&C,8MBX51,8.0,8.0,,,220,11.4,4.9,0.4,,,20.0,,60.0,23.0,5.6,0.31,0.29,,,6.0,96.5,400,,,reliable,
B&C,8MBX51,16.0,8.0,,,220,13.7,10.2,0.65,,,18.4,,68.0,22.0,3.3,0.43,0.38,,,6.0,97.0,400,,,reliable,
B&C,8MDN51,8.0,8.0,,,220,15.3,5.1,0.8,,,23.0,,70.0,16.0,3.7,0.21,0.2,,,6.0,97.0,400,,,reliable,
B&C,8MDN51,16.0,8.0,,,220,17.8,10.0,1.25,,,22.0,,68.0,17.5,5.2,0.29,0.27,,,6.0,97.0,400,,,reliable,
B&C,8NDL51,4.0,8.0,,,220,7.3,2.6,0.15,,,27.0,,75.0,10.1,5.22,0.64,0.57,,,7.0,94.0,400,,,reliable,
B&C,8NDL51,8.0,8.0,,,220,12.4,5.3,0.5,,,28.0,,66.0,14.0,3.6,0.41,0.37,,,7.0,94.0,400,,,reliable,
B&C,8NDL51,16.0,8.0,,,220,15.2,10.6,0.6,,,26.0,,70.0,13.4,5.88,0.51,0.47,,,7.0,94.0,400,,,reliable,
B&C,8NDL64,8.0,8.0,,,220,17.5,5.4,0.62,,,28.0,,80.0,9.6,10.91,0.25,0.25,,,4.5,97.0,700,,,reliable,
B&C,8NDL64,16.0,8.0,,,220,24.0,11.2,1.03,,,27.0,,73.0,11.8,6.8,0.25,0.24,,,4.5,97.0,700,,,reliable,
B&C,8NSM64,8.0,8.0,,,220,22.0,5.7,0.6,,,19.0,,245.0,1.5,9.3,0.35,0.34,,,2.0,100.0,500,,,reliable,
B&C,8NSM64,16.0,8.0,,,220,28.0,10.9,1.9,,,19.0,,245.0,1.5,10.2,0.45,0.43,,,2.0,100.0,500,,,reliable,
B&C,8NW51,4.0,8.0,,,220,11.2,2.5,0.2,,,27.0,,76.0,10.6,5.3,0.26,0.25,,,6.0,97.0,400,,,reliable,
B&C,8NW51,8.0,8.0,,,220,18.9,5.2,0.4,,,28.0,,74.0,11.0,2.7,0.19,0.17,,,6.0,96.5,400,,,reliable,
B&C,8NW51,16.0,8.0,,,220,23.0,10.7,0.4,,,27.0,,68.0,14.0,6.3,0.23,0.22,,,7.0,97.0,400,,,reliable,
B&C,8PE21,8.0,8.0,,,220,16.6,5.6,0.5,,,18.0,,87.0,13.0,3.8,0.2,0.19,,,2.5,98.0,400,,,reliable,
B&C,8PS21,8.0,8.0,,,220,12.6,5.4,0.5,,,23.0,,73.0,14.0,4.2,0.36,0.33,,,5.0,94.0,400,,,reliable,
B2 Audio,RAMPAGE 18 ÉLITE AGE18D,2,15,,,678.2,14.1,1.8,,,,244,,26,99,7.875,0.36,0.344,,,23.5,95.3,4000,,,reliable,
Bassface,38CM 2500W RMS D2,2,15,,,804.2,10.4,1,,,,170.9,,40.9,80.2,6.958,0.409,0.386,,,11.8,102.3,2500,,,reliable,
Bassface,SPL15.2,4,15,,,829.6,8.2,2,,,,57,,46.4,199.1,3.561,0.495,0.435,,,15.4,104,2000,,,reliable,
BD Design,BD15,16,15,,,855,29.1,13.6,,,,66.4,,38.9,258.2,5.12,0.26,0.247,,,4,97.3,200,,,reliable,
Benett,12.180 X/N,8,12,,,490.9,13.5,5.95,,,,35.3,,49,100.9,4.17,0.353,0.325,,,3,98.5,100,,,reliable,
Benett,12.200 X/N,8,12,,,510,16.8,5.9,,,,35.6,,40,162,4.77,0.188,0.181,,,3,100.7,100,,,reliable,
Benett,15.200 X/N,8,15,,,829,19.1,6,,,,61.4,,34.3,338,7.56,0.217,0.211,,,5,101.2,200,,,reliable,
Benett,15.200 Y/N,8,15,,,855,25.3,5.7,,,,65.4,,33.5,354,5.79,0.123,0.12,,,3.7,103.8,200,,,reliable,
Benett,15.200 Z/N,8,15,,,855,17,5.5,,,,69.6,,32.9,344,9.264,0.273,0.265,,,5,100.1,200,,,reliable,
Benett,18.300,8,18,,,1164,28.1,6.6,,,,113.9,,22.8,809.8,4.365,0.137,0.133,,,5,101.3,250,,,reliable,
Benett,18.300 T/S,8,18,,,1164,28.1,6.6,,,,113.9,,22.8,809.8,4.365,0.137,0.133,,,5,101.3,250,,,reliable,
Beyma,102Nd/N,8,10,,,380,25.8,5.5,,,,32.6,,53,56,10.1,0.09,0.089,,,2,103.3,200,,,reliable,
Beyma,10AG,8,10,,,390,6.3,7.2,,,,18.2,,50,119,3.65,1.02,0.797,,,1.5,94.1,40,,,reliable,
Beyma,10AGN,8,10,,,360,6.5,7.4,,,,18.9,,90,30,4.6,1.85,1.319,,,1.6,93,100,,,reliable,
Beyma,10BR60,8,10,,,380,12.6,6.5,,,,53.9,,45,47,1.9,0.62,0.467,,,3.5,91.3,100,,,reliable,
Beyma,10BR60 STUDIO,8,10,,,380,13.1,6.5,,,,61.8,,42,47,1.9,0.62,0.467,,,3.6,90.4,100,,,reliable,
Beyma,10BR60 V2,8,10,,,359.7,11.5,7.79,,,,44.8,,32,99.9,3.248,0.534,0.459,,,6.5,90,100,,,reliable,
Beyma,10BR60 V2,8,10,,,359.7,11.4,7.85,,,,42.9,,30.7,113.7,3.167,0.504,0.435,,,6.5,90.2,100,,,reliable,
Beyma,10BR60 V2 v2023,8,10,,,380,10.8,6.5,,,,42.9,,29,142,3.3,0.44,0.388,,,6.5,91.8,100,,,reliable,
Beyma,10BR60/V2,8,,,,380,10.9,6.5,1.14,,,44,,29,142,3.3,0.44,0.39,0.693,2.4,6.5,92,100,,,reliable,
Beyma,10CMV2,8,10,,,380,13.4,5.9,0.8,,,42,,52,44,3.8,0.47,0.42,0.216,3.7,6.5,95,250,,,reliable,
Beyma,10CX25,8,10,,,380,12.4,6.3,,,,27.7,,53,66,10,0.38,0.366,,,5,97.1,250,,,reliable,
Beyma,10CX300/Fe,8,10,,,380,11.6,5.2,0.4,,,35,,48,63,5.3,0.41,0.38,0.307,2,6.7,96.5,600,,,reliable,
Beyma,10G100,8,10,,,370,14.7,6,,,,23.8,,56,65,2.07,0.234,0.21,,,1.5,100.1,80,,,reliable,
Beyma,10G150,8,10,,,380,14.6,6.8,,,,30.9,,47,75,1.63,0.29,0.246,,,3.7,97,125,,,reliable,
Beyma,10G200,8,10,,,380,17.2,6,,,,45.1,,45,56.1,7.02,0.26,0.251,,,4.5,96.2,200,,,reliable,
Beyma,10G40,8,,,,380,17,6.2,0.6,,,52,,45,49,7.1,0.32,0.3,0.241,2.1,7,95,400,,,reliable,
Beyma,10G40 v2016,8,10,,,378.9,16.8,6.2,,,,51.4,,45,49,7.1,0.32,0.306,,,6.6,94.5,400,,,reliable,
Beyma,10LW30,8,10,,,360,15.8,6,,,,47.4,,42,55,11.97,0.3,0.293,,,7,94.6,450,,,reliable,
Beyma,10LW30/N,8,10,,,350,18.1,6.1,,,,53.8,,38,56,9.9,0.24,0.234,,,7,94.2,450,,,reliable,
Beyma,10LW30/N v2017,8,10,,,350,19.2,6.2,,,,51.4,,55,28,8.5,0.3,0.29,,,5.1,95,450,,,reliable,
Beyma,10M250,8,10,,,380,16.3,5.8,,,,32,,50,64,7.93,0.22,0.214,,,3.5,99,250,,,reliable,
Beyma,10MC500Nd,8,10,,,350,18.7,5.5,,,,45,,58,29,4.7,0.26,0.24,,,8,97,500,,,reliable,
Beyma,10MC700ND v2019,8,10,,,350,21.7,5.2,,,,54.8,,63,20,3.8,0.24,0.226,,,4.2,97,700,,,reliable,
Beyma,10MCB700,8,10,,,350,20.1,5.3,,,,55,,75,13.2,4.9,0.35,0.33,,,7,96,700,,,reliable,
Beyma,10MI100 v2017,8,10,,,380,18.5,6.3,,,,38,,50,54,6.6,0.22,0.213,,,4.5,97.9,350,,,reliable,
Beyma,10MW/ND,8,10,,,355,15.9,5.5,,,,42.2,,47,48,7.39,0.27,0.26,,,5.9,96.3,350,,,reliable,
Beyma,10MW/ND v2,8,10,,,350,15.8,6,,,,44.5,,49,40.7,9.95,0.33,0.319,,,6.1,94.8,350,,,reliable,
Beyma,10NMFS,8,10,,,370,16,5.9,1.49,,,89,,35,45,5.9,0.45,0.42,0.233,3.3,14.5,90,350,,,reliable,
Beyma,10WRS300,8,,,,350,13.9,6.1,1,,,39,,52,42,5.5,0.4,0.38,0.242,2.3,6,95,300,,,reliable,
Beyma,10XC25,8,10,,,380,13.8,6.1,,,,31.5,,63,41,6.3,0.4,0.376,,,4.5,97.2,250,,,reliable,
Beyma,112Nd/W,8,12,,,550,18.2,5.6,,,,84.8,,48,55,12.2,0.43,0.415,,,7.4,95,700,,,reliable,
Beyma,115ND/W,8,15,,,910,24.4,5.2,,,,148.1,,37,145,5.6,0.3,0.285,,,6.6,97.7,700,,,reliable,
Beyma,118Nd/W,8,18,,,1300,25,6.1,,,,186,,36,249,14.1,0.41,0.398,,,7,97.7,700,,,reliable,
Beyma,122Nd,8,12,,,530,24,5.2,,,,44.2,,56,72,12,0.14,0.138,,,2,103.4,200,,,reliable,
Beyma,12AG,8,12,,,540,9.2,6.5,,,,31.3,,60,92,3.35,0.9,0.709,,,1.5,96.3,80,,,reliable,
Beyma,12B100R v1,8,12,,,530,16.4,5.9,,,,75.7,,26,195,6.42,0.27,0.259,,,3,94.3,150,,,reliable,
Beyma,12B100R v2017,8,12,,,530,17.3,6.6,,,,77,,29,154,6.49,0.31,0.296,,,3,93.6,150,,,reliable,
Beyma,12BR70,8.0,12.0,,,540.0,12.1,5.6,0.8,,,74.0,,31.0,142.0,4.44,0.56,0.5,0.345,3.3,8.0,93.0,125.0,,,reliable,
Beyma,12BR70,8,12,,,540,12.7,6.26,,,,44.8,,49.1,95.8,3.24,0.538,0.461,,,4,96.3,125,,,reliable,
Beyma,12BR70,8,12,,,540,15.4,5.6,,,,87.7,,33.7,104,2.14,0.44,0.365,,,4.4,93.1,125,,,reliable,
Beyma,12BR70,8,12,,,540,14,4.9,,,,76.6,,37.2,97.7,4.3,0.45,0.407,,,4.6,94.6,125,,,reliable,
Beyma,12BR70,8,12,,,540,14.9,4.9,,,,87.8,,35.1,95.7,3.93,0.43,0.388,,,4.5,93.9,125,,,reliable,
Beyma,12BR70 v2,8,12,,,540,15.4,5.6,,,,84.5,,35,100,1.85,0.44,0.355,,,4.1,93.4,125,,,reliable,
Beyma,12BR70 v2014,8,12,,,540,12.2,5.6,,,,75.9,,31,142,4.44,0.56,0.497,,,6,92.3,125,,,reliable,
Beyma,12BR70 v2015,8,12,,,540,12.2,5.6,,,,75.9,,31,142,4.44,0.56,0.497,,,6,92.3,125,,,reliable,
Beyma,12CMV2,8,12,,,530,13.7,6,,,,54.7,,49,76,3.9,0.54,0.47,,,7,94,320,,,reliable,
Beyma,12CMV3,8.0,12.0,,,530.0,12.3,6.1,0.89,,,44,,52.0,85.0,10.6,0.58,0.55,,,7.0,96.5,320.0,,,reliable,
Beyma,12CX,8,12,,,540,13,5.7,,,,43,,42,146.4,3.5,0.38,0.34,,,2,96.4,100,,,reliable,
Beyma,12CXA400Fe,8,12,,,550,19.8,6.6,1.1,,,66,,42,94,7.2,0.26,0.25,0.22,2.4,6,96,400,,,reliable,
Beyma,12CXA400Nd,8,12,,,550,18.6,6.6,,,,51.9,,45,102.2,6.24,0.28,0.268,,,6,98,400,,,reliable,
Beyma,12CXA400Nd v2018,8,12,,,550,20.7,6.6,,,,59.9,,45,88.5,7.1,0.26,0.251,,,5.5,97.7,400,,,reliable,
Beyma,12G125,8,12,,,510,15.6,6.5,,,,45,,41,122,2.01,0.31,0.269,,,4,97.2,125,,,reliable,
Beyma,12G200,8,12,,,480,18.2,6,,,,47.3,,40,108,1.25,0.216,0.184,,,3,98.3,200,,,reliable,
Beyma,12G250/R,8,12,,,530,22,6.2,,,,53.3,,42,106,4.24,0.18,0.173,,,2,99.5,200,,,reliable,
Beyma,12G300,8,12,,,500,17.7,5.5,,,,32.3,,44,142,7.11,0.157,0.154,,,1.2,102.5,150,,,reliable,
Beyma,12G350,8,12,,,550,18.4,6,,,,53.7,,50,80,11.9,0.3,0.293,,,3.1,98.5,125,,,reliable,
Beyma,12G40,8,,,,530,18.4,6,2.1,,,62,,44,81,11.6,0.3,0.3,0.206,1.5,7,97,500,,,reliable,
Beyma,12GA50,8.0,12.0,,,530.0,10.0,6.2,0.6,,,34.0,,90.0,34.0,14.8,1.26,1.16,0.087,1.3,3.0,102.0,250.0,,,reliable,
Beyma,12GU,8,12,,,530,13.8,7,,,,33.9,,70,60,3.46,0.551,0.475,,,2,98.3,80,,,reliable,
Beyma,12K200 v1,8,12,,,530,17.4,6.2,,,,50.9,,35,160,11.17,0.23,0.225,,,4.5,97.8,250,,,reliable,
Beyma,12K200 v2,8,12,,,572.3,19.7,6.8,,,,65.3,,43,96.2,2.51,0.31,0.276,,,4.5,96.6,250,,,reliable,
Beyma,12KX,8,12,,,550,17.6,5.5,,,,75.8,,45,70,10.4,0.38,0.367,,,3.5,95.9,300,,,reliable,
Beyma,12LEX1000Fe,8.0,12.0,,,550.0,24.6,5.4,1.7,,,118.0,,49.0,38.4,3.6,0.32,0.3,,,11.0,95.0,1000.0,,,reliable,
Beyma,12LEX1300Nd,8.0,12.0,,,550.0,26.4,5.0,1.3,,,125.0,,45.0,43.0,4.2,0.25,0.24,,,11.0,96.0,1300.0,,,reliable,
Beyma,12LW30,8,12,,,585,14.8,6,,,,54.6,,45,110,10.37,0.42,0.404,,,5,97,350,,,reliable,
Beyma,12LW30/N,8,12,,,540,17.9,6.1,,,,65.8,,38,109,6.6,0.3,0.287,,,7,96.2,450,,,reliable,
Beyma,12LW30/N v2015,8,12,,,540,20,6.3,,,,69.9,,42,84,3.8,0.29,0.269,,,6.1,96.3,450,,,reliable,
Beyma,12LX60,8,12,,,550,20.92,5.5,,,,93.2,,42,66,9.8,0.309,0.3,,,9,93.8,700,,,reliable,
Beyma,12LX60V2,8.0,12.0,,,550.0,20.0,5.1,2.1,,,102.0,,49.0,43.0,15.3,0.4,0.38,0.099,2.1,9.0,96.0,700.0,,,reliable,
Beyma,12M300,8,12,,,530,19.3,6.3,,,,42.8,,45,115,8.49,0.204,0.199,,,3.8,100.1,300,,,reliable,
Beyma,12MC500,8.0,12.0,,,550.0,18.3,5.6,0.7,,,59.0,,57.0,57.0,7.8,0.35,0.34,,,8.0,98.0,500.0,,,reliable,
Beyma,12MC700Nd,8.0,12.0,,,550.0,21.6,5.2,1.0,,,72.0,,51.0,58.0,4.1,0.26,0.24,,,7.0,99.0,700.0,,,reliable,
Beyma,12MCB700,8.0,12.0,,,550.0,20.4,5.4,0.9,,,69.0,,51.0,59.5,3.9,0.29,0.27,,,7.0,98.0,700.0,,,reliable,
Beyma,12MI100,8.0,12.0,,,530.0,21.6,6.3,1.0,,,47.0,,58.0,64.0,5.5,0.23,0.22,0.163,3.3,3.0,100.0,450.0,,,reliable,
Beyma,12MW/ND,8,12,,,550,16.6,6,,,,58.1,,43,100,9.15,0.34,0.328,,,6.5,96.9,350,,,reliable,
Beyma,12P1000Nd,8.0,12.0,,,550.0,23.5,5.1,2.0,,,100.0,,47.0,49.0,7.9,0.27,0.26,,,8.0,96.0,900.0,,,reliable,
Beyma,12P80/Fe,8,12,,,550,23.1,5.2,,,,67.2,,46,75.6,10.14,0.189,0.186,,,5.6,99.8,700,,,reliable,
Beyma,12P80Nd,8,12,,,550,23.3,5.2,,,,55.4,,45,95.7,6.6,0.15,0.147,,,5.5,101.5,700,,,reliable,
Beyma,12P80Nd/V2,8.0,12.0,,,550.0,23.7,5.0,0.9,,,74.0,,47.0,65.0,5.2,0.2,0.19,,,7.5,100.0,700.0,,,reliable,
Beyma,12SW1300ND,8,12,,,550.5,24.6,4.9,,,,118.1,,45,45,12.07,0.27,0.264,,,7,95.9,1200,,,reliable,
Beyma,12WR400,8.0,12.0,,,530.0,18.0,5.6,1.0,,,63,,42.0,91.0,5.6,0.28,0.27,0.228,3,6.3,97.0,400.0,,,reliable,
Beyma,12WRS400,8.0,12.0,,,530.0,17.4,5.6,1.3,,,63.0,,42.0,91.0,7.7,0.31,0.29,,,6.3,97.0,400.0,,,reliable,
Beyma,12XA30/ND,8,12,,,525,18.2,6.8,,,,47,,35,172,8,0.216,0.21,,,4,97.2,350,,,reliable,
Beyma,12XM,8,12,,,530,13.3,5.3,,,,45.2,,42,125,10.83,0.36,0.348,,,4,97.9,250,,,reliable,
Beyma,14MC700ND,8,14,,,700,22,5.3,,,,86,,51,78,3.3,0.3,0.28,,,7,99,700,,,reliable,
Beyma,15 GI-100,8,15,,,860,17,6.2,,,,56.1,,33,430,9.18,0.25,0.243,,,4,101,150,,,unreliable,"coupling_failed: Mms free-air radiation-mass correction exceeds 50% of Mms (0.518), check Sd/Mms, stated Mms=56.1 g, computed Mmd=27.014 g, radiation mass difference=51.85% (limit 50%)"
Beyma,15 XT,8,15,,,850,19.8,6.5,,,,87.3,,33,270,7.68,0.3,0.289,,,5,98,200,,,reliable,
Beyma,15B100R,8,15,,,873.5,21.3,5.34,,,,108.8,,27.3,334,9.4,0.22,0.215,,,3,98.6,150,,,reliable,
Beyma,15B42,8,15,,,880,21.7,6.01,,,,97.6,,24.2,480.9,7.869,0.189,0.185,,,4,98.8,150,,,reliable,
Beyma,15B46,8,15,,,894.4,22.2,6.5,,,,113.7,,35,204,9.3,0.33,0.319,,,4,97.1,150,,,reliable,
Beyma,15BBB,8,15,,,880,17.1,5,,,,88.6,,42,176,7.62,0.4,0.38,,,3.3,99.2,150,,,reliable,
Beyma,15BR400,8,15,,,880,22.3,5.7,,,,111.5,,30,274,13.5,0.24,0.236,,,6,98.3,400,,,reliable,
Beyma,15BR46,8,15,,,880,21.7,6.01,,,,97.6,,24.2,480.9,7.869,0.189,0.185,,,2.5,98.8,150,,,reliable,
Beyma,15CMV2,8.0,15.0,,,880.0,18.8,6.0,1.2,,,106.0,,49.0,104.0,4.1,0.55,0.49,,,7.0,97.0,350.0,,,reliable,
Beyma,15CMV2 v2021,8,15,,,880,19.2,6,,,,110.1,,49,104,4.1,0.55,0.485,,,4.5,96.7,350,,,reliable,
Beyma,15CXA400Fe,8,15,,,880,18.2,6.3,,,,90,,40,191,16.4,0.43,0.419,,,6,97.6,400,,,reliable,
Beyma,15CXA400Nd,8,15,,,880,19.3,6.6,,,,87.7,,40,196,4.37,0.39,0.358,,,6,97.9,400,,,reliable,
Beyma,15G300,8,15,,,740,17.4,6.2,,,,60.7,,37,234,9.61,0.288,0.28,,,4,99.2,250,,,reliable,
Beyma,15G350,8,15,,,830,17.7,6.3,,,,70.1,,34,302,12.78,0.3,0.293,,,4.5,99,250,,,reliable,
Beyma,15G40,8,15,,,830,23,5.9,,,,119.9,,37,149,9.95,0.31,0.301,,,7.7,97.2,700,,,reliable,
Beyma,15G400,8,15,,,830,23.2,6,,,,114.1,,35,175,8.3,0.28,0.271,,,6.1,97.5,400,,,reliable,
Beyma,15G450,8,15,,,880,24,5.7,,,,118.1,,45,115,10.5,0.33,0.32,,,6.2,98.5,750,,,reliable,
Beyma,15G450/N,8,15,,,880,24,5.7,,,,118.1,,45,115,10.5,0.33,0.32,,,6.2,98.5,750,,,reliable,
Beyma,15G450/N v2015,8,15,,,880,24,5.6,,,,134,,44,106,7,0.36,0.342,,,6.2,97.5,750,,,reliable,
Beyma,15GT200 v1,8,15,,,860,22.9,6,,,,105.2,,30.4,270,7.22,0.23,0.223,,,5.5,98.4,250,,,reliable,
Beyma,15GT200 v1990,8,15,,,880,19.8,5.8,,,,86.2,,34,276,1.75,0.273,0.236,,,5,99.4,250,,,reliable,
Beyma,15GT200 v2,8,15,,,860,22.9,6,,,,101.2,,31,270,7.22,0.225,0.218,,,5.4,98.8,250,,,reliable,
Beyma,15k200,8,15,,,880,20.8,6.3,,,,109.3,,27,345,9.01,0.27,0.262,,,7.5,97,300,,,reliable,
Beyma,15LEX1000Fe,8.0,15.0,,,880.0,23.2,5.4,1.7,,,142,,41.0,116.0,5.1,0.37,0.34,0.106,7.2,11.0,97.0,1000.0,,,reliable,
Beyma,15LEX1000Nd,8.0,15.0,,,880.0,21.9,5.2,1.1,,,147.0,,41.0,113.0,3.9,0.41,0.37,0.103,9.7,10.0,97.0,1000.0,,,reliable,
Beyma,15LEX1200Nd,8.0,15.0,,,880.0,26.4,5.1,1.5,,,164.0,,36.0,127.0,6.2,0.32,0.3,,,11.0,97.0,1200.0,,,reliable,
Beyma,15LEX1600Fe,8.0,15.0,,,880.0,25.8,5.3,1.7,,,179.0,,38.0,106.0,6.9,0.34,0.33,0.097,6.2,13.0,96.0,1600.0,,,reliable,
Beyma,15LEX1600Nd,8.0,15.0,,,880.0,25.7,5.5,1.6,,,175.0,,41.0,91.0,6.6,0.38,0.36,,,14.5,96.0,1600.0,,,reliable,
Beyma,15LW30,8,15,,,880,18.7,6.1,,,,82.6,,32,325,8.4,0.29,0.28,,,7,98.8,500,,,reliable,
Beyma,15LW30 v2015,8,15,,,880,18.9,6.2,,,,94.8,,34,251,4.5,0.35,0.325,,,7,97.6,500,,,reliable,
Beyma,15LX60,8,15,,,910,19.4,5.5,,,,111.6,,35,215,8.7,0.36,0.346,,,9,97.7,700,,,reliable,
Beyma,15LX60V2,8.0,15.0,,,910.0,21.1,5.1,2.1,,,147.0,,42.0,105.53,21.23,0.45,0.44,0.092,1.9,8.0,98.0,700.0,,,reliable,
Beyma,15M300,8,15,,,880,19.8,6.3,,,,61.7,,45,220,8.1,0.28,0.271,,,3.5,101.6,300,,,reliable,
Beyma,15M300v2,8,15,,,850,19.8,6.3,,,,68.5,,45,185,7,0.31,0.297,,,4.9,100.4,300,,,reliable,
Beyma,15MC500,8.0,15.0,,,880.0,18.3,5.6,1.1,,,98.0,,46.0,134.0,7.8,0.47,0.45,,,8.0,98.0,500.0,,,reliable,
Beyma,15MC700,8,15,,,880,20.7,5.9,,,,106.9,,41,153,4.8,0.38,0.352,,,7.4,97.7,700,,,reliable,
Beyma,15MC700Nd,8.0,15.0,,,880.0,22.6,5.2,0.8,,,107.0,,49.0,105.0,3.6,0.34,0.31,,,7.0,100.0,700.0,,,reliable,
Beyma,15MCB700,8.0,15.0,,,880.0,20.0,5.3,0.9,,,96.0,,44.0,148.0,5.4,0.36,0.34,,,7.0,99.0,700.0,,,reliable,
Beyma,15MI100,8,15,,,880,21.3,6.3,,,,71.9,,48,166,6.38,0.3,0.287,,,4.5,100.9,450,,,reliable,
Beyma,15MI100,8,15,,,880,27.1,6.3,,,,87.8,,38,217,6.9,0.18,0.175,,,4.5,101.2,450,,,reliable,
Beyma,15MI100 v2014,8,15,,,880,19.1,6.2,,,,76.1,,37,264,6.38,0.3,0.287,,,4.5,99.6,450,,,reliable,
Beyma,15MI100 v2020,8,15,,,880,21.3,6.3,,,,71.9,,48,166,6.38,0.3,0.287,,,4.5,100.9,450,,,reliable,
Beyma,15MW/ND,8,15,,,850,18.1,5.7,,,,77.5,,40,207,12.33,0.34,0.331,,,6.5,99.4,400,,,reliable,
Beyma,15MW/ND v2019,8,15,,,880,17.1,5,,,,88.6,,42,176,7.62,0.4,0.38,,,6.3,99.2,400,,,reliable,
Beyma,15P1000,8,15,,,880,26.4,6.2,,,,153.7,,35,146,12.8,0.3,0.293,,,8.7,96.3,1000,,,reliable,
Beyma,15P1000FE,8,15,,,855,23.8,5.1,,,,149.2,,45,85.9,11.46,0.38,0.368,,,6.9,97.1,1000,,,reliable,
Beyma,15P1000FeV2,8.0,15.0,,,855.0,27.4,5.2,1.5,,,157.0,,45.0,80.7,5.86,0.31,0.3,0.078,7.6,8.0,98.0,1000.0,,,reliable,
Beyma,15P1000Nd,8,15,,,855,24.2,5.1,,,,145.7,,45,88,9.6,0.36,0.347,,,6.7,97.4,1000,,,reliable,
Beyma,15P1200Nd,8,15,,,855,26.3,5.3,,,,152.6,,45,84,7.73,0.33,0.316,,,6.8,97.4,1200,,,reliable,
Beyma,15P1200Nd/N,8,15,,,855,27.3,5.2,,,,173.7,,42,84.7,14.2,0.32,0.313,,,7.1,96.8,1200,,,reliable,
Beyma,15P80/FE,8,15,,,880,23.5,5,,,,102.7,,41,159.3,13.32,0.24,0.236,,,6.6,100.6,800,,,reliable,
Beyma,15P80/ND v2015,8,15,,,880,24.2,5.1,,,,101,,33,250,7.7,0.182,0.178,,,7.8,100.9,800,,,reliable,
Beyma,15P80Fe/N,8.0,15.0,,,880.0,22.1,5.3,1.2,,,88.0,,32.0,305.0,5.5,0.19,0.18,0.279,3.2,7.5,101.0,800.0,,,reliable,
Beyma,15P80Nd,8.0,15.0,,,880.0,23.8,5.1,0.8,,,98.0,,39.0,184.0,5.1,0.22,0.21,,,7.5,101.0,800.0,,,reliable,
Beyma,15QLEX1600Fe,8.0,15.0,,,880.0,35.6,5.3,3.7,,,254.0,,33.0,102.0,6.3,0.22,0.21,,,13.0,96.0,1600.0,,,reliable,
Beyma,15SP,8,15,,,700,11.4,5.5,,,,55,,32,309,3.37,0.47,0.412,,,4.3,96.9,150,,,reliable,
Beyma,15SW1300ND,8,15,,,880,24.8,5.2,,,,158.5,,44,89.6,14.7,0.37,0.361,,,7.8,97,1300,,,reliable,
Beyma,15T100/N,8,15,,,851,13.2,5.7,,,,76.3,,35,275,2.63,0.55,0.455,,,6,96.8,200,,,reliable,
Beyma,15WR400,8.0,15.0,,,880.0,19.2,5.6,1.0,,,91.0,,36.0,236.0,8.2,0.31,0.3,,,6.3,99.0,400.0,,,reliable,
Beyma,15WR400 v2020,8,15,,,880,19.2,5.6,,,,89.9,,36,236,8.2,0.31,0.299,,,6.3,99,400,,,reliable,
Beyma,15WRS400,8.0,15.0,,,880.0,18.2,5.6,1.1,,,91.0,,36.0,236.0,9.1,0.35,0.33,,,6.3,98.5,400.0,,,reliable,
Beyma,15XA38ND,8,15,,,880,18.2,6.8,,,,70.3,,33,359,7.5,0.3,0.288,,,6,99,350,,,reliable,
Beyma,15XA38Nd v2020,8,15,,,880,20.3,6.7,,,,80,,38,238,6.4,0.31,0.296,,,6,99,350,,,reliable,
Beyma,15XM,8,15,,,880,14.8,5.8,,,,68.4,,36,310,13.8,0.41,0.398,,,4,98.9,250,,,reliable,
Beyma,18G40,8,18,,,1300,23,5.9,,,,193.3,,31,323,12.7,0.42,0.407,,,7,96.9,700,,,reliable,
Beyma,18G400,8,18,,,1300,22.2,5.5,,,,154.3,,36,300,8.84,0.39,0.374,,,6,99.2,400,,,reliable,
Beyma,18G50,8,18,,,1320,29.1,6.1,,,,182.4,,40,212,12.05,0.33,0.321,,,6,99.3,750,,,reliable,
Beyma,18G50,8,18,,,1320,28.5,6.29,,,,198.8,,39,204.9,12.48,0.376,0.365,,,6.4,98.1,750,,,reliable,
Beyma,18G550,8,18,,,1200,23.9,5.25,,,,187.9,,36,210,8.88,0.39,0.374,,,8.1,97.8,900,,,reliable,
Beyma,18G550,8,18,,,1200,21.8,5.07,,,,202,,29.5,291,8.36,0.4,0.382,,,9,96.7,900,,,reliable,
Beyma,18G550 v2015,8,18,,,1200,24,5.3,,,,187.9,,36,210,8.88,0.39,0.374,,,8.1,97.8,900,,,reliable,
Beyma,18G550 v2018,8,18,,,1320,23.3,5.6,,,,195.9,,33,290,7,0.42,0.396,,,9,97.5,900,,,reliable,
Beyma,18G550/S-8,8,18,,,1320,23.3,5.6,,,,195.9,,33,290,7,0.42,0.396,,,9.3,97.5,900,,,reliable,
Beyma,18GT200 v1,8,18,,,1320,26.9,6,,,,171.8,,24.6,595,7.11,0.22,0.213,,,5.8,99.3,250,,,reliable,
Beyma,18GT200 v2,8,18,,,1100,20.8,5.8,,,,134.5,,30,355,6.02,0.34,0.322,,,6,97.9,250,,,reliable,
Beyma,18GT400,8,18,,,1100,22.4,5.5,,,,145.2,,40,185,8.77,0.4,0.383,,,5.3,98.3,400,,,reliable,
Beyma,18LEX1000Fe,8,18,,,1255,23.8,5.4,1.9,,,196,,34,250,7.3,0.39,0.38,0.111,5.7,11,98,1000,,,reliable,
Beyma,18LEX1200Fe,8,18,,,1255,23.2,5.3,1.21,,,200,,32,277,12.2,0.39,0.38,0.124,3.2,11,97,1200,,,reliable,
Beyma,18LEX1200Nd,8,18,,,1255,26.4,5.3,1.7,,,200,,36,219,10.9,0.35,0.33,0.1,4.1,11,98,1200,,,reliable,
Beyma,18LEX1600Fe,8,18,,,1255,26.9,5.3,,,,252,,34,188,7.4,0.4,0.38,,,13,97,1600,,,reliable,
Beyma,18LX60,8,18,,,1320,20.4,5.5,,,,169.7,,27,500,11.45,0.38,0.368,,,9,97.7,700,,,reliable,
Beyma,18LX60,8,18,,,1288.3,19.9,6.29,,,,156.6,,31.3,385.3,12.57,0.49,0.472,,,9,96.8,700,,,reliable,
Beyma,18LX60,8,18,,,1320,20.3,6.29,,,,164,,31.3,385,12.57,0.49,0.472,,,9,96.8,700,,,reliable,
Beyma,18LX60V2,8,18,,,1320,21.9,5.1,,,,213.5,,35,236.5,15.72,0.5,0.485,,,8,97,700,,,reliable,
Beyma,18LX60V2/S,8,18,,,1320,21.8,5.1,2.1,,,215,,35,236,15.7,0.5,0.48,0.0945,3.1,8,98,700,,,reliable,
Beyma,18P1000,8,18,,,1200,26.2,6.2,,,,203.8,,32,245,16.7,0.37,0.362,,,8,96.5,1000,,,reliable,
Beyma,18P1000FE,8,18,,,1250,26.9,5.2,,,,221.5,,33,230,10.5,0.33,0.32,,,8,97.8,1000,,,reliable,
Beyma,18P1000FeV2/S,8,18,,,1250,26.8,5.2,1.75,,,221,,33,230,10.5,0.33,0.32,0.105,4.4,8,98,1200,,,reliable,
Beyma,18P1000Nd,8,18,,,1250,24.1,5.1,,,,194.8,,40,178,9.87,0.43,0.412,,,7.6,98.2,1000,,,reliable,
Beyma,18P100FE,8,18,,,1250,26.1,5.1,,,,212.5,,40,163.2,15.11,0.4,0.39,,,7.1,98.1,1000,,,reliable,
Beyma,18P1200Nd,8,18,,,1225,26.3,5.3,,,,196.6,,37,198,10.39,0.35,0.339,,,8.4,98.3,1200,,,reliable,
Beyma,18P1200Nd,8,18,,,1256.6,29.9,5.08,,,,250.1,,43.8,116.9,10.12,0.39,0.376,,,6.1,98,1200,,,reliable,
Beyma,18P1200Nd,8,18,,,1256.6,28.8,5.04,,,,234,,43.8,124.9,10.12,0.39,0.376,,,6.3,98.3,1200,,,reliable,
Beyma,18P80/ND,8,18,,,1225,21.9,5.1,,,,144.1,,30,411,11.55,0.29,0.283,,,7.5,99.8,800,,,reliable,
Beyma,18PW1400/FE,8,18,,,1255,29.4,5.05,,,,238.6,,32,228.9,10.23,0.28,0.273,,,9.1,98.3,1400,,,reliable,
Beyma,18PW1400FE /S,8,18,,,1255,29,5.1,,,,230,,32,228.9,10.2,0.28,0.27,,,10,98,1400,,,reliable,
Beyma,18PWB1000/FE,8,18,,,1250,25.9,5.9,,,,262.4,,31,220,7.9,0.45,0.426,,,9.6,94.9,1000,,,reliable,
Beyma,18PWB1000/FE v2016,8,18,,,1255,24.8,6,,,,242,,27,317,8.2,0.4,0.381,,,11.7,95.2,1000,,,reliable,
Beyma,18PWB1000Fe/S,8,18,,,1255,25,6,,,,245,,27,317,8.2,0.4,0.38,,,12.5,96,1000,,,reliable,
Beyma,18QLEX1600Fe,8,18,,,1255,36.4,5.2,1.75,,,323,,33,195,10.5,0.33,0.32,0.088,9.3,13,97,1600,,,unreliable,"qes_inconsistent: stated=0.33 , computed=0.262843 , difference=20.35% (limit 20%)"
Beyma,18SW1600ND,8,18,,,1255,29.4,5.5,,,,265.5,,32,205.7,11.74,0.34,0.33,,,10,96.6,1600,,,reliable,
Beyma,18WRS600,8.0,18,,,1255,19,5.2,,,,178,,30,354,13.8,0.48,0.47,,,8.5,97,600,,,reliable,
Beyma,21L45,8,21.5,,,1764,30.8,6.3,,,,267.9,,25,660,14.16,0.28,0.275,,,9,98.7,800,,,reliable,
Beyma,21L50,8,21.5,,,1764,30.6,6,,,,338.2,,33,300,12.03,0.45,0.434,,,7.9,97,1000,,,reliable,
Beyma,21LEX1600Nd,8,21,,,1734,36.6,5.4,4.7,,,393,,30,305,8.6,0.3,0.29,0.072,8.6,14,98,1600,,,reliable,
Beyma,21PW1400FE,8,21.5,,,1734,28.4,5.2,,,,295.5,,30,401.5,7.44,0.36,0.343,,,10,98.6,1400,,,reliable,
Beyma,21QLEX1600Fe,8,21,,,1734,36.4,5.4,4,,,388,,30,309,4.5,0.3,0.28,0.072,16.2,13,98,1600,,,reliable,
Beyma,21SW1600ND,8,21.5,,,1734,31.7,5.3,,,,365.8,,33,268,8.37,0.4,0.382,,,8.9,97.6,1600,,,reliable,
Beyma,380 MSPA,8,15,,,880,18.8,6.5,,,,87.6,,36,242.2,0.749,0.366,0.246,,,3.6,97.8,200,,,reliable,
Beyma,5G40Nd/N,8.0,5.0,,,85.0,10.0,6.6,0.2,,,9.0,,140.0,1.4,2.8,0.53,0.45,,,3.0,92.0,100.0,,,reliable,
Beyma,5MP60/N,8.0,5.0,,,85.0,6.4,5.33,0.2,,,11.0,,63.0,5.8,2.3,0.58,0.46,,,5.5,88.0,50.0,,,reliable,
Beyma,5P200Fe,8.0,5.0,,,95.0,8.5,5.2,0.6,,,10.0,,72.0,5.7,7.5,0.35,0.33,,,5.7,92.0,150.0,,,reliable,
Beyma,5P200Nd/N,8.0,5.0,,,95.0,10.5,5.3,0.28,,,11.0,,77.0,4.8,7.31,0.24,0.23,,,5.7,92.0,150.0,,,reliable,
Beyma,6B30/P,8.0,6.0,,,140.0,6.8,5.5,0.3,,,14.0,,56.0,15.6,3.0,0.6,0.5,,,5.5,90.0,50.0,,,reliable,
Beyma,6CMV2,8.0,6.0,,,140.0,9.4,5.3,0.5,,,13.0,,90.0,6.5,1.4,0.45,0.34,,,5.7,94.0,220.0,,,reliable,
Beyma,6G40Nd/N,8.0,6.0,,,140.0,10.6,6.0,0.2,,,13.0,,100.0,3.7,2.33,0.45,0.38,,,3.0,94.0,170.0,,,unreliable,"fs_inconsistent: stated=100 Hz, computed=120.921 Hz, difference=20.92% (limit 20%)"
Beyma,6MCF200Nd,8.0,6.0,,,140.0,18.1,6.2,0.1,,,15.0,,406.0,0.27,10.3,0.77,0.72,,,2.5,97.0,200.0,,,reliable,
Beyma,6MI100,8.0,6.0,,,140.0,10.8,6.0,0.2,,,14.0,,128.0,3.1,8.6,0.55,0.51,,,3.0,94.0,250.0,,,reliable,
Beyma,6NMFW,8.0,6.0,,,154.0,14.0,5.8,0.95,,,45.0,,40.0,11.0,7.5,0.35,0.34,,,9.0,87.0,200.0,,,reliable,
Beyma,6P200Fe,8.0,6.0,,,135.0,10.5,4.9,0.3,,,17.0,,58.0,11.1,4.6,0.27,0.26,,,5.0,93.0,200.0,,,reliable,
Beyma,6P200Fe,16,7,,,135,13.6,9.9,,,,16,,66,8.8,4.3,0.38,0.35,,,4,93,200,,,reliable,
Beyma,6P200Nd,8.0,6.0,,,135.0,10.5,5.3,0.6,,,17.0,,56.0,11.9,3.7,0.32,0.29,,,5.5,92.0,200.0,,,reliable,
Beyma,8BR40/N,8,8,,,220,6.8,5.5,0.5,,,21,,30,89.1,2.1,0.48,0.39,1.3,2,6.7,91,100,,,reliable,
Beyma,8CMV2,8,8,,,220,9.6,5.1,0.6,,,21,,75,14.6,7.7,0.55,0.52,0.213,1.3,5.7,94,500,,,reliable,
Beyma,8CX300Fe,8,,,,220,9.6,5.2,0.2,,,20,,89,10.8,4.2,0.63,0.55,0.158,2.7,6,95,600,,,reliable,
Beyma,8MC300Nd,8,8,,,220,16,6.1,,,,25,,62,18,3.8,0.24,0.22,,,6,96,300,,,reliable,
Beyma,8MC500Nd,8,8,,,220,16.7,5.3,,,,23,,69,15.9,2.6,0.19,0.18,,,5,98,500,,,reliable,
Beyma,8MI100,8,8,,,220,11.5,6,0.2,,,19,,90,12,7.5,0.48,0.45,0.175,1.4,3,96,500,,,reliable,
Beyma,8NMFW,8,8,,,227,13.4,5.7,1.1,,,48,,37,27,7.6,0.36,0.34,0.376,1.5,9,90,400,,,reliable,
Beyma,8WR300,8,8,,,220,15.5,6,,,,28,,65,15,5.4,0.29,0.27,,,6,95,300,,,reliable,
Beyma,8WRS300,8,8,,,220,15.5,5.9,0.9,,,28,,69,13.1,2.7,0.34,0.3,0.192,4.5,6,95,600,,,reliable,
Beyma,AUDIOVALVE,8,15,,,880,18.7,6.5,,,,87.6,,36,242.2,8.75,0.37,0.355,,,4.5,97.7,250,,,reliable,
Beyma,CM-10,8,10,,,390,12.4,6.15,,,,35.7,,61,40.7,6.38,0.55,0.506,,,3.6,95.4,125,,,reliable,
Beyma,CM-15G,8,15,,,880,16.7,6.1,,,,83.5,,34,285,9.91,0.39,0.375,,,5,97.7,300,,,reliable,
Beyma,CM15/T,8,15,,,870,12.7,6.3,,,,79.3,,34,293,9.11,0.66,0.615,,,3.5,95.4,200,,,reliable,
Beyma,HP10,8,10,,,360,7.1,7,,,,24.2,,61,51,5.65,1.3,1.057,,,3.1,92.1,100,,,reliable,
Beyma,HP12,8,12,,,550,11.5,6.8,,,,41.4,,36,200,2.43,0.48,0.401,,,4,95.6,150,,,reliable,
Beyma,HP15,8,15,,,855,13.1,6.8,,,,66.2,,28,500,2.66,0.46,0.392,,,5,96.5,200,,,reliable,
Beyma,LIBERTY,8,12,,,550,21.7,5.7,,,,60.4,,37,130,8.46,0.17,0.167,,,2.5,99.3,300,,,reliable,
Beyma,POWER 12,4,12,,,550,20.7,3.7,,,,167.9,,45,31.6,4.8,0.41,0.378,,,4.5,93.8,500,,,reliable,
Beyma,POWER 12,4,12,,,550,16.1,3.32,,,,111,,42.7,53.1,6.09,0.38,0.358,,,5.9,96.2,500,,,reliable,
Beyma,POWER 12 COMPETITION,8,12,,,550,16.7,4.1,,,,104.7,,29,122,7.47,0.28,0.27,,,9,95.1,500,,,reliable,
Beyma,PRO CM10,8,10,,,390,10.5,6.2,,,,30.2,,60,49.6,8.33,0.64,0.594,,,4.2,95.3,125,,,reliable,
Beyma,SCW12,4,12,,,504,10.9,3.5,,,,89.4,,31,105,5.24,0.51,0.465,,,4,93.4,250,,,reliable,
Beyma,SM110,8,10,,,370,13.6,6.6,,,,42.4,,42,65,2.5,0.4,0.345,,,4,93.6,200,,,reliable,
Beyma,SM110/N,8,10,,,355,13,6.2,,,,37.2,,43,65,7.78,0.37,0.353,,,4,94.5,200,,,reliable,
Beyma,SM112,8,12,,,550,18.6,6.3,,,,52.5,,45,101,8.83,0.27,0.262,,,4.8,98.3,250,,,reliable,
Beyma,SM112,8,12,,,550,16.8,6.41,,,,49.8,,57.8,64.6,7.65,0.412,0.391,,,4.2,97.7,250,,,reliable,
Beyma,SM112-N2,8,12,,,550,17,6.2,,,,57.2,,40,117.3,8,0.31,0.298,,,5.9,96.9,250,,,reliable,
Beyma,SM112/N,8,12,,,550,17.3,6.5,,,,53.9,,38,138,7.2,0.28,0.27,,,7.3,97.2,400,,,reliable,
Beyma,SM112/N,8,12,,,550,15.9,6.2,,,,87.2,,37,90,3.524,0.494,0.433,,,7.3,92.7,400,,,reliable,
Beyma,SM112/N v2012,8,12,,,550,15.2,6.2,,,,61.8,,43,94,12.42,0.45,0.434,,,7.3,95.3,400,,,reliable,
Beyma,SM112/N v2021,8,12,,,550,17,6.2,,,,57.4,,40,117,8,0.31,0.298,,,7,96.9,400,,,reliable,
Beyma,SM112/W,8,12,,,530,16.3,5.8,,,,62.8,,42,90,4.92,0.36,0.335,,,5.5,96.1,250,,,reliable,
Beyma,SM115,8,15,,,881.4,16.3,6.71,,,,68.2,,35.9,314.2,4,0.39,0.355,,,7.3,98.5,400,,,reliable,
Beyma,SM115,8,15,,,881.4,16,6.2,,,,74.5,,35.4,295.8,4.17,0.4,0.365,,,7.3,98.2,400,,,reliable,
Beyma,SM115,8,15,,,881.4,18.3,6.92,,,,79.6,,35,282.9,4.76,0.36,0.335,,,7.3,97.9,400,,,reliable,
Beyma,SM115,8,15,,,881.4,15.9,5.98,,,,70.5,,35.5,310.6,4.09,0.37,0.339,,,7.3,99,400,,,reliable,
Beyma,SM115 v2,8,15,,,880,18.8,6.5,,,,81.3,,35,276,7.02,0.33,0.315,,,7.3,98.4,400,,,reliable,
Beyma,SM115/K,8,15,,,880,22,5.18,,,,121.8,,27.6,296.7,11.482,0.226,0.222,,,8,98.3,500,,,reliable,
Beyma,SM115/K,8,15,,,880,21.2,5.21,,,,106.6,,29.8,291,11.779,0.232,0.228,,,8,99,500,,,reliable,
Beyma,SM115/K,8,15,,,877,23.7,6.54,,,,121.5,,39,147.5,8.337,0.347,0.333,,,6.3,96.9,500,,,reliable,
Beyma,SM115/N v2015,8,15,,,880,17.2,6.4,,,,84.1,,35,267,8.5,0.4,0.382,,,7.3,97.5,400,,,reliable,
Beyma,SM118,8,18,,,1146,18.2,6.4,,,,120.5,,30,430,9.98,0.44,0.421,,,5.5,97.2,400,,,reliable,
Beyma,SM118/N,4,18,,,1150,18.2,3.2,,,,241.6,,36,150,6.83,0.53,0.492,,,5.4,97.2,400,,,reliable,
Beyma,SM118/N,8,18,,,1150,18.2,6.4,,,,120.8,,36,300,6.83,0.53,0.492,,,5.5,97.2,400,,,reliable,
Beyma,SM118/N v2015,8,18,,,1150,18.2,6.3,,,,129.2,,42,206,5.5,0.65,0.581,,,5.5,96.7,400,,,reliable,
Beyma,SM212,8,12,,,550,14.7,5.8,,,,46.9,,34,198,5.6,0.27,0.258,,,8.2,98,350,,,reliable,
Beyma,SM212,8,12,,,535,13.5,6.32,,,,55.7,,45.8,87.1,2.49,0.558,0.456,,,6.5,94.8,350,,,reliable,
Beyma,SM212,8,12,,,535,13.1,6.21,,,,52.7,,41.7,110.7,2.305,0.499,0.41,,,7.3,95.2,350,,,reliable,
Beyma,SM212 v2009,8,12,,,550,12.8,5.8,,,,44.8,,40,150,5.6,0.4,0.373,,,8.2,97.2,350,,,reliable,
Beyma,SM212 v2018,8,12,,,550,14.3,5.5,,,,56.4,,43,103,5.3,0.41,0.381,,,7,96.6,350,,,reliable,
Beyma,SM212-N2,8,12,,,550,14.5,5.5,,,,56.4,,43,103,5.3,0.4,0.372,,,6.9,96.7,350,,,reliable,
Blaupunkt,ACS1020,4,10,,,366,6.7,2.9,,,,40.1,,38,82.1,7.2,0.61,0.562,,,3.8,95.1,120,,,reliable,
Blaupunkt,TSW 250,4,10,,,344,14.1,3.71,,,,85,,27,67.8,6.56,0.27,0.259,,,5.6,92.3,200,,,reliable,
Blaupunkt,VCS 1200,4,12,,,520,12.5,3.12,,,,177.9,,23,102,10.94,0.51,0.487,,,13,89.9,600,,,reliable,
Blaupunkt,VELOCITY VRS15,4,15,,,750,11,3.12,,,,155.6,,21,291,8.5,0.53,0.499,,,7.5,93.1,600,,,reliable,
BlieSMa,M142P-6,6,,,,180.3,8.8,5.4,0.03,,,11.7,,63,24.6,7.3,0.32,0.31,,0.54,1.85,94,,,,reliable,
BMS,10C262,8,10,,,320,14.3,5.9,,,,33.7,,65,25.5,4.6,0.4,0.368,,,5.1,95.7,400,,,reliable,
BMS,12C262,8,12,,,487,21,5.7,,,,65.1,,45.4,62.8,5.4,0.24,0.23,,,2.5,97.3,400,,,reliable,
BMS,12C362,8,12,,,487,24.3,5.7,,,,66.1,,47.5,56.5,4.24,0.19,0.182,,,4.4,98.5,500,,,reliable,
BMS,12C382,8,12,,,487,18.6,5.8,,,,54.6,,52,57,5.6,0.3,0.285,,,4.5,97.6,500,,,reliable,
BMS,12CN680,8,12,,,487,20.53,5.7,,,,69.6,,46,58,5.8,0.272,0.26,,,5.5,95,80,,,reliable,
BMS,12CN682,8,12,,,487,20.5,5.7,,,,68.6,,46,58,5.8,0.27,0.258,,,5.5,96.7,500,,,reliable,
BMS,12CN860,8,12,,,449,24.1,5.7,,,,71.6,,52,37,4.5,0.23,0.219,,,4.5,97,800,,,reliable,
BMS,12N610,8,12,,,531,22.2,5.7,,,,74.1,,44.7,67.6,4.25,0.24,0.227,,,3.5,97.5,400,,,reliable,
BMS,12N620,8,12,,,531,20.6,5.7,,,,68,,44.7,72.7,5.1,0.26,0.25,,,5.5,98,500,,,reliable,
BMS,12N630,8.0,12.0,,,498.0,19.8,6.0,0.68,,,127.0,,28.6,85.5,6.24,0.35,0.33,,,8.0,96.0,600.0,,,reliable,
BMS,12N802,8,12,,,531,22.25,5.7,,,,80,,43,65,5.2,0.25,0.24,,,4.5,98,1000,,,reliable,
BMS,12N803,8,12,,,531,21.35,5.7,,,,78,,41,77,5.2,0.25,0.24,,,6,97,1000,,,reliable,
BMS,12N804,8,12,,,531,20.4,5.7,,,,92,,39,71,4.6,0.31,0.29,,,8,95,1100,,,reliable,
BMS,12N810,8,12,,,531,24.5,5.8,,,,68,,40.7,89.6,5.1,0.17,0.16,,,2.5,100,600,,,reliable,
BMS,12N820,8,12,,,531,24.2,5.7,,,,72,,37.8,98.7,5.3,0.16,0.16,,,4.5,98,800,,,reliable,
BMS,12S302,8,12,,,531,15.65,3,,,,77,,45,65,5,0.267,0.253,,,4.5,96,500,,,reliable,
BMS,12S305,8,12,,,515,20.14,5.4,,,,95,,35,82,5.8,0.278,0.265,,,11,95,800,,,reliable,
BMS,12S320,8,12,,,531,23.3,5.7,,,,69,,45.4,69.5,4.2,0.21,0.2,,,4.5,98,500,,,reliable,
BMS,12S330,8.0,12.0,,,498.0,23.0,6.0,0.7,,,127.0,,28.6,85.5,5.9,0.25,0.24,,,8.0,96.0,600.0,,,reliable,
BMS,12S330 v2016,8,12,,,498,23.3,6,,,,125.9,,28.6,85.5,5.9,0.25,0.24,,,8,92.3,600,,,reliable,
BMS,12S330 v2018,8,12,,,500,21.5,6,,,,133.4,,28.6,81.4,6.24,0.31,0.295,,,8,91.1,600,,,reliable,
BMS,15C262,8,15,,,834,20.5,5.7,,,,99.1,,42.5,138,5.4,0.36,0.338,,,3.5,98.1,400,,,reliable,
BMS,15C362,8,15,,,834,23.3,5.9,,,,108.3,,40.7,137.7,4.28,0.3,0.28,,,4.5,98.2,500,,,reliable,
BMS,15CN680,8,15,,,850,20.3,5.8,,,,106.9,,39,157.8,6.86,0.37,0.351,,,5.5,97.4,500,,,reliable,
BMS,15CN682,8,15,,,850,20.3,5.8,,,,106.9,,39,157.8,6.86,0.37,0.351,,,5.5,97.4,500,,,reliable,
BMS,15CN860,8,15,,,804,24.2,5.7,,,,106.3,,46,102,3.5,0.3,0.276,,,6,98.7,1000,,,reliable,
BMS,15CN890,8,15,,,804,23.7,5.7,,,,119.2,,50,77,3.7,0.38,0.345,,,6,97.5,1000,,,reliable,
BMS,15N620 v2015,8,15,,,880,20.5,5.7,,,,106.2,,41,154,5.9,0.37,0.348,,,5.5,98,500,,,reliable,
BMS,15N620-4,4,15,,,870,16,2.9,,,,117.2,,39.8,144.8,6.05,0.33,0.313,,,5.5,100.8,500,,,reliable,
BMS,15N630,8,15,,,880,19.8,6,,,,121,,39,152,6.74,0.45,0.42,,,8,98,600,,,reliable,
BMS,15N630 v2015,8,15,,,880,19.7,6,,,,118.9,,39,152,6.74,0.45,0.422,,,7.8,96.2,600,,,reliable,
BMS,15N820,8,15,,,880,24.2,5.7,,,,114,,39.2,159,4.5,0.27,0.26,,,4.5,98,900,,,reliable,
BMS,15N820 v2015,8,15,,,880,24.2,5.7,,,,112.5,,39.2,159,4.5,0.27,0.255,,,5,99,900,,,reliable,
BMS,15N830V2,6,15,,,880,22.4,4.5,,,,130,,39.5,159,4.2,0.29,0.27,,,8,97.1,550,,,reliable,
BMS,15N830V2 v2015,8,15,,,880,22,4.8,,,,126.3,,37,159,4.2,0.29,0.271,,,7.5,98.6,1100,,,reliable,
BMS,15N830vv2,8,15,,,880,22.4,4.8,,,,130,,37,159,4.2,0.29,0.27,,,8,96,1100,,,reliable,
BMS,15N840,8,15,,,845,24.6,5,,,,137,,35.6,145.7,5.75,0.32,0.3,,,11,95,1200,,,unreliable,"qes_inconsistent: stated=0.32 , computed=0.253192 , difference=20.88% (limit 20%)"
BMS,15N840 v2015,8,15,,,845,21.9,5,,,,137.3,,35.6,145.7,5.75,0.32,0.303,,,9.9,97.1,1200,,,reliable,
BMS,15N840V2-8,8,15,,,845,24.8,5,,,,153.9,,35.6,130,6.26,0.28,0.268,,,8.7,97.2,1200,,,reliable,
BMS,15N850,8,15,,,845,25.3,5.6,,,,166.9,,37,111,7.38,0.34,0.325,,,8.8,95.7,1200,,,reliable,
BMS,15N850V2 v2015,8,15,,,845,25.3,5.6,,,,166.9,,37,111,7.38,0.34,0.325,,,8.8,95.7,1200,,,reliable,
BMS,15N850vv2,8,15,,,845,25.2,5.6,,,,167,,37,110.96,7.38,0.34,0.33,,,12,95,1200,,,reliable,
BMS,15P214,8,15,,,880,19.9,5.9,,,,117.7,,39.2,152,3.15,0.43,0.378,,,6.4,96.6,500,,,reliable,
BMS,15S320,8,15,,,880,23.3,5.7,,,,109,,41,154,5,0.29,0.28,,,4.5,98,500,,,reliable,
BMS,15S330,8,15,,,880,23,6,,,,121,,39,152,6.6,0.34,0.32,,,8,98,600,,,reliable,
BMS,15S430V2,8,15,,,897,24.96,5.1,,,,132,,39.8,135,6.6,0.27,0.26,,,7.5,96.8,600,,,reliable,
BMS,15S435,8,15,,,845,24.4,5.4,,,,136,,38,129,5.9,0.29,0.28,,,8,97,1200,,,reliable,
BMS,18N830V2,6,18,,,1212,22.4,4.8,,,,210,,31,262,6,0.39,0.37,,,8,94.9,550,,,reliable,
BMS,18N830vv2,8,18,,,1212,22.4,4.8,,,,210,,31,262,6,0.39,0.37,,,8,96,1100,,,reliable,
BMS,18N840V2,8,18,,,1213,24.6,5,,,,223.3,,28.5,288,6.66,0.33,0.314,,,10,97.1,1200,,,reliable,
BMS,18N850 4 Ohms,4,18,,,1212,23.1,3,,,,322.4,,23.7,288,7.45,0.27,0.261,,,11,97.8,1200,,,reliable,
BMS,18N850 8 Ohms,8,18,,,1212,32,5.7,,,,304.2,,24.4,288,7.23,0.26,0.251,,,10.6,95.5,1200,,,reliable,
BMS,18N850vv2,8,18,,,1213,25.4,5,,,,240,,29.8,243,7,0.35,0.33,,,12,95,1200,,,reliable,
BMS,18N860,8,18,,,1213,25.3,5.7,,,,298.4,,24,304,5.33,0.4,0.372,,,15,93.7,1500,,,reliable,
BMS,18N862,8,18,,,1219,25.52,5.56,,,,267,,25.1,312,6.75,0.36,0.34,,,19,95,1500,,,reliable,
BMS,18N862,8,18,,,1219,23.2,5.56,,,,247.4,,24.8,345.6,9.09,0.4,0.383,,,16.2,94.8,1500,,,reliable,
BMS,18S430,8,18,,,1213,24.26,5,,,,195,,32.9,247,6.8,0.34,0.33,,,7.5,96,600,,,reliable,
BMS,18S430V1,8,18,,,1212,24.5,5.5,,,,278.5,,25.5,288,5.8,0.41,0.383,,,7.5,94.3,1200,,,reliable,
BMS,18S430vv2,8,18,,,1213,23.5,4.8,,,,210,,31,262,6,0.36,0.34,,,8,96,1200,,,reliable,
BMS,18S450,8,18,,,1213,26.5,5.5,,,,224,,29,281,7.25,0.32,0.31,,,12,95,1200,,,reliable,
BMS,5N155,16.0,5.0,,,85.0,12.0,11.65,0.51,,,9.6,,100.6,2.63,4.17,0.49,0.44,,,5.0,91.0,130.0,,,reliable,
BMS,5N160,16.0,5.0,,,85.0,11.3,11.4,0.51,,,8.3,,113.0,2.57,2.4,0.52,0.43,,,5.0,91.0,130.0,,,reliable,
BMS,5S117,16.0,5.0,,,85.0,11.3,11.4,0.58,,,8.9,,95.0,3.25,3.3,0.49,0.42,,,5.0,91.0,130.0,,,reliable,
BMS,6N160,16.0,6.5,,,143.0,11.3,11.4,0.53,,,11.7,,89.0,7.7,2.4,0.58,0.47,,,5.0,93.0,130.0,,,reliable,
BMS,6S117,16.0,6.5,,,143.0,11.3,11.4,0.64,,,11.0,,80.0,10.4,3.3,0.49,0.43,,,5.0,93.0,130.0,,,reliable,
BMS,8N515,8.0,8.0,,,222.0,13.8,5.4,0.32,,,20.6,,87.7,11.04,4.34,0.32,0.3,,,4.0,96.0,200.0,,,reliable,
BMS,8N519,8.0,8.0,,,222.0,13.8,5.8,0.36,,,28.5,,74.9,10.9,4.2,0.41,0.37,,,6.3,94.0,250.0,,,reliable,
BMS,8S215,8.0,8.0,,,222.0,13.6,5.4,0.2,,,20.6,,87.7,11.04,4.4,0.33,0.31,,,4.25,96.0,200.0,,,reliable,
BMS,8S219,8,8,,,222,13.3,5.8,,,,26.6,,82,9.7,4.8,0.45,0.41,,,6.3,94,250,,,reliable,
Bose,38 CM CAR AUDIO,8,15,,,779.3,17.5,7.2,,,,93.8,,46,108.8,2.96,0.64,0.526,,,4.5,94.6,250,,,reliable,
Boss Audio,MR101,4,10,,,434,12.52,2.4,,,,137.7,,44,35,6.702,0.583,0.55,,,9,88.9,300,,,reliable,
Boston Acoustics,COMPETITOR 1000S4,4,10,,,315,10,3.1,,,,86,,34,35,7.8,0.57,0.53,,,8.5,85.7,850,,,reliable,
Boston Acoustics,G1104,8,10,,,345,12.9,4.06,,,,128.9,,29,39,8.46,0.57,0.534,,,7.4,87.1,200,,,reliable,
Boston Acoustics,G21244,2,12,,,520,9.6,1.7,,,,188.4,,28,65,11.23,0.61,0.579,,,8.2,92.4,300,,,reliable,
Boston Acoustics,PRO 10.4 LF,4,10,,,363,13.7,4,,,,94.9,,33,66.26,2.53,0.42,0.36,,,7.5,89.4,250,,,reliable,
Boston Acoustics,PRO 12 SLF,2,12,,,510,8.9,1.6,,,,122.2,,30,84,9.8,0.47,0.448,,,6.8,95.8,200,,,reliable,
Bozak,B-199A 16 Ohms,16,12,,,517.7,11.5,12,,,,34.7,,39,180.1,3.13,0.776,0.622,,,2,91.6,50,,,reliable,
Bozak,B-199A 8 Ohms,8,12,,,517.7,7.9,5.7,,,,34.7,,39,180.1,3.13,0.776,0.622,,,2,94.8,50,,,reliable,
Bravox,UXP12D-4,2,12,,,518,9.7,1.65,,,,160.4,,32,58,3.8,0.57,0.496,,,7.5,94.1,400,,,reliable,
Brax,BRAX MATRIX ML10,4,10,,,346,11.6,3.4,,,,89,,35,40,8.1,0.49,0.46,,,12.5,87.3,600,,,reliable,
Brax,MATRIX 10.1,4,10,,,346,11.6,3.6,,,,95,,35.8,35.34,10.3,0.56,0.53,,,12.5,86.5,600,,,reliable,
Browell,12.050V,8,12,,,522,11.1,6.2,,,,31.8,,70,62.1,7.21,0.706,0.643,,,1.2,97.9,50,,,reliable,
Browell,12.060K,8,12,,,522,12.7,6.2,,,,23,,60,116.6,5.66,0.334,0.315,,,1.5,101.9,50,,,unreliable,"coupling_failed: Mms free-air radiation-mass correction exceeds 50% of Mms (0.598), check Sd/Mms, stated Mms=23 g, computed Mmd=9.24558 g, radiation mass difference=59.80% (limit 50%)"
Browell,15.200 W/B,8,15,,,755,18.8,5.9,,,,87.7,,23.5,418,7.124,0.217,0.211,,,3.5,97.3,200,,,reliable,
Browell,38 DU 15,8,15,,,755,18.8,5.9,,,,87.7,,23.5,418,7.124,0.217,0.211,,,3.5,97.3,80,,,reliable,
Cabasse,30BZ18 v1,8,12,,,506,8.3,7.08,,,,28.9,,36,243,7.69,0.67,0.616,,,4,94.8,80,,,reliable,
Cabasse,30BZ18 v2,8,12,,,506,9.1,7.08,,,,39.6,,38.5,154.7,8.45,0.82,0.747,,,4,92.8,80,,,reliable,
Cabasse,30BZ24,16,12,,,530.9,24.1,10.4,,,,76.4,,35,107,5.1,0.3,0.283,,,3.4,92.7,80,,,reliable,
Cabasse,30BZ24,16,12,,,530,11.9,10.5,,,,29.9,,30.3,363,6.25,0.42,0.394,,,4,94.6,80,,,reliable,
Cabasse,30BZ24,16,12,,,530,11.6,10.5,,,,32.7,,37,223,6.82,0.59,0.543,,,4,93.6,80,,,reliable,
Cabasse,30M20,8,12,,,490,8.5,5.3,,,,33.5,,34,220,3.56,0.52,0.454,,,4.6,96,150,,,reliable,
Cabasse,30M20S,16,12,,,530,12.9,11.95,,,,27.9,,60,99.4,4.14,0.75,0.635,,,4.5,94.8,150,,,unreliable,"coupling_failed: Mms free-air radiation-mass correction exceeds 50% of Mms (0.504), check Sd/Mms, stated Mms=27.9 g, computed Mmd=13.8282 g, radiation mass difference=50.44% (limit 50%)"
Cabasse,30M22,8,12,,,490,10.3,4.02,,,,43.7,,31.5,196.1,6.86,0.33,0.315,,,8,97.7,200,,,reliable,
Cabasse,30NDS,8,12,,,452,19.1,5.9,,,,60.4,,36,92.6,2.24,0.22,0.2,,,3.9,96.2,150,,,reliable,
Cabasse,55NDS,8,21.5,,,1800,21.1,5.5,,,,213.7,,23.5,975,6.8,0.39,0.369,,,4.2,98.7,200,,,reliable,
Caliber,CWP 12,4,12,,,507,9.5,3.6,,,,103,,26.1,130,7.06,0.677,0.618,,,4,90.8,100,,,reliable,
Carpower,PULSAR-250,4,10,,,330,12.1,3.4,,,,104.2,,37,27.1,13.37,0.56,0.537,,,4,89.6,200,,,reliable,
Carpower,PULSAR-300,4,12,,,510,12.7,3.4,,,,121.6,,34,65.7,13.34,0.55,0.528,,,4,92.4,200,,,reliable,
Carpower,SP-252C,4,10,,,353,8.1,3.7,,,,37.6,,35,96,3.15,0.47,0.409,,,5,94.8,100,,,reliable,
Carpower,SP-382C,4,15,,,855,6,3.8,,,,90.1,,30,320,4.55,1.78,1.279,,,3.5,92.1,150,,,reliable,
Carvin,PS15,8,15,,,852,13.9,5.31,,,,69.05,,43,204,4.41,0.514,0.46,,,3.7,96.8,400,,,reliable,
Carvin,PS18-8,8,18,,,1521,15.6,5.1,,,,128,,35,531.785,2.5,0.59,0.48,,,6,97.7,500,,,unreliable,"coupling_failed: Mms free-air radiation-mass correction exceeds 50% of Mms (0.534), check Sd/Mms, stated Mms=128 g, computed Mmd=59.5883 g, radiation mass difference=53.45% (limit 50%)"
Celestion,15 Professional Woofer - OEM,8,15,,,854,14,5.44,,,,67.3,,46.9,175,5.18,0.55,0.497,,,3.5,98.8,150,,,reliable,
Celestion,AN2075,8,2,,,12.49,2.71,0.84,,,,1.49,,153.4,0.2831684659,5.28,0.998,0.84,0.72,,1.5,,20,,,unreliable,"qes_inconsistent: stated=0.998 , computed=0.16426 , difference=83.54% (limit 20%); vas_inconsistent: stated=0.283168 L, computed=0.159114 L, difference=43.81% (limit 20%)"
Celestion,AN3510,8,3.5,,,38.48,4.56,5.73,,,,3.37,,113.4,1.982179261,5.09,0.74,0.65,0.52,,1.25,,35,,,unreliable,"vas_inconsistent: stated=1.98218 L, computed=1.09075 L, difference=44.97% (limit 20%)"
Celestion,AP12,4,12,,,530.3,6.7,2.7,,,,41.3,,39,159,6.87,0.613,0.563,,,1.5,98.6,80,,,reliable,
Celestion,AP15,4,15,,,850,8.6,2.7,,,,92.2,,29,331,5.447,0.607,0.546,,,1.5,97.9,100,,,reliable,
Celestion,BL10-100X,8,10,,,346,11.98,6.67,,,,28.7,,74.4,25.1,2.88,0.653,0.532,,,3.5,93.8,100,,,reliable,
Celestion,BL10-200X,8,10,,,351,13,5.8,,,,36.6,,73,22.74,3.6,0.56,0.48,,,4,93.8,200,,,reliable,
Celestion,BL12-200X,8,12,,,517,12.2,5.8,,,,44.8,,45,104.6,2.74,0.49,0.416,,,4,96.3,200,,,reliable,
Celestion,BL15-150,8,15,,,851,12.8,5.91,,,,59.6,,49,179.8,5.8,0.66,0.593,,,4.3,98.4,150,,,reliable,
Celestion,BL15-300X,4.0,15,,,707,9.4,3.15,,,,48.5,,48,158.8,3.025,0.525,0.447,,,4.3,101.3,300,,,reliable,
Celestion,BL15-400X,8,15,,,793,13.8,5.8,,,,68.6,,54.2,110.9,3.578,0.709,0.592,,,4.8,97.3,400,,,reliable,
Celestion,BN10-200S8,8,10,,,344,14.4,5.47,,,,25.6,,89.4,20.5,4.82,0.38,0.352,,,2.5,99.5,200,,,reliable,
Celestion,BN10-200X,8.0,10,,,346,14.3,5.9,,,,32.2,,50.7,52.1,3.7,0.297,0.274,,,3.8,95.4,200,,,reliable,
Celestion,BN10-300S4,4,10,,,344,9,2.81,,,,29.6,,80.7,21.8,2.73,0.52,0.437,,,3.5,100,300,,,reliable,
Celestion,BN10-300X,8,10,,,346,10.7,4,,,,35.4,,64.2,29.2,3.327,0.497,0.432,,,4,96.9,300,,,reliable,
Celestion,BN10-300X(4),4,10,,,346,9.39,3.02,,,,35.81,,64.2,29.2,3.33,0.494,0.43,,,4,93.8,150,,,reliable,
Celestion,BN10-300X8,8,10,,,346.3,14.4,6.06,,,,35.7,,64.3,28.8,4.2,0.42,0.382,,,4,95.8,300,,,reliable,
Celestion,BN12-300S4,4,12,,,518,10.1,2.72,,,,44.7,,61.2,56.9,3.64,0.46,0.408,,,2.5,101.2,300,,,reliable,
Celestion,BN12-300X,8,12,,,518,13.9,6.17,,,,49.3,,56.2,61.2,3.597,0.552,0.479,,,4,96.1,300,,,reliable,
Celestion,BN15-300S-4,4,15,,,854.9,10.5,2.71,,,,74.7,,50,138.9,7.26,0.58,0.537,,,2.5,101.4,300,,,reliable,
Celestion,BN15-300X,8,15,,,852,13.6,5.7,,,,79.8,,45.9,153.4,4.162,0.705,0.603,,,4,96.7,300,,,reliable,
Celestion,BN15-400S,4,15,,,855,12.4,3.08,,,,87.3,,41.6,171.9,5.98,0.46,0.427,,,2.5,100.4,400,,,reliable,
Celestion,BN15-400S8,8,15,,,855,19.6,6.07,,,,91.5,,44.8,141.3,2.71,0.408,0.355,,,2,98.1,400,,,reliable,
Celestion,BN15-400X,8,15,,,854.9,13.6,5.34,,,,87.9,,44.9,146.5,3.27,0.72,0.59,,,4,96.4,400,,,reliable,
Celestion,BN15-400X v2018,8,15,,,881,13.2,5.29,,,,88.4,,35.1,253,5.07,0.588,0.527,,,4,96.5,400,,,reliable,
Celestion,BX12-4085,8,12,,,527,27.2,5.75,,,,87.9,,45,55.4,9.046,0.193,0.189,,,3.3,97.6,300,,,reliable,
Celestion,BX15-4085,8,15,,,850,25.5,5.84,,,,115.3,,38,154.1,8.055,0.247,0.24,,,3.3,98.7,600,,,reliable,
Celestion,BX15-4085HS8,8,15,,,850,19,5.51,,,,84.6,,35,247.6,5.643,0.284,0.27,,,6.5,99.3,400,,,reliable,
Celestion,BX18-4085,8,18,,,1134,28.4,5.84,,,,150.6,,30,337,6.635,0.206,0.2,,,3.4,99.8,150,,,reliable,
Celestion,CF0820BMB,8,8,,,226.98,11.92,5.45,0.78,,,32.35,,50.5,22.37030881,5.095,0.394,0.366,0.31,,5.25,,250,,,reliable,
Celestion,CF0820M,8,8,,,226.98,13.27,5.39,0.12,,,21.38,,202,1.982179261,1.784,0.831,0.567,0.03,,1.5,,250,,,reliable,
Celestion,CF1025BMB,8,10,,,346.36,15.28,6.04,1.15,,,55.865,,40.9,46.15645994,7.952,0.371,0.355,,,4.65,,300,,,reliable,
Celestion,CF1025C,8,10,,,346.4,14.8,5.15,,,,36.7,,54.8,38.6,2.338,0.299,0.265,,,2.5,97.2,300,,,reliable,
Celestion,CF1230BMB,8,12,,,530.93,18.38,5.84,0.713,,,88.41,,43.4,60.59805171,4.451,0.417,0.381,0.152,,7,94,350,,,reliable,
Celestion,CF1830E,8,18,,,1130,24.4,5.27,,,,164.6,,40.5,167.9,4.367,0.371,0.342,,,5,98.6,700,,,reliable,
Celestion,CF1840JD,8,18,,,1130,24.6,5.29,,,,203.7,,44.2,113.9,4.21,0.496,0.444,,,8.5,96.8,1800,,,reliable,
Celestion,CF18VJD,8,18,,,1130,30.3,5.98,,,,255.9,,34.3,150.6,5.152,0.36,0.336,,,9,95.5,1600,,,reliable,
Celestion,F12-X200,8,12,,,530.9,11.2,5.91,,,,37.6,,75,47.3,12.007,0.831,0.777,,,3,97.1,200,,,reliable,
Celestion,F12M-150 Triple Cone,8,12,,,517,10.6,6.07,,,,42.1,,69.4,46.9,10.446,0.992,0.906,,,2.3,95.2,150,,,reliable,
Celestion,FTR12-3070C,8,12,,,530,18.6,5.44,,,,57.7,,66.1,39.6,2.9,0.375,0.332,,,3,98.5,350,,,reliable,
Celestion,FTR12-4080DL,8,12,,,530.93,24.05,6.24,2.07,,,176.07,,28.9,68.52676875,2.466,0.345,0.303,0.17,,13.6,89.9,700,,,reliable,
Celestion,FTR12-4080DL/4,4,12,,,530.9,14.6,3.15,,,,156.3,,35.3,51.4,2.68,0.51,0.428,,,8,92.5,700,,,reliable,
Celestion,FTR15 3070C,8,15,,,851,18,6.7,,,,80,,41.4,187.6,3.51,0.429,0.382,,,3,97.7,400,,,reliable,
Celestion,FTR15-3070C,8,15,,,851,18.2,6.5,,,,77.3,,40,208,7.1,0.38,0.361,,,3,98.3,400,,,reliable,
Celestion,FTR15-3070E,8,15,,,855,17.1,5.36,,,,87.9,,45.3,143.9,3.07,0.46,0.4,,,5.5,98.4,400,,,reliable,
Celestion,FTR15-4080F,8,15,,,848,23.5,5.67,,,,111.7,,38,163.1,2.9,0.273,0.249,,,6,97,600,,,reliable,
Celestion,FTR15-4080F-Bis,8,15,,,856.4,23.5,5.62,,,,116.3,,35,182.8,3.68,0.26,0.243,,,6,98.3,600,,,reliable,
Celestion,FTR15-4080FD,8,15,,,851,23.1,5.6,,,,127.2,,35.4,164.3,3.9,0.302,0.28,,,6,97,1000,,,reliable,
Celestion,FTR15-4080FD v2008-06,8,15,,,851,25.9,5.37,,,,156.1,,34.3,140,3.27,0.27,0.249,,,6,96.9,1000,,,reliable,
Celestion,FTR15-4080HDX,8,15,,,855.3,23.4,5.1,,,,151.9,,40.5,104.3,3.98,0.36,0.33,,,7.3,96.8,1000,,,reliable,
Celestion,FTR18-4080F,8,18,,,1130,22.4,5.27,,,,150.9,,28,383.3,5.12,0.28,0.265,,,6,98.6,800,,,reliable,
Celestion,FTR18-4080F v2016,8,18,,,1130,23.1,5.31,,,,155.9,,32.7,272,5.24,0.32,0.302,,,6,98.5,800,,,reliable,
Celestion,FTR18-4080FD,8,18,,,1126,22.88,5.39,,,,172.42,,26,395.56,4.33,0.29,0.27,,,6,97,1000,,,reliable,
Celestion,FTR18-4080HD,8,18,,,1130,22.7,5.39,,,,169.6,,26,395.6,4.33,0.29,0.272,,,8,97.5,1000,,,reliable,
Celestion,FTX0820,8,8,,,226.98,14.56,5.85,0.62,,,22.66,,78.8,13.13,2.8,0.31,0.279,0.18,4.01,4,94,200,,70,reliable,
Celestion,FTX1025,8,10,,,346.36,12.3,5.42,0.48,,,32.55,,71.5,25.7683304,2.788,0.523,0.44,0.15,,5,96.2,300,,,reliable,
Celestion,FTX1225,8,12,,,169.1,12.54,5.74,0.5,,,47.53,,42.1,12.17624403,3.35,0.46,0.4,0.3,,4,86.4,300,,,reliable,
Celestion,FTX1225 v2024,8,12,,,530.9,13.9,5.39,,,,52.9,,47.3,84.6,4.214,0.437,0.396,,,5.9,96.8,300,,,reliable,
Celestion,FTX1530,8,15,,,855.3,20.1,5.36,,,,83.6,,42.5,172.1,3.809,0.297,0.276,,,2,100.2,400,,,reliable,
Celestion,G10,16,10,,,323.7,13.8,12.8,,,,18.2,,129,12.3,14.206,0.984,0.92,,,0.8,94.2,30,,,reliable,
Celestion,G10-GB,8,10,,,323.7,5.3,6.4,,,,12.8,,93.8,33,6.992,1.748,1.398,,,1,94.9,30,,,unreliable,"coupling_failed: Mms free-air radiation-mass correction exceeds 50% of Mms (0.525), check Sd/Mms, stated Mms=12.8 g, computed Mmd=6.08338 g, radiation mass difference=52.47% (limit 50%)"
Celestion,G10Greenback,8.0,10,,,323.7,14.4,6.4,,,,32,,94.9,12.9,2.357,0.589,0.471,,,0.8,95.7,30,,,reliable,
Celestion,G12M-65 CREAMBACK,8,12,,,531,12.4,6.59,,,,34.7,,74,52.7,10.936,0.697,0.655,,,1.3,97.7,25,,,reliable,
Celestion,G12T 75,16,12,,,517,14,12.9,,,,25.8,,85,51,10.3,0.91,0.836,,,2,95.3,75,,,unreliable,"coupling_failed: Mms free-air radiation-mass correction exceeds 50% of Mms (0.525), check Sd/Mms, stated Mms=25.8 g, computed Mmd=12.2427 g, radiation mass difference=52.55% (limit 50%)"
Celestion,G12T-100,8,12,,,517,11.5,7.49,,,,30.8,,81,47,13.57,0.887,0.833,,,2,96.8,100,,,reliable,
Celestion,G12T-75 v2026,8,12,,,517,11.1,6.8,,,,21.5,,85,61,10.6,0.63,0.595,,,2,100.4,75,,,unreliable,"coupling_failed: Mms free-air radiation-mass correction exceeds 50% of Mms (0.631), check Sd/Mms, stated Mms=21.5 g, computed Mmd=7.94273 g, radiation mass difference=63.06% (limit 50%)"
Celestion,G15-100,8,15,,,820,19.2,7.47,,,,84.6,,33.4,253,6.35,0.36,0.341,,,3,96.5,100,,,reliable,
Celestion,G15Z-200 CE,8,15,,,855.3,14.4,5.9,,,,67.5,,45,190.1,6.25,0.54,0.497,,,4,98.4,200,,,reliable,
Celestion,G18-200,8,18,,,1134.1,18.8,7.21,,,,100.5,,29.6,518.5,8.9,0.38,0.364,,,5,97.9,200,,,reliable,
Celestion,GUITARE,8,15,,,820,24.1,6.7,,,,106.1,,39,148,1.32,0.3,0.244,,,3,97.4,200,,,reliable,
Celestion,K10-200E,8,10,,,346.4,10.7,5.3,,,,25.6,,67,37,8.41,0.499,0.471,,,4,97.3,200,,,reliable,
Celestion,K10-70,8,10,,,346.4,8.8,6.1,,,,21.5,,80,31,3.2,0.85,0.672,,,2.2,95.9,70,,,reliable,
Celestion,K12-100,8,12,,,530.9,13.8,5.4,,,,38.5,,51,100,4.5,0.35,0.325,,,3.2,99.5,100,,,reliable,
Celestion,K12-100,8,12,,,615.8,12.5,5.73,,,,27.3,,61.8,129.1,3.52,0.386,0.348,,,2,102.4,100,,,unreliable,"coupling_failed: Mms free-air radiation-mass correction exceeds 50% of Mms (0.646), check Sd/Mms, stated Mms=27.3 g, computed Mmd=9.67634 g, radiation mass difference=64.56% (limit 50%)"
Celestion,K12-200E,8,12,,,530.9,6.1,5.3,,,,11.8,,65,200,10.42,0.694,0.651,,,4,102.8,200,,,unreliable,"coupling_failed: Mms free-air radiation-mass correction exceeds 50% of Mms (1.196), check Sd/Mms, stated Mms=11.8 g, computed Mmd=-2.30768 g, radiation mass difference=119.56% (limit 50%)"
Celestion,K12H-100TC,8,12,,,530.9,13.1,5.43,,,,43.3,,67.5,50.7,5.381,0.581,0.524,,,1,98,200,,,reliable,
Celestion,K12H-200TC,8,12,,,530.3,14.63,5.81,0.63,,,40.57,,62.3,63.9960733,2.8,0.43,0.37,0.16,,2,97,200,,,reliable,
Celestion,K12T-200,8,12,,,530,12.1,5.65,,,,36.4,,61.8,71.7,7.887,0.55,0.514,,,1.5,98.4,200,,,reliable,
Celestion,K15-100,8,15,,,855.3,12.2,6.9,,,,62,,35,342,8.84,0.637,0.594,,,5,96.2,100,,,reliable,
Celestion,K15-200E,8,15,,,855.3,12,5.4,,,,65.7,,32,386,9.55,0.498,0.473,,,5,97.7,200,,,reliable,
Celestion,K15T-100,8,15,,,855,11.2,6.79,,,,58.1,,35,364.7,5.8,0.689,0.616,,,3,96.3,100,,,reliable,
Celestion,NTR10-2520E,8,10,,,343,15.9,5.44,,,,44.9,,56,30,3.244,0.345,0.312,,,4.75,93.7,250,,,reliable,
Celestion,NTR12-3018D,8,12,,,522,19.1,5.77,,,,58.7,,56.4,51.8,2.74,0.33,0.295,,,3.9,97.9,350,,,reliable,
Celestion,NTR15-3018E,8,15,,,852,20.3,5.38,,,,94.1,,35,223.5,6.996,0.271,0.261,,,5,99.2,450,,,reliable,
Celestion,NTR15-3018E v2015,8,15,,,855,21.1,5.58,,,,96.1,,34.6,225.7,3.856,0.262,0.245,,,5,99.1,450,,,reliable,
Celestion,NTR21-5010JD,8,21,,,1663,32.39,5.36,,,,319.232,,30.2,341.215,5.231,0.308,0.291,,,9,96.7,1600,,,reliable,
Celestion,POWER PRO X18,8,18,,,1210,24.2,5.1,,,,227.3,,34.8,188.9,3.147,0.431,0.379,,,8.6,96.6,1200,,,reliable,
Celestion,PULSE 10,8,10,,,346.2,13.2,6.03,,,,35.7,,68,25.8,2.54,0.53,0.439,,,3.4,95.1,200,,,reliable,
Celestion,PULSE XL 10.20-8,8,10,,,346.4,10.4,5.8,,,,39.4,,37.5,76.9,6.678,0.493,0.459,,,8.3,92.5,400,,,reliable,
Celestion,PULSE XL 12.20,8,12,,,530.9,11.1,5.8,,,,53,,35.1,153.3,6.087,0.548,0.503,,,8.3,94.2,250,,,reliable,
Celestion,T1600,8,12,,,511,11.5,4,,,,74.6,,22.5,245.5,5.32,0.32,0.302,,,4,94.4,80,,,reliable,
Celestion,T1600,8,12,,,511,9.9,6.96,,,,47.8,,23.6,350,6.329,0.499,0.463,,,4,92.2,80,,,reliable,
Celestion,T1600,8,12,,,511,10.5,7.23,,,,38.2,,30.3,264.7,5.535,0.478,0.44,,,4,94.3,80,,,reliable,
Celestion,T5667A 18-190X,4,18,,,1034,22.2,3.2,,,,198.3,,47.7,84.95,9.6,0.39,0.37,,,6.1,95.6,600,,,reliable,
Celestion,TF 1015,8,10,,,350,7.7,5.66,,,,28.7,,85,21,3.624,1.477,1.049,,,1.4,92.9,70,,,reliable,
Celestion,TF 1018,8,10,,,346.4,11.4,5.73,,,,28.1,,79.8,23.8,3.381,0.624,0.527,,,2,96.3,150,,,reliable,
Celestion,TF 1020 v2014,8,10,,,344,13.6,5.79,,,,30.3,,60.9,37.5,2.853,0.361,0.32,,,2,97.1,150,,,reliable,
Celestion,TF 1020 v2015,8,10,,,363,13.4,5.5,,,,29.2,,77,27,4.79,0.43,0.395,,,2,98.2,150,,,reliable,
Celestion,TF 1020 v2019,8,10,,,346,14,5.5,,,,30.8,,79,22.1,3.77,0.43,0.386,,,2,97.6,150,,,reliable,
Celestion,TF 1215,8,12,,,517,8.3,5,,,,35.8,,62,69,6,1,0.857,,,2.5,96.2,250,,,reliable,
Celestion,TF 1218TC,8,12,,,530,13.4,5.75,,,,39.7,,56,80.2,4.4,0.45,0.408,,,1.5,98.4,100,,,reliable,
Celestion,TF 1218TC v2008,8,12,,,530,13.4,5.75,,,,39.7,,56,80.2,4.4,0.45,0.408,,,1.5,98.4,100,,,reliable,
Celestion,TF 1218TC v2010,8,12,,,518,13.1,5.48,,,,36.1,,74.1,48.1,2.992,0.537,0.455,,,1.5,99.2,100,,,reliable,
Celestion,TF 1225,8,12,,,530.9,13.2,5.13,,,,46.3,,63,54.5,6.7,0.54,0.5,,,3.5,97.9,300,,,reliable,
Celestion,TF 1225CX,8,12,,,531,17.4,5.57,,,,55,,63.5,45.1,3.119,0.405,0.358,,,2.5,98.1,250,,,reliable,
Celestion,TF 1225E,8,12,,,530,17.3,6.64,,,,53.3,,60.7,50.8,5.19,0.45,0.414,,,3.5,96.8,300,,,reliable,
Celestion,TF 1525,8,15,,,854,12.9,5.4,,,,75.5,,46,162.1,6.24,0.71,0.637,,,2.5,97.2,250,,,reliable,
Celestion,TF 1525 v2020,8,15,,,851,13.3,5.21,,,,76.3,,47,152.5,5.9,0.66,0.594,,,2.5,97.6,250,,,reliable,
Celestion,TF 1525E,8,15,,,855.3,17.7,6.48,,,,81.7,,49.8,128.2,7.12,0.53,0.493,,,3.5,97.6,300,,,reliable,
Celestion,TF 1525E 4 Ohms,8,15,,,855,17.7,6.82,,,,81.6,,47.5,141,4.486,0.529,0.473,,,3.5,97.2,300,,,reliable,
Celestion,TF1230,8,12,,,527,13,5.2,,,,56.7,,59,51.25,2.4,0.652,0.515,,,4.8,94,350,,,reliable,
Celestion,TF1530E,8,15,,,853,17.318,5.09,,,,86.24,,41,181.7,4.042,0.376,0.344,,,8,97.1,400,,,reliable,
Celestion,TF1830,4,18,,,1193.8,16.2,2.58,,,,196.2,,35.7,202.4,4.213,0.434,0.393,,,4.5,100.2,500,,,reliable,
Celestion,TN1225,8,12,,,510,15.8,5.18,,,,46.8,,60.5,53.9,3.03,0.37,0.33,,,2.5,99,250,,,reliable,
Celestion,TN1230,8,12,,,532,18.3,5.13,,,,59.6,,49,70.3,5.46,0.28,0.266,,,3.8,98.6,300,,,reliable,
Celestion,TN1230 v2009,8,12,,,532,18.3,5.13,,,,59.6,,49,70.3,5.46,0.28,0.266,,,3.8,98.6,300,,,reliable,
Celestion,TN1530,8,15,,,851,18.4,5.18,,,,97,,47.6,117,3.147,0.445,0.39,,,3.8,98.4,300,,,reliable,
Celestion,Truvox 0615,8,6.5,,,154.54,0.298,5.59,0.369,,,10.584,,89.6,7.362380114,5.535,0.516,0.472,0.298,,3.5,,150,,,unreliable,"qes_inconsistent: stated=0.516 , computed=375.074 , difference=72588.76% (limit 20%); vas_inconsistent: stated=7.36238 L, computed=10.0821 L, difference=36.94% (limit 20%)"
Celestion,Truvox 0820,8,8,,208.5,226.98,11.51,6.06,0.543,,,19.49,,74.1,17.25,6.304,0.417,0.39,0.24,1.5,5,96,250,,70,reliable,
Celestion,Truvox 1225,8,12,,,530.93,13.51,6.38,0.68,,,51.39,,60.3,54.08517699,7.389,0.681,0.623,0.14,,4.75,97.9,300,,,reliable,
Celestion,TRUVOX 1520,8,15,,,860,11.9,5.95,,,,62.3,,51.7,157.7,6.69,0.85,0.754,,,3,97.4,200,,,reliable,
Celestion,Truvox 1525,8,15,,,855.3,14.273,6.58,0.703,,,80.772,,49,135.3545267,12.918,0.803,0.756,0.131,,4.75,98.8,400,,,reliable,
Celestion,TRUVOX 1525 E,8,15,,,855,16.4,5.6,,,,76.6,,44,175,7.85,0.44,0.417,,,3.5,98.8,300,,,reliable,
Celestion,TRUVOX 1530,8,15,,,860,18.8,5.7,,,,91.8,,45,141.2,4.2,0.42,0.382,,,2,98.3,400,,,reliable,
Celestion,TRUVOX-1020,8,10,,,363,13.4,5.5,,,,29.2,,77,27,4.79,0.43,0.395,,,2,98.2,250,,,reliable,
Celestion,TSQ2460,4,25,,,2239,35.1,3.17,,,,708.8,,27,344.5,10.89,0.31,0.301,,,9.4,99.4,2400,,,reliable,
Celestion,VINTAGE 30,16,12,,,530,17.9,12.9,,,,29.6,,75,60,10.2,0.56,0.531,,,2.1,96.5,60,,,reliable,
Cerwin-Vega,188EB,8,18,,,1000,20.3,6.2,,,,83.9,,46,200,1.556,0.364,0.295,,,4.4,100.4,400,,,reliable,
Cerwin-Vega,189E,8,18,,,1065.2,26.6,5,,,,177.5,,30.5,244,3.86,0.241,0.227,,,5.2,98.6,400,,,reliable,
Cerwin-Vega,HED-12 2,2,12,,,450,7.4,1.9,,,,97.6,,26,109,4.8,0.56,0.501,,,6,93.6,300,,,reliable,
Cerwin-Vega,HED-12 4,4,12,,,450,9.7,3.9,,,,87.3,,28,105,4.8,0.64,0.565,,,6,90.7,300,,,reliable,
Cerwin-Vega,STOKER 18D2,2,18,,,1196.8,23.4,1.7,,,,323.4,,31,163.7,7.923,0.196,0.191,,,7,102.7,1600,,,reliable,
Cerwin-Vega,VEGA 124,8,12,,,510.7,17.5,6.8,,,,167.6,,30.3,60.3,4.58,0.706,0.612,,,7,86.4,400,,,reliable,
Cerwin-Vega,VEGA 154,4,15,,,855.9,18.5,3.4,,,,271.4,,23,181.2,4.42,0.39,0.358,,,9.4,93.2,500,,,reliable,
Ciare,12.00 SW,8,12,,,490,25.28,6.79,,,,137.3,,43.61,32,6.99,0.4,0.38,,,11.5,90.1,1000,,,reliable,
Ciare,12.00 W1,8,12,,,548,18.69,5.34,,,,54.957,,54.94,65.25,10.33,0.29,0.28,,,3.75,97.6,500,,,reliable,
Ciare,15.00 W2,8,15,,,855.3,20.6,6.12,,,,104.6,,44.2,127,25.6,0.42,0.413,,,5,97.3,500,,,reliable,
Ciare,15.00SW-4,4,15,,,780,18.4,3.6,,,,227.3,,29,113,5.4,0.44,0.407,,,11.1,93.4,1000,,,reliable,
Ciare,15.75 NdW,8,15,,,855.3,19.3,5.36,,,,84.9,,37.7,215,18.41,0.29,0.286,,,5,99.7,400,,,reliable,
Ciare,18.00 NDW,8,18,,,1158.1,28,5.75,,,,158.8,,38.3,205,10.5,0.28,0.273,,,5,99.5,500,,,reliable,
Ciare,18.00 NDW1,8,18,,,1152.1,24.7,5.7,,,,186.6,,29.2,296.4,12.36,0.32,0.312,,,7,97.1,500,,,reliable,
Ciare,18.00SW,8,18,,,1104,34.3,6.8,,,,355,,36.4,92,11.6,0.47,0.452,,,6.8,92.4,1000,,,reliable,
Ciare,18.00W3,8,18,,,1158.1,26.4,5.5,,,,134.2,,36,273.8,26.06,0.24,0.238,,,5,100.9,800,,,reliable,
Ciare,18.75 NDW,8,18,,,1164.2,20.1,5.72,,,,125.6,,35.9,297,3.36,0.4,0.357,,,3,98.8,300,,,reliable,
Ciare,CH250,4,10,,,320,3.9,3.4,,,,16.6,,65,52,12.8,1.53,1.367,,,0.5,95.4,50,,,reliable,
Ciare,CH252,4,10,,,353,10,3,,,,28.1,,55,52,1.64,0.29,0.246,,,1.4,101,150,,,reliable,
Ciare,CH321,4,12,,,528,11.8,3,,,,39,,64,62,3.36,0.34,0.309,,,1.3,103,150,,,reliable,
Ciare,CM100,4,4,,,48,4.09,3.4,0.18,,,4,,160,1.699010796,2.75,0.52,0.43,0.55,,1.9,,60,,,unreliable,"fs_inconsistent: stated=160 Hz, computed=107.302 Hz, difference=32.94% (limit 20%); qes_inconsistent: stated=0.52 , computed=0.81732 , difference=57.18% (limit 20%)"
Ciare,CME160,4,6.5,,,137,7.6,3.2,0.3,,,11.5,,110,4.530695455,3.2,0.45,0.4,,,3.5,,130,,,reliable,
Ciare,CME200,4,8,,,206,7.3,3,0.45,,,14.2,,76,18.12278182,7,0.39,0.37,,,3.5,,130,,,reliable,
Ciare,CMI 250 ND,4,10,,,356,9,3,,,,38,,59,34,10.8,0.52,0.496,,,4.5,97.5,220,,,reliable,
Ciare,CMI160ND,4,6.5,,,137,7.8,2.9,0.33,,,20,,73,5.946537784,4,0.45,0.41,,,4.5,,220,,,reliable,
Ciare,CMI320ND,4,12,,,547,10.6,2.8,0.6,,,54,,53,69.94261108,13.5,0.44,0.43,,,5,,220,,,reliable,
Ciare,CMR160,4,6.5,,,135,6.58,3.55,0.11,,,8.5,,66,17.83961335,7.26,0.34,0.32,0.7,,1.5,,80,,,reliable,
Ciare,CMR200,4,8,,,216,8.55,3.41,0.42,,,18.87,,94,8.778222444,3.82,0.52,0.46,0.15,,3.8,,120,,,reliable,
Ciare,CS250,2,10,,,344,4.5,1.5,,,,25.9,,50,65,2.59,0.6,0.487,,,5.8,100.6,160,,,reliable,
Ciare,CW250C,4,10,,,360,9.5,3,,,,39,,39,77,1.6,0.33,0.27,,,5,93.3,250,,,reliable,
Ciare,CW321,4,12,,,537,12.33,3,,,,50,,45,94,2.54,0.29,0.26,,,1.35,96.5,150,,,reliable,
Ciare,CW322,4,12,,,517,9.5,3.2,,,,55.2,,22,355,3.52,0.27,0.251,,,5,97.4,100,,,reliable,
Ciare,FXE 10-2.5,8,10,,,346.4,15.1,6.03,,,,48.4,,46,41.6,11.21,0.37,0.358,,,6,93.6,300,,,reliable,
Ciare,FXE 15-4,8,15,,,855,20.7,5.89,,,,120.2,,40.6,131,12.29,0.42,0.406,,,8.4,96.5,800,,,reliable,
Ciare,HS250,4,10,,,339.8,8.7,2.83,,,,58.5,,19,194,3.57,0.26,0.242,,,8,93.6,70,,,reliable,
Ciare,HSB322 4-4,8,12,,,511,17.2,6.1,,,,86.2,,36,83,3.89,0.4,0.363,,,5.4,93,200,,,reliable,
Ciare,HSB322-22,4,12,,,511,11.3,3,,,,91.2,,35,83,3.93,0.47,0.42,,,7.5,95,350,,,reliable,
Ciare,HSB322-22,4,12,,,510.7,10.5,3.26,,,,66.6,,42.5,77,5.59,0.53,0.484,,,7.3,96.4,350,,,reliable,
Ciare,HW210,8,8,,,222,5.18,6,0.55,,,18.09,,41,57.48319858,4.4,1.04,0.84,,,5.3,,60,,,reliable,
Ciare,HW250,8,10,,,339,6.5,6,,,,28.1,,23,275,3,0.58,0.486,,,5,90.8,90,,,reliable,
Ciare,HW251,8,10,,,346,12.2,6.5,,,,45,,29,111,5.3,0.36,0.33,,,4,90.6,120,,,reliable,
Ciare,HW320,8,12,,,510,9.7,6.5,,,,43.2,,27,293,3.5,0.51,0.445,,,4.1,93.4,120,,,reliable,
Ciare,HW321,8,12,,,516.9,12.9,5.7,,,,63.5,,27,205,3.04,0.37,0.33,,,5,93.8,150,,,reliable,
Ciare,HWG130,8,5,,,87,7.8,5.4,0.7,,,13.1,,40,12.4594125,4.8,0.3,0.28,,,6.5,,130,,,reliable,
Ciare,HX255,8,10,,,360.3,8.4,5.4,,,,32.9,,43,75.9,3.79,0.68,0.577,,,4.8,93.2,100,,,reliable,
Ciare,HX255 GR,8,10,,,352,8.3,5.27,,,,25.1,,55.3,57.4,3.752,0.671,0.569,,,4,95.4,100,,,reliable,
Ciare,M320.5,4,12,,,530.9,11.6,3.15,,,,90.8,,34.4,93.2,6.48,0.46,0.43,,,4.4,95.2,100,,,reliable,
Ciare,M320.50 CS/FX-W,4,12,,,530.9,11.8,3.17,,,,101.3,,26.8,137.6,8.9,0.39,0.374,,,4.5,94.3,100,,,reliable,
Ciare,M320.75 C/Fx - 04,4,12,,,551.6,20,3.25,,,,63.7,,40,106,1.7,0.13,0.121,,,2,103.1,100,,,reliable,
Ciare,M320.75 C/Fx - 08,8,12,,,551.6,24.1,6.15,,,,63.7,,40,106,1.79,0.17,0.155,,,2.3,99.1,100,,,reliable,
Ciare,M320.75 C/FX-T-HF,8,12,,,535,19.6,5.47,,,,72.1,,48.2,60.6,19.86,0.31,0.305,,,2.6,97,100,,,reliable,
Ciare,MS250,8,10,,,359,12.8,6,,,,50,,35.9,71,1.6,0.41,0.326,,,2.9,92.3,150,,,reliable,
Ciare,NDC 12-3,8,12,,,535,19.9,6.03,,,,66.7,,45.5,73.6,16.06,0.29,0.285,,,5.4,97,400,,,reliable,
Ciare,NDC 15-4 S,8,15,,,830,25.9,5.96,,,,160.8,,31.2,156.2,2.59,0.28,0.253,,,8.8,95.5,1000,,,reliable,
Ciare,NDC 21-5,8,21.5,,,1662,35.4,6.22,,,,349.3,,32.2,270.8,18.93,0.35,0.344,,,8.8,97.2,1500,,,reliable,
Ciare,NDH 15-3,8,15,,,830,23.8,6.12,,,,88.9,,49.8,110.9,23.77,0.3,0.296,,,4.3,99.7,400,,,reliable,
Ciare,NDH 15-4,8,15,,,830,24.9,6.06,,,,106.9,,48.6,96.9,11.81,0.32,0.312,,,5.9,98.6,800,,,reliable,
Ciare,NDH18_4S,8,18,,,1164,27.5,6.1,,,,209.5,,31,239,9.8,0.33,0.319,,,9.4,96.5,1000,,,reliable,
Ciare,NDK 21-4,4,21.5,,,1662,30.5,3.5,,,,519.6,,28.5,232.4,4,0.35,0.322,,,8,97.4,1500,,,reliable,
Ciare,PFXI10.50W,8,10,,,356,13.4,5.8,,,,34.7,,58,38.5,4.3,0.41,0.374,,,4.4,96,220,,,reliable,
Ciare,PH250,8,10,,,353,12.4,6,,,,28.1,,55,52,2.86,0.38,0.335,,,1,96.8,150,,,reliable,
Ciare,PW 465 ND,8,18,,,1089,28.5,6,,,,220.3,,37,141.16,12.1,0.4,0.39,,,11.5,94.4,1000,,,reliable,
Ciare,PW251,8,10,,,344,12.8,6.2,,,,28.7,,56,46.7,2.14,0.38,0.323,,,1.4,96.4,150,,,reliable,
Ciare,PW252,8,10,,,346,15,6,,,,32.4,,55,43.4,2.17,0.3,0.264,,,2.3,97,150,,,reliable,
Ciare,PW255,8,10,,,346,8.9,6.2,,,,26.9,,78,26,5.03,1.04,0.862,,,2.9,93.8,150,,,reliable,
Ciare,PW256,8,10,,,356,16.9,5.43,,,,31.5,,69,30,12.45,0.26,0.255,,,2.5,99.5,250,,,reliable,
Ciare,PW257,8,10,,,353,15.8,5.21,,,,43.9,,57,31,3.2,0.33,0.299,,,3.5,96.2,400,,,reliable,
Ciare,PW320,8,12,,,531,17.8,6.2,,,,59,,40,106,2.37,0.29,0.258,,,3,96.8,150,,,reliable,
Ciare,PW320ND,8,12,,,535,15.8,6,,,,48.7,,49,87,8.12,0.36,0.345,,,3,97.8,150,,,reliable,
Ciare,PW321,8,12,,,515,11.4,6,,,,30.6,,52,114,2.38,0.46,0.385,,,3.5,98.7,150,,,reliable,
Ciare,PW328,8,12,,,532,15.01,5.5,,,,48.5,,48,91,3.08,0.357,0.32,,,3,96.3,150,,,reliable,
Ciare,PW329,8,12,,,535,21,5.4,,,,62.5,,50,65,2.95,0.24,0.222,,,2.5,99,150,,,reliable,
Ciare,PW330,8,12,,,551.5,18.7,5.33,,,,54.9,,55,65,10.33,0.29,0.282,,,3.8,99.5,500,,,reliable,
Ciare,PW331,8,12,,,490,25.3,6.73,,,,137.6,,44,32,6.99,0.4,0.378,,,2.9,91.1,150,,,reliable,
Ciare,PW380ND,8,15,,,850,21.4,5.9,,,,88.3,,48.8,122,11.73,0.35,0.34,,,3.5,99.4,250,,,reliable,
Ciare,PW387,8,15,,,829.5,13.5,6,,,,75.1,,44,168,4.82,0.68,0.596,,,1.3,96.5,150,,,reliable,
Ciare,PW388,8,15,,,851,16.24,6.26,,,,74.7,,35,277,17.15,0.39,0.38,,,2,96.7,250,,,reliable,
Ciare,PW389,8,15,,,829.5,20.3,5.5,,,,87.4,,45,138,15.54,0.33,0.323,,,4.3,99.4,400,,,reliable,
Ciare,PW390,8,18,,,855,18.8,5.4,,,,85.2,,37,225,12.4,0.3,0.29,,,3.8,97.6,500,,,reliable,
Ciare,PW396,8,15,,,850,20.6,6,,,,107.6,,43,129,24.73,0.41,0.403,,,5.8,97.2,400,,,reliable,
Ciare,PW450ND,8,18,,,1158,28.1,5.75,,,,160.9,,38,205,10.5,0.28,0.273,,,5,99.5,500,,,reliable,
Ciare,PW454,8,18,,,1164,21.3,5.2,,,,122.7,,35,320,14.99,0.31,0.304,,,4.3,100.3,400,,,reliable,
Ciare,PW455,8,18,,,1158,26.3,5.47,,,,134.1,,36,274,26.06,0.24,0.238,,,5,100.9,500,,,reliable,
Clarion,PXW1052,2,10,,,333,9.2,1.91,,,,115.9,,33.6,30.2,6.206,0.55,0.505,,,9.6,91.4,500,,,reliable,
Clarion,SRM2591,4,10,,,343.2,12.5,3.5,,,,72.7,,43,31.1,4.18,0.44,0.398,,,3.5,93.1,150,,,reliable,
Clarion,SRW800,4,31.5,,,3848.4,24.9,3.8,,,,640.7,,17,2840.2,8.86,0.42,0.401,,,13.8,100.4,1000,,,reliable,
Clarion,WG3020,4,12,,,523,13.6,3.63,,,,132.6,,28,93.4,6.6,0.46,0.43,,,6,91.9,300,,,reliable,
Coast Buyouts,29PB-038B,8,1,,,3.14,0.31,7.5,0.04,,,0.046,,600,0.02123763494,8.28,13.67,5.16,1.52,,0.1,,0.1,,,reliable,
Cobalt,CS 10 DVC parallele,2,10,,,325,7.7,1.85,,,,69.5,,30,60,7.06,0.41,0.387,,,6,94.3,200,,,reliable,
Cobalt,CS 10 DVC serie,8,10,,,325,15.3,7.3,,,,69.5,,30,60,7.06,0.41,0.387,,,6,88.3,200,,,reliable,
Cobalt,CS 10 SCV,4,10,,,325,8.9,3.49,,,,57.9,,34,56,7.51,0.54,0.504,,,4.3,91.7,200,,,reliable,
Community,109567,8,15,,,845,7.7,5.11,,,,50,,42.4,282.3,5.71,1.14,0.95,,,3,96.7,100,,,unreliable,"coupling_failed: Mms free-air radiation-mass correction exceeds 50% of Mms (0.567), check Sd/Mms, stated Mms=50 g, computed Mmd=21.6716 g, radiation mass difference=56.66% (limit 50%)"
Conrad,B12123,4,12,,,511,13.7,3.4,,,,131.8,,33,64.6,4.27,0.498,0.446,,,5.5,92.4,200,,,reliable,
Conrad,CPA 10-100,8,10,,,333,12.5,7.1,,,,31.5,,56.3,39.4,3.01,0.51,0.436,,,2.5,93.9,100,,,reliable,
Conrad,CPA12-100FR,8,12,,,507,13.4,7.1,,,,48,,41.7,109.5,3.631,0.496,0.436,,,4,94.5,100,,,reliable,
Conrad,CPA12-150,8,12,,,507,18.8,6.2,,,,55.1,,49.9,66.5,5.15,0.304,0.287,,,3.2,97.4,150,,,reliable,
Conrad,CPA12-200,8,12,,,511,23.8,6.3,,,,51.3,,54.6,60.5,5.456,0.197,0.19,,,2.6,100,200,,,reliable,
Conrad,CPA15-1000,8,15,,,835,25.2,5.6,,,,113.8,,31.3,221.7,8.314,0.197,0.193,,,4,98.9,1000,,,reliable,
Conrad,CPA15-300 v2018,8,15,,,835,25.5,5.4,,,,115.5,,33.3,193.6,7.33,0.201,0.196,,,4.6,99.2,300,,,reliable,
Conrad,CPA15-400,8,15,,,835,24.2,5.5,,,,94.4,,34.3,223,7.445,0.191,0.186,,,4,100.3,400,,,reliable,
Conrad,DS-100i,4,10,,,346,13.7,3.56,,,,74.9,,22.5,112.2,3.13,0.2,0.188,,,1.5,93.6,100,,,reliable,
Conrad,DS-120,4,12,,,491,13.8,3.5,,,,83.7,,28,130.5,3.1,0.27,0.248,,,4,95.8,120,,,reliable,
Conrad,DS-120i,4,12,,,491,13.9,3.5,,,,85,,27.8,130.5,3.1,0.27,0.248,,,1.5,95.7,120,,,reliable,
Conrad,DYH-1220,8,12,,,517,4.3,4,,,,52.9,,33,164.9,5.32,2.37,1.64,,,3.9,89,120,,,reliable,
Conrad,PA 10,8,10,,,340,11.5,7,,,,38.5,,50.7,41.5,3.465,0.648,0.546,,,3.9,91.8,100,,,reliable,
Conrad,PA 10 v2016,8,10,,,330,11.2,7,,,,36.3,,50.7,41.5,3.465,0.648,0.546,,,4,91.8,100,,,reliable,
Conrad,PA 12,8,12,,,567,13,7.1,,,,47.9,,42.9,129.2,3.012,0.545,0.462,,,4,95.2,200,,,reliable,
Conrad,PA 15,8,15,,,835,17.1,5.7,,,,94.4,,34.8,216.4,3.012,0.404,0.356,,,4,97,200,,,reliable,
Conrad,PA 38,8,15,,,835,17.2,5.7,,,,94.5,,34.8,216.4,3.01,0.4,0.353,,,5,97,200,,,reliable,
Coral,15L100,8,15,,,907,21.6,5.3,,,,130.7,,29,265.7,4.93,0.27,0.256,,,3.6,97.6,100,,,reliable,
Crites Speakers,CW1228,8,12,,,520.4,12.7,6.19,,,,43.7,,27.7,286.6,5.97,0.29,0.277,,,6.4,96.3,120,,,reliable,
Crites Speakers,CW1526,4,15,,,851,12.3,3.36,,,,73.4,,26.3,506.3,9.93,0.27,0.263,,,7,101.1,150,,,reliable,
Crites Speakers,CW1526 V2017,4,15,,,856.3,11.6,3.4,,,,86.1,,26.3,437.2,9.19,0.36,0.346,,,7.2,99.1,150,,,reliable,
Crites Speakers,CW1526C,4,15,,,856.3,12.4,3.36,,,,74.3,,26.3,506.3,9.93,0.27,0.263,,,7,101.1,150,,,reliable,
CSS,LDW7,8,7,,,131,8.2,6.4,0.17,,,21.9,,30,30.86,9,0.39,0.37,1.3,,5.5,86,80,,,reliable,
CSS,SDX10,4,,,,292.4,10.26,3.5,1.42,,,100.5,,30,33.98,3.69,0.63,0.54,0.28,,18.4,87.2,750,,,reliable,
CSS,SDX12,4,12,,,491,18.4,3.7,1.38,,,275.9,,21.3,67.4,3.962,0.414,0.374,,,28,87.2,1000,,,reliable,
CSS,W5-06,6,,,,93,5.2,4.7,,,,12.2,,39,16.6,8,0.53,0.5,1.35,,,86.9,,,,reliable,
CSS Audio,Maelstrom 18 DVC by Exodus Audio,4,18,,,1182,22.8,3.8,,,,523.5,,17.4,313,3.62,0.42,0.376,,,14.7,91.2,1000,,,reliable,
CSS Audio,Maelstrom 21 DVC by Exodus Audio,4,21.5,,,1550,21.7,3.8,,,,530.7,,16.3,605,3.38,0.44,0.389,,,16.3,93,1000,,,reliable,
CSS Audio,SDX10,4,10,,,330,11.5,3.5,,,,107.9,,26,53,4,0.47,0.421,,,16.2,88.5,750,,,reliable,
CSS Audio,SDX12 DVC,4,12,,,491,18.3,3.7,,,,279.5,,21.3,67.5,3.962,0.414,0.375,,,13.4,87.3,800,,,reliable,
CSS Audio,TRIO12,8,12,,,491,14.8,4,,,,182.3,,22,97,6.4,0.46,0.429,,,10,88.5,300,,,reliable,
Cube,F10 NEO,8,10,,,346,8.6,5.5,,,,37.2,,30,127,17.8,0.52,0.505,,,5.1,91.8,30,,,reliable,
Cube,F10 SELECT,8,10,,,346,8.9,6.5,,,,39,,30,121,10.4,0.6,0.567,,,4.6,90.2,25,,,reliable,
Cyrille Audio,BM38F76P-HR,8,15,,,907.9,19.6,5.23,,,,83.8,,43.1,188.3,4.969,0.309,0.291,,,4.6,100.7,300,,,reliable,
Cyrille Audio,BM38ND76P,8,15,,,908,18.2,5.5,,,,72.3,,33,372,4.26,0.25,0.236,,,1.8,100.9,150,,,reliable,
Cyrille Audio,BM38ND76P-2,8,15,,,908,18.2,5.5,,,,72.3,,33,372,4.26,0.25,0.236,,,1.9,100.9,175,,,reliable,
Cyrille Audio,GM38F76P,8,15,,,907.9,17.5,5.45,,,,100.9,,38.8,192.6,8.877,0.44,0.419,,,6.6,97.7,350,,,reliable,
Cyrille Audio,GM38ND100P V2 a,8,15,,,881.4,27,4.9,,,,100.2,,32.7,257.2,8.357,0.138,0.136,,,6.5,102.3,800,,,reliable,
Cyrille Audio,S38ND100P,4,15,,,850,24.9,3.8,,,,142.6,,18.3,540,6.43,0.1,0.098,,,8,100.4,800,,,reliable,
Dali,A-12WD,8,12,,,515,14.4,4,,,,106.8,,27,121,5.3,0.35,0.328,,,8.8,93.3,300,,,reliable,
DAP Audio,AB-15,8,15,,,855,18.1,7.2,,,,97.3,,46.7,122.3,4.03,0.631,0.546,,,5.5,95.4,400,,,reliable,
DAP Audio,AB-15,8,15,,,855.3,24.2,7.15,,,,162.6,,39.2,103.7,3.52,0.49,0.43,,,5.2,93.5,400,,,reliable,
DAP Audio,AB-15,8,15,,,855.3,20,6.89,,,,110.5,,39.3,152.3,3.5,0.47,0.414,,,5.5,95.6,400,,,reliable,
DAS Audio,10B,8,10,,,360,22.5,5.5,,,,47.2,,59,28,8.147,0.19,0.186,,,3.4,98.4,400,,,reliable,
DAS Audio,12G,8,12,,,540,14.1,6,,,,30.4,,48,148,7.792,0.276,0.267,,,6,101,700,,,reliable,
DAS Audio,12H,8,12,,,540,21.4,6.1,,,,78.8,,48,57,6.472,0.317,0.302,,,5.9,96.1,600,,,reliable,
DAS Audio,12P,8,12,,,540,15.9,6.5,,,,65.9,,46.2,73.6,7.3,0.49,0.459,,,6,94.6,400,,,reliable,
DAS Audio,15B,8,15,,,860,21.1,5.6,,,,75.2,,42,198,6.39,0.25,0.241,,,4,101.2,500,,,reliable,
DAS Audio,15B v2014,8,15,,,897,21.2,6.1,,,,98.8,,39.1,189.5,9.94,0.33,0.319,,,4,98.5,500,,,reliable,
DAS Audio,15BN,8,15,,,860,23.2,5.7,,,,74.9,,44,181,6.41,0.22,0.213,,,4,101.9,500,,,reliable,
DAS Audio,15G,8,15,,,860,21.6,6,,,,95.3,,35,225,6.66,0.27,0.259,,,6,98.8,700,,,reliable,
DAS Audio,15GN,8,15,,,860,25.8,6.3,,,,102.9,,36,197,7.15,0.22,0.213,,,6,99.2,700,,,reliable,
DAS Audio,15H,8,15,,,860,21.7,6.1,,,,105.6,,35,203,6.54,0.3,0.287,,,6,97.8,600,,,reliable,
DAS Audio,15HM,8,15,,,860,20.4,5.6,,,,79.8,,43,178,7.36,0.29,0.279,,,4,100.4,500,,,reliable,
DAS Audio,15L,8,15,,,860,15.5,6.4,,,,69.2,,38,263,8.56,0.44,0.418,,,6,98.1,200,,,reliable,
DAS Audio,15LM,8,15,,,897,16.3,6.4,,,,84.8,,40.4,206.6,8.59,0.52,0.49,,,5,97.1,400,,,reliable,
DAS Audio,15M,8,15,,,855,12.3,5.5,,,,88.1,,38,204,8.24,0.76,0.696,,,3,95.3,200,,,reliable,
DAS Audio,15P,8,15,,,860,15.9,6.4,,,,70.4,,40,233,6.85,0.45,0.422,,,6,98.2,400,,,reliable,
DAS Audio,15S,8,15,,,860,22.8,6.2,,,,114,,35,188,6.71,0.3,0.287,,,8,97.4,700,,,reliable,
DAS Audio,18G,8,18,,,1164,23.5,6.2,,,,137,,32,343,6.409,0.31,0.296,,,6,98.7,700,,,reliable,
DAS Audio,18H,8,18,,,1164,23.1,6.1,,,,170.6,,30.2,308.5,6.13,0.37,0.349,,,6,96.8,600,,,reliable,
DAS Audio,18LX,8,18,,,1158.5,22.6,6.5,,,,175.2,,32.3,260.7,3.515,0.452,0.4,,,6,95.8,600,,,reliable,
DAS Audio,18LXN,8,18,,,1164,21.6,6.1,,,,151.8,,38.5,213.7,7.21,0.48,0.45,,,8,97.2,1000,,,reliable,
DAS Audio,18SX,8,18,,,1164,23.6,6.1,,,,182,,39.2,171.9,4.57,0.49,0.443,,,8,96.4,1000,,,reliable,
DAS Audio,BI-30,8,15,,,780,22.9,5,,,,97.4,,28,283,1.285,0.163,0.145,,,6.6,99.8,500,,,reliable,
DAS Audio,G-12,8,12,,,522.8,13.2,6.57,,,,61,,30.9,166.2,2.89,0.45,0.389,,,3,93.2,150,,,reliable,
DAS Audio,G-12,8,12,,,522.8,14.5,6.54,,,,88.5,,30,121.8,3.26,0.52,0.448,,,3,90.9,150,,,reliable,
DAS Audio,G-30,8,15,,,830,22.5,6.5,,,,83.7,,29.4,337,1.78,0.199,0.179,,,3.3,99.2,200,,,reliable,
DAS Audio,G-35,8,15,,,860,20.9,6.8,,,,125.1,,32,205,1.54,0.39,0.311,,,4.5,95,500,,,reliable,
DAS Audio,G45,8,18,,,1164,20.5,7,,,,130,,31,385,2,0.42,0.347,,,4.5,96.9,600,,,reliable,
DAS Audio,KCS S1535,8,15,,,907.9,17.1,5.34,,,,97.6,,41,178.8,6.08,0.46,0.428,,,3.5,98,200,,,reliable,
DAS Audio,MI-30,8,15,,,830,18,6,,,,57.6,,34.3,360,1.73,0.23,0.203,,,4.3,101.2,150,,,reliable,
DAS Audio,P-12,8,12,,,540,16.8,6.5,,,,55.9,,42,105,10.13,0.34,0.329,,,6,96.5,300,,,reliable,
DAS Audio,P-18,8,18,,,1176,16.5,6.6,,,,120.7,,36,314,4.98,0.66,0.583,,,4.5,96.3,350,,,reliable,
DAS Audio,S1846,8,18,,,1164.2,15.8,6.1,,,,93.6,,36.3,389.4,1.809,0.519,0.403,,,8,98.7,550,,,reliable,
DAS Audio,S1846,8,18,,,1164.2,21.8,6.19,,,,143,,29.6,384,2.076,0.348,0.298,,,8,97.7,550,,,reliable,
David Eden,EC1060XL4,4,10,,,350.1,12.3,2.92,,,,30.2,,46.1,67.7,2.08,0.17,0.157,,,3.3,102.3,150,,,reliable,
David Eden,EC1060XL8,8,10,,,350.1,15.2,5.15,,,,31.9,,49.6,55.5,3.52,0.22,0.207,,,2.4,98.8,150,,,reliable,
David Eden,EC1060XS16,16,10,,,350.1,14.1,9.9,,,,25.7,,42.6,93.4,2.9,0.34,0.304,,,4.7,94.3,150,,,reliable,
David Eden,EC1060XS8,4,10,,,350.1,13.5,3.87,,,,36.7,,39,78,3.44,0.19,0.18,,,4.3,99,150,,,reliable,
Davis,25GC10R,8,10,,,330,9.2,4.94,,,,34.6,,37.2,80.9,2.57,0.47,0.397,,,5.7,93.5,100,,,reliable,
Davis,25GCA10W,8,10,,,330,11.4,5.96,,,,52.5,,26,109,2.23,0.39,0.332,,,4,90.2,80,,,reliable,
Davis,25GCA10W v2008,8,10,,,330,9.3,6.69,,,,24.9,,25.7,234.7,1.73,0.31,0.263,,,4,93.9,80,,,reliable,
Davis,25GCA10W v2009,8,10,,,330,8.3,6.7,,,,24.3,,26,235,2.23,0.39,0.332,,,4,93,80,,,reliable,
Davis,25GCA10W v2011,8,10,,,330,8.3,6.7,,,,24.9,,25.7,235,2.23,0.39,0.332,,,4,92.8,80,,,reliable,
Davis,25GCA10WR,8,10,,,330,10.2,5.96,,,,33.8,,39.2,74.4,2.6,0.48,0.405,,,6,93,130,,,reliable,
Davis,25SCA10T,8,10,,,328.4,9.1,6.81,,,,25,,41,91.3,2.94,0.53,0.449,,,4.8,93.4,60,,,reliable,
Davis,25SCA10W,8,10,,,330,11,5.96,,,,45.2,,28,109,2.23,0.39,0.332,,,4,91.1,60,,,reliable,
Davis,25SCA10W,8,10,,,336,7.7,5.96,,,,19.2,,28,267,1.77,0.34,0.285,,,4,95.6,60,,,reliable,
Davis,25SCA10W clio,8,10,,,330,11.8,6,,,,43.2,,40.2,55.3,2.29,0.47,0.39,,,3.5,92.1,60,,,reliable,
Davis,25SCA10WR,8,10,,,330,8.6,6.87,,,,26.9,,24.6,237.7,2.03,0.39,0.327,,,5,92.2,100,,,reliable,
Davis,25SCA10WR-8 v2018,8,10,,,330,11,5.96,,,,45.2,,28,109,2.23,0.39,0.332,,,5,91.1,100,,,reliable,
Davis,28MP10,8,10,,,330,4.3,5.15,,,,30.2,,40,80.1,4.48,2.08,1.42,,,3,87.8,60,,,reliable,
Davis,31ST12,8,12,,,460,12.4,6.21,,,,134.8,,31,58,3.48,1.06,0.813,,,4.1,85.2,100,,,reliable,
Davis,31ST12 v2018,8,12,,,460,9.4,7.05,,,,33.1,,34.1,195.7,1.72,0.57,0.428,,,5,93.9,100,,,reliable,
Davis,31ST12M,8,12,,,460,9.8,6.3,,,,50.2,,24,260,1.98,0.5,0.399,,,8.9,91.6,100,,,reliable,
Davis,31ST12M v2009,8,12,,,567.5,10.6,6.97,,,,59.4,,22,398,1.65,0.51,0.39,,,9,91.8,100,,,reliable,
Davis,31ST12M v2011,8,12,,,460,9.8,6.3,,,,50.2,,24,260,1.98,0.5,0.399,,,8.9,91.6,100,,,reliable,
Davis,31TCA12,8,12,,,543,15.1,5.8,,,,60.8,,34,149,2.92,0.33,0.296,,,6,95.9,200,,,reliable,
Davis,31TCA12,8,12,,,535,11.8,6.21,,,,39.1,,49.1,107.8,3.25,0.534,0.459,,,5.5,96.9,200,,,reliable,
Davis,31TCA12,8,12,,,538,13.8,6.21,,,,56.5,,45.8,86.8,3.105,0.533,0.455,,,5,95,200,,,reliable,
Davis,31TCA12,8,12,,,543,13.1,6.6,,,,44.6,,32.5,222,3.08,0.35,0.314,,,6,96.2,200,,,reliable,
Davis,31TCA12,8,12,,,530.9,10.5,6.73,,,,48.1,,35,169.8,2.87,0.65,0.53,,,6,93.2,200,,,reliable,
Davis,31TCA12,8,12,,,530.9,9.8,6.7,,,,32.4,,39,202.9,3.23,0.56,0.477,,,6,96.1,200,,,reliable,
Davis,31TCA12,8,12,,,535,11.9,6.18,,,,41.7,,46.4,113.1,3.033,0.527,0.449,,,5.7,96.4,200,,,reliable,
Davis,31TCA12,8,12,,,538,13.2,6.18,,,,48.8,,51.8,78.4,3.49,0.562,0.484,,,4.6,96,200,,,reliable,
Davis,31TCA12,8,12,,,538,13.3,6.17,,,,51.4,,48.5,85.1,3.299,0.549,0.471,,,4.9,95.6,200,,,reliable,
Davis,31TCA12,8,12,,,535,11.5,6.16,,,,36.5,,49.1,115.6,3.119,0.528,0.452,,,5.6,97.3,200,,,reliable,
Davis,31TCA12 N1,8,12,,,545,13.1,6.21,,,,48,,51.1,84.1,3.439,0.557,0.479,,,4.7,96.1,200,,,reliable,
Davis,31TCA12 v2009,8,12,,,543,13.4,7,,,,44.6,,32.5,222,2.499,0.354,0.31,,,6,95.9,200,,,reliable,
Davis,31TCA12 v2012,8,12,,,530,12.3,6.9,,,,32,,38,216,6.85,0.35,0.333,,,6,97.9,200,,,reliable,
Davis,31TCA12 v2015,8,12,,,538,12.8,5.81,,,,47.4,,48.5,92.3,3.318,0.51,0.442,,,5,96.5,200,,,reliable,
Davis,31TCA12 vn2,8,12,,,538,13.2,6.18,,,,48.8,,51.8,78.4,3.49,0.562,0.484,,,4.6,96,200,,,reliable,
Davis,31TCA12W,8,12,,,530,11.7,6.28,,,,40.8,,27,335,2.42,0.32,0.283,,,6,96.2,200,,,reliable,
Davis,31TK12,8,12,,,543,12.6,6.9,,,,33.4,,38.1,216,3.07,0.35,0.314,,,5,98,150,,,reliable,
Davis,31TK12-M,8,12,,,543,9.7,7.35,,,,36,,27.8,376,2.741,0.491,0.416,,,5,94.5,150,,,reliable,
Davis,31TPA,8,12,,,535,13,6.1,,,,50.8,,41.7,114.9,2.328,0.483,0.4,,,4.8,95.5,150,,,reliable,
Davis,31TPA,8,12,,,535,12.8,6.09,,,,48.9,,46.4,96.4,2.526,0.529,0.437,,,4.4,95.8,150,,,reliable,
Davis,31TPA-12G,8,12,,,531,9.1,5.1,,,,34.3,,37,213.5,5.2,0.49,0.448,,,4.5,97.4,150,,,reliable,
Davis,31TPG-A,8,12,,,460,8.8,6.28,,,,25.8,,37,213,5.2,0.49,0.448,,,4.5,96.5,150,,,reliable,
Davis,38RCA15,8,15,,,804,19.3,6.95,,,,73.2,,29,373,7,0.248,0.24,,,5,98.2,200,,,reliable,
Davis,38RPA,8,15,,,804.2,19.2,7.4,,,,116.8,,20.7,459,3.47,0.304,0.28,,,4,93.6,200,,,reliable,
Davis,39GCA15,8,15,,,804,15.1,5.25,,,,103,,23.6,402,5.93,0.35,0.33,,,7.5,95.6,300,,,reliable,
Davis,39GCA15 v2024,8,15,,,892,16.7,4.98,,,,118.1,,26.3,347,7.29,0.349,0.333,,,7.5,96.6,300,,,reliable,
Davis,39GPA15,8,15,,,804,14,4.9,,,,86.8,,26.2,384,5.64,0.36,0.338,,,7.5,97,300,,,reliable,
Davis,39RCA15,8,15,,,804,11.3,5.29,,,,78.6,,33.7,258,5.45,0.69,0.612,,,4,95.3,200,,,reliable,
Davis,39RCA15 v2024,8,12,,,540,17,5.42,,,,96.7,,32.8,99.5,4.28,0.376,0.346,,,5.8,93.4,200,,,reliable,
Davis,39RPA15,8,15,,,907,18.3,5.37,,,,89.4,,31,340,9.9,0.278,0.27,,,4,99.3,200,,,reliable,
Davis,40RCA15,8,15,,,804,16.3,5.05,,,,90,,27,350,10.05,0.29,0.282,,,5,97.7,200,,,reliable,
Davis,40RCA15,8,15,,,804,17.8,6.1,,,,99.7,,22.7,446,2.809,0.275,0.25,,,5,96,200,,,reliable,
Davis,40RCA15,8,15,,,804,17.2,4.65,,,,115.7,,21,450,6.04,0.24,0.231,,,5,96.7,200,,,reliable,
Davis,40RCA15,8,15,,,804,12.8,4.1,,,,79.1,,26.6,410,4.88,0.33,0.309,,,5,98.6,200,,,reliable,
Davis,40RCA15,8,15,,,804,18.7,5.39,,,,87.6,,26.2,380.7,10.44,0.223,0.218,,,5,98.6,200,,,reliable,
Davis,40RCA15DF,8,15,,,804,16.3,5.05,,,,90,,27,350,10.05,0.29,0.282,,,5,97.7,200,,,reliable,
Davis,40RCADB,8,15,,,804,13.8,4,,,,94.7,,36,187,6.85,0.45,0.422,,,5,97.9,200,,,reliable,
Davis,40RCADF,8,15,,,804,16.3,5.05,,,,90,,27,350,10.5,0.29,0.282,,,5,97.7,200,,,reliable,
Davis,40XXXL,8,15,,,804.4,17.7,4.84,,,,85.8,,35.6,211.1,7.896,0.298,0.287,,,5.5,99.2,250,,,reliable,
Davis,KIT ALBEDO,8,12,,,460,8.7,5,,,,32.2,,37.5,166,5.53,0.5,0.459,,,5,96.5,150,,,reliable,
Dayton Audio,10 DVC,4,10,,,340.7,8.2,3.1,,,,59.7,,25,110.4,3.2,0.43,0.379,,,17.8,92.1,500,,,reliable,
Dayton Audio,12 DVC,4,12,,,480,10.6,3.05,,,,88.9,,25,147.3,4,0.38,0.347,,,15.5,94,600,,,reliable,
Dayton Audio,12LF ODEUM,8,12,,,533,21.6,6.7,,,,87.1,,28,147.8,5.19,0.22,0.211,,,8.3,94.4,400,,,reliable,
Dayton Audio,12LF400,8.0,,,,533,21.8,6.7,1.47,,,88.3,,28,147.8,5.19,0.22,0.21,,,9.55,94.5,400,,,reliable,
Dayton Audio,15LF ODEUM,8,15,,,837.4,21,6.4,,,,115.6,,25.5,331.3,6.7,0.27,0.26,,,9.3,96,700,,,reliable,
Dayton Audio,15LF500,8.0,,,,837.4,21.1,6.4,1.74,,,117,,25.5,331.3,6.7,0.27,0.26,0.33,,9.25,96,700,,,reliable,
Dayton Audio,18SW1200F,8.0,,,,1200,24.44,6.5,2.25,,,193.6,,32,287.699,,0.42,0.4,0.13,,10.6,96.4,1200,,,reliable,
Dayton Audio,18SW1200N,8.0,,,,1200,27.57,6.1,0.61,,,217.8,,32,253.436,10.02,0.35,0.33,0.114,,9.1,97,1200,,,reliable,
Dayton Audio,310-8,8,12,,,530.9,14,5.8,,,,62,,44.4,81.9,8.63,0.51,0.482,,,3.5,94.9,80,,,reliable,
Dayton Audio,APOLLO 10N,8,10,,,333.1,18.4,7.4,,,,31.1,,54,43.5,6.73,0.23,0.222,,,4.3,97.1,250,,,reliable,
Dayton Audio,APOLLO 12LF,8,12,,,533,21.6,6.7,,,,87.1,,28,147.8,5.19,0.22,0.211,,,8.3,94.4,400,,,reliable,
Dayton Audio,APOLLO 12N,8,12,,,494.6,17.6,7.5,,,,47,,38,128.1,7.75,0.27,0.261,,,6.8,96.4,400,,,reliable,
Dayton Audio,APOLLO 15LF,8,15,,,837,21,6.4,,,,115.6,,25.5,331,6.7,0.27,0.26,,,9.3,96,1000,,,reliable,
Dayton Audio,APOLLO 15N,8,15,,,844.5,20,5.8,,,,84.6,,44,154.7,10.47,0.34,0.329,,,6.3,99.3,500,,,reliable,
Dayton Audio,APOLLO 18F,8,18,,,1200,23.2,6.5,,,,173.6,,32,287.7,8.97,0.42,0.401,,,10.6,96.4,1200,,,reliable,
Dayton Audio,APOLLO 18N,8,18,,,1200,26.3,6.1,,,,196.9,,32,253.6,10.02,0.35,0.338,,,9.1,96.9,1200,,,reliable,
Dayton Audio,CE28N-4,4,1,,,3.1,1.56,3.79,0.06,,,0.29,,456,0.005663369318,2.73,1.24,0.85,0.42,,0.35,,2,,,reliable,
Dayton Audio,CE40-4,4,,,,7.07,1.5,3.6,0.06,,,0.73,,194,0.05663369318,5,1.45,1.12,0.92,,0.7,,10,,,reliable,
Dayton Audio,CE4249N-4,4,,,,6.6,2.94,3.3,0.13,,,1.2,,184,0.02831684659,6.67,0.53,0.49,0.49,,1.6,,5,,,reliable,
Dayton Audio,CE45N-4,4,,,,8.04,1.78,3.68,0.07,,,0.86,,178,0.05663369318,4.23,1.12,0.89,0.92,,1.1,,5,,,unreliable,"vas_inconsistent: stated=0.0566337 L, computed=0.0842463 L, difference=48.76% (limit 20%)"
Dayton Audio,CE48,4.0,2,,,9.1,2.48,3.5,0.37,,,1.9,,151,0.068,11.03,1.04,0.95,0.59,,1.2,79,5,,,reliable,
Dayton Audio,CE4876-16,16,,,,26.3,4.37,15,0.44,,,1.9,,150,0.5663369318,5.87,1.41,1.14,0.591,,2.5,,10,,,reliable,
Dayton Audio,CE4895-8,8,,,,25.4,5.17,7.3,0.53,,,2.72,,123,0.5380200852,5.75,0.58,0.53,0.61,,1.8,,22,,,reliable,
Dayton Audio,CE52N-4,4,,,,12.6,2.51,3.3,0.12,,,1.3,,164,0.1699010796,4.08,0.69,0.59,0.74,,0.85,,5,,,reliable,
Dayton Audio,CE53N,4.0,2,,,11.3,3.44,3.47,0.13,,,1.8,,132,0.15,5.22,0.43,1,0.83,,2,84,10,,,unreliable,"qts_inconsistent: stated=1, computed Qms*Qes/(Qms+Qes)=0.397274, difference=60.27% (limit 20%)"
Dayton Audio,CE54N-4,4,2,,,14.5,3.82,3.6,0.11,,,2.4,,168,0.111,6.77,0.63,0.58,0.37,,1.4,84,15,,150,reliable,
Dayton Audio,CE58N-10,10,,,,14.5,4.17,9.2,0.11,,,1.5,,177,0.141584233,3.13,0.89,0.69,0.53,,2.1,,15,,,reliable,
Dayton Audio,CE65W,8.0,2.5,,,21.24,2.73,6.9,0.51,,,1.91,,105,0.5946537784,3.85,1.43,0.99,0.91,,2,83,7,,,reliable,
Dayton Audio,CE67PR,4.0,,,,16.62,3.22,4.54,0.14,,,1.8,,218,0.11,5.52,1.11,0.92,0.29,,2.2,88,15,,,reliable,
Dayton Audio,CE70PR,4.0,,,,24.6,3.11,3.13,0.31,,,3.5,,109,0.523,3.5,0.77,0.63,0.61,,4,85,20,,,reliable,
Dayton Audio,CE78PF,4.0,,,,30.2,2.22,3.7,0.17,,,2.8,,100,1.14,3.9,1.34,0.99,0.887,,1.4,85,10,,,reliable,
Dayton Audio,CE81PF,8.0,3,,,28.3,3.72,6.7,0.14,,,3,,97,0.8495053978,7.92,0.9,0.81,0.889,,2.7,84,15,,,reliable,
Dayton Audio,CF120-4,4,4.5,,,51.25,4.94,3.4,0.45,,,6.86,,53.2,4.813863921,1.89,0.32,0.28,1.306,,3.5,,30,,,reliable,
Dayton Audio,CFC120-4,4,4.5,,,54.9,4.23,3.6,0.3,,,7.5,,57,4.474061762,2.91,0.54,0.45,1.04,,2.5,,30,,,reliable,
Dayton Audio,CFC150-4,4,5.25,,,85.1,4.7,3.6,0.35,,,10.5,,77,4.190893296,4.13,0.84,0.7,0.41,,3.5,,40,,,reliable,
Dayton Audio,CFC150-8,8,5.25,,,86,5.74,7.2,0.55,,,10.1,,80,4.105942756,4.05,1.11,0.87,0.39,,3.5,,40,,,reliable,
Dayton Audio,CFC180-4,4,6.5,,,129.8,6.8,3.6,0.84,,,19.5,,52,11.6099071,3.33,0.5,0.43,0.48,,4,,40,,,reliable,
Dayton Audio,CFC180-8,8,6.5,,,129.8,9,8,1.5,,,18.6,,51,12.4594125,3.64,0.59,0.51,0.52,,4,,40,,,reliable,
Dayton Audio,CX120,8.0,4,,,52.51,5.08,6.22,0.63,,,4.82,,87.5,3,2.89,0.57,0.48,0.765,,3,88.5,40,,,reliable,
Dayton Audio,DA115,8.0,4,,,53.1,5.7,6.4,0.7,,,6.6,,60,4.4,2.6,0.49,0.41,1.1,,2.5,84.9,20,,,reliable,
Dayton Audio,DA135,8.0,5.25,,,75.4,5.32,6.4,0.97,,,8.54,,56.5,7.4,2.61,0.68,0.54,0.93,,3,85,30,,,reliable,
Dayton Audio,DA175,8.0,7,,,132.7,7.17,5.9,1.14,,,25.17,,39,16.3,3.31,0.7,0.58,0.66,,4.25,85,50,,,reliable,
Dayton Audio,DA215,8.0,8,,,211.2,10,6.8,1.44,,,30.3,,35,42.7,1.95,0.45,0.37,0.68,,5.3,88.7,60,,,reliable,
Dayton Audio,DA270-8,8,10,,,346,10.1,6.3,,,,51.3,,27.8,108.5,1.95,0.55,0.43,,,6.1,88.1,80,,,reliable,
Dayton Audio,DA270-8 10,8,10,,,346.4,10.1,6.3,,,,50.8,,27.8,108.5,1.95,0.55,0.429,,,6.1,89.3,80,,,reliable,
Dayton Audio,DC130A,8.0,5.25,,,91.6,5.88,5.7,0.75,,,9.3,,53.2,11.8,1.9,0.51,0.41,0.96,,2.5,88.7,40,,,reliable,
Dayton Audio,DC130AS,8.0,5.25,,,91.6,5.83,5.6,0.84,,,9.7,,57.2,9.73,2.01,0.58,0.45,0.8,,2.5,88.5,30,,,reliable,
Dayton Audio,DC130B,4.0,5.25,,,91.6,4.89,3.2,0.5,,,9.4,,51.8,12.3,2.52,0.41,0.35,1,,2.5,92.1,40,,,reliable,
Dayton Audio,DC130B-8,8,5.25,,,91.6,5.94,5.7,0.77,,,9.1,,52.5,12.17624403,1.85,0.48,0.38,1.01,,2.5,,40,,,reliable,
Dayton Audio,DC130BS,4.0,5.25,,,93.3,4.8,3.55,0.5,,,8.8,,51.8,13.2,1.86,0.44,0.35,1.08,,2.5,91.6,30,,,reliable,
Dayton Audio,DC160,4.0,6.5,,,136.8,7.02,3.4,0.99,,,29.2,,39,15,3.31,0.49,0.43,0.57,,3.4,88.3,60,,,reliable,
Dayton Audio,DC160,8.0,6.5,,,134.8,10.7,6.6,2.26,,,29.3,,35.7,17.9,3.46,0.38,0.34,0.68,,3.15,86.1,50,,,reliable,
Dayton Audio,DC200,8.0,8,,,211.2,9.5,6.41,2.32,,,36.1,,30.3,45.7,3.06,0.49,0.42,0.77,,4.5,87,60,,,reliable,
Dayton Audio,DC250,8.0,10,,,343.1,12.64,6.6,2.63,,,67.5,,24.9,104,3.16,0.44,0.38,0.61,,4.5,88.4,70,,,reliable,
Dayton Audio,DC300,8.0,12,,,498.8,16.3,6.8,2.93,,,100.7,,22.9,181.5,3.21,0.37,0.33,0.48,,4.3,90.3,80,,,reliable,
Dayton Audio,DC300-8 v2018,8,12,,,498.8,15.7,6.8,,,,92.8,,22.9,181.5,3.21,0.37,0.332,,,4.3,90.4,80,,,reliable,
Dayton Audio,DC380,8.0,15,,,834.7,20.4,6.4,3.09,,,182.9,,18.8,391.4,2.87,0.34,0.3,0.39,,4.35,91.8,100,,,reliable,
Dayton Audio,DCS165,4.0,6.5,,,124.7,9.15,3.4,1.43,,,39.5,,35.7,12.1,6.62,0.36,0.34,0.5,,6,87.4,100,,,reliable,
Dayton Audio,DCS205,4.0,8,,,213.8,10.7,3.9,1.78,,,57.7,,32.3,27,6.28,0.4,0.37,0.42,,8.8,88.6,150,,,reliable,
Dayton Audio,DCS255,4.0,10,,,346.4,12.6,3.45,1.8,,,95.5,,37.7,32.1,7.42,0.5,0.46,0.19,,8.3,91,200,,,reliable,
Dayton Audio,DCS305,4.0,12,,,498.8,13.7,3.3,2.06,,,160,,24.2,92.3,5.07,0.43,0.4,0.27,,9.3,90.5,250,,,reliable,
Dayton Audio,DCS305-4 v2015,4,12,,,498.8,13.8,3.3,,,,163.4,,24.2,92.3,5.07,0.43,0.396,,,8.4,90.7,250,,,reliable,
Dayton Audio,DCS305-4 v2017,4,12,,,498.8,13.8,3.3,,,,163.4,,24.2,92.3,5.07,0.43,0.396,,,8.4,90.7,250,,,reliable,
Dayton Audio,DCS305-4 v2018,4,12,,,498.8,13.8,3.3,,,,163.4,,24.2,92.3,5.07,0.43,0.396,,,8.4,90.7,250,,,reliable,
Dayton Audio,DCS305-4 v2021,4,12,,,498.8,13.8,3.3,,,,163.4,,24.2,92.3,5.07,0.43,0.396,,,8.4,90.7,250,,,reliable,
Dayton Audio,DCS380-4,4,15,,,819.4,12.1,3.1,,,,194.4,,22.9,233.9,3.46,0.59,0.504,,,8.4,92.9,250,,,reliable,
Dayton Audio,DCS380-4 v2017,4,15,,,819.4,12.4,2.9,,,,193.2,,21.5,267,3.79,0.49,0.434,,,8.4,93.7,250,,,reliable,
Dayton Audio,DCS385,4.0,15,,,850.1,15.4,3.3,2.2,,,273,,17.5,311,5.27,0.42,0.39,0.3,,9.3,91.7,300,,,reliable,
Dayton Audio,DCS450-4,4,18,,,1134.1,16.1,3.2,,,,262.8,,24.9,280.3,5.64,0.51,0.468,,,7.5,95.2,300,,,reliable,
Dayton Audio,DMA105-4,4,4,,,54.1,3.35,3.4,0.3,,,4.53,,72.67,4.247526989,2.6,0.63,0.51,1.06,,2.5,,35,,,reliable,
Dayton Audio,DMA105-8,8,4,,,54.1,4.47,7.5,0.6,,,4.9,,72,4.247526989,2.64,0.83,0.63,1,,2.5,,35,,,reliable,
Dayton Audio,DMA45,4.0,1.5,,,8.6,2.8,3.7,0.3,,,1.3,,151.1,0.0849505,5.23,0.62,0.56,0.83,,2,82,10,,,reliable,
Dayton Audio,DMA45,8.0,1.5,,,8.6,4.26,7,0.4,,,1.8,,151.7,0.0566337,4.59,0.68,0.59,0.6,,2,76.9,10,,,reliable,
Dayton Audio,DMA58,4.0,2,,,14.5,3.67,3.55,0.2,,,2.05,,165.5,0.141584,2.4,0.56,0.45,0.45,,2,86.2,15,,,reliable,
Dayton Audio,DMA58,8.0,2,,,14.5,4.6,6.9,0.4,,,2,,166.2,0.135921,2.45,0.69,0.54,0.46,,2,82.5,15,,,reliable,
Dayton Audio,DMA70,4.0,2.5,,,22.9,3.7,3.98,0.3,,,2.8,,113,0.509703,2.04,0.56,0.44,0.71,,2,86.2,20,,,reliable,
Dayton Audio,DMA70-8,8,2.5,,,22.9,4.7,7.5,0.47,,,2.6,,113.7,0.5663369318,2.06,0.66,0.5,0.73,,2,,20,,,reliable,
Dayton Audio,DMA80-4,4,3,,,31.2,3.74,4,0.2,,,3.02,,93.5,1.41584233,1.97,0.51,0.41,0.96,,2.5,,25,,,reliable,
Dayton Audio,DMA80-8,8,3,,,31.2,4.52,7.5,0.5,,,2.7,,97.6,1.132673864,2.06,0.61,0.47,0.98,,2.5,,25,,,reliable,
Dayton Audio,DS115,8.0,4,,,54.1,5.88,5.8,0.8,,,7.9,,55.2,4.33,2.1,0.46,0.38,1.05,,4.1,85.3,35,,,reliable,
Dayton Audio,DS135-8,8,5,,,75.4,6.23,5.9,0.84,,,9.7,,52.5,7.277429574,2.02,0.48,0.39,0.95,,4.85,,50,,,reliable,
Dayton Audio,DS175,8.0,6.5,,,128.7,10.4,5.7,1.06,,,26,,37,17,1.63,0.32,0.27,0.71,,5.25,87.7,70,,,reliable,
Dayton Audio,DS215,8.0,8,,,211.2,9.89,5.8,1.25,,,29.7,,34.3,43.1,1.75,0.38,0.31,0.72,,5.5,89.9,80,,,reliable,
Dayton Audio,DS270-8,8,10,,,353,10.1,5.4,1.25,,,56.4,,31.6,87.49905597,2.4,0.54,0.44,0.48,,5.5,90.2,100,,,reliable,
Dayton Audio,DS270-8 v2018,8,10,,,353,10,5.4,,,,50.5,,31.6,87.7,2.4,0.54,0.441,,,5.5,90.8,100,,,reliable,
Dayton Audio,DS315,8.0,12,,,506.7,15.6,6.1,1.43,,,97.4,,24.2,159,1.79,0.37,0.31,0.44,,5.5,91,120,,,reliable,
Dayton Audio,DS90,8.0,3,,,31.2,4.76,6.3,0.56,,,3.8,,81.4,1.31,2.19,0.53,0.43,1.02,,2.5,84.1,20,,,reliable,
Dayton Audio,DSA115,8.0,4,,,54.1,5.44,5.9,0.63,,,6.7,,63.3,3.96,2,0.53,0.42,0.94,,4.1,86.1,35,,,reliable,
Dayton Audio,DSA135,8.0,5,,,75.4,6.22,5.9,0.78,,,9.5,,51.8,7.93,2.04,0.47,0.38,0.99,,4.9,87,50,,,reliable,
Dayton Audio,DSA175-8,8,6.5,,,128.7,9.75,5.8,0.85,,,24.2,,38.36,18.68911875,1.66,0.35,0.29,0.71,,5.3,,70,,,reliable,
Dayton Audio,DSA215,8.0,8,,,211.2,10.6,5.9,1,,,34.6,,35,37.4,1.87,0.4,0.33,0.6,,5.5,89.2,80,,,reliable,
Dayton Audio,DSA270,8.0,10,,,353,11.2,5.4,1.07,,,59.6,,29.6,88.1,2.09,0.47,0.39,0.49,,5.5,90.4,100,,,reliable,
Dayton Audio,DSA315,8.0,12,,,506.7,16.1,6,1.11,,,113.1,,24.2,147,1.89,0.4,0.33,0.38,,5.5,90.3,120,,,reliable,
Dayton Audio,DSA90,8.0,3,,,31.2,4.61,6.6,0.53,,,3.5,,66.6,2.27,2.15,0.45,0.37,1.64,,2.5,84.7,20,,,reliable,
Dayton Audio,DSC305-4,4,12,,,498,12.3,3.2,,,,143.5,,23,116,5.59,0.44,0.408,,,9.3,91,250,,,reliable,
Dayton Audio,DVC385-88,4,15,,,829.6,12.6,2.4,,,,236.1,,20.9,237,8.65,0.47,0.446,,,11.1,93.8,350,,,reliable,
Dayton Audio,E150HE-44,8,,,,95,9.8,6.6,1.6,,,26.6,,40,7.64555,2.94,0.45,0.39,0.6,,14.7,83.3,200,,,reliable,
Dayton Audio,E150MR,4.0,,,,100.3,4.9,3.6,0.08,,,8.5,,75,7.4,3.62,0.61,0.52,,,2.7,92.6,60,,,reliable,
Dayton Audio,E180HE-44,8,,,,136.1,9.6,6.8,1.5,,,32.5,,35,16.1406,2.93,0.54,0.46,0.61,,14.7,83.8,200,,,reliable,
Dayton Audio,GF180,4.0,6.5,,,130.2,6.5,4.4,1.1,,,14.8,,49,16.4238,3.43,0.48,0.42,0.7,,4,90.7,40,,,reliable,
Dayton Audio,GF180,8.0,6.5,,,130.2,7.9,8,1.9,,,13.9,,53,15.5743,3.07,0.6,0.5,0.65,,4,87.9,40,,,reliable,
Dayton Audio,HARB252-8,8,,,,21.2,3.04,7.2,0.09,,,3.2,,172.11,0.19,4.23,2.98,1.74,0.3,,1.3,77,10,,150,reliable,
Dayton Audio,HTS545HE-4,4,21,,,1525,38.3,3.8,8.5,,,676,,26.3,178.9624705,7.9,0.29,0.28,0.054,,21,,2000,,,reliable,
Dayton Audio,HTS545HE-4 KRAKEN,4,21.5,,,1525,38,3.8,,,,667.1,,26.3,179,7.9,0.29,0.28,,,8.8,95.7,2000,,,reliable,
Dayton Audio,IB385-8,8,15,,,819.4,15.2,5.2,,,,207.2,,21.5,248.9,8.92,0.63,0.588,,,12.4,89.8,350,,,reliable,
Dayton Audio,LS10-44,4,,,,366.4,21.1,7.4,5.25,,,132,,34.3,30.8,5.15,0.47,0.43,0.16,,10,86.5,250,,,reliable,
Dayton Audio,LS10-44,8,10,,,366.4,21.1,7.4,5.25,,,132,,34.3,30.58219432,5.15,0.47,0.43,0.16,,10,86.5,250,,,reliable,
Dayton Audio,LS12-44,8,12,,,547.3,21.7,7.5,,,,165.5,,33.7,56.6,4.95,0.56,0.503,,,5.6,88.1,250,,,reliable,
Dayton Audio,LW150,4.0,6,,,91.6,6.52,3.6,0.86,,,21.9,,62.6,3.49,6.01,0.72,0.64,0.3,,4,86.1,40,,,reliable,
Dayton Audio,MB1025,8.0,10,,,342.5,13.1,5.3,1.2,,,41.1,,45,50.6872,6.47,0.36,0.34,0.3,,3,95,350,,,reliable,
Dayton Audio,MB620,8.0,6.5,,,132.2,6.67,5.47,0.93,,,8.59,,104,6.79604,4.26,0.69,0.55,0.273,,2,94,200,,,reliable,
Dayton Audio,MB820-8,8,8,,,208.9,9.57,5.26,1.04,,,20.9,,69,15.85743409,3.83,0.52,0.46,0.26,,4,,200,,,reliable,
Dayton Audio,MX10-22,4,10,,,356.7,18.2,4.8,4.33,,,179,,32.5,23.7862,3.59,0.53,0.46,0.13,,11.6,86.1,400,,,reliable,
Dayton Audio,MX12-22,4,12,,,514.7,21.5,3.95,5.09,,,252,,28.8,45.5901,3.25,0.39,0.35,0.12,,15.5,89.4,600,,,reliable,
Dayton Audio,MX15-22,4,15,,,819.8,20.6,3.99,5.51,,,348,,21.7,146.115,4.27,0.46,0.4,0.16,,19,90.2,800,,,reliable,
Dayton Audio,MX5-22,2,,,,84.4,8,4.3,1.1,,,26,,45,4.9,3.02,0.5,0.43,0.48,,9.3,84.3,50,,,reliable,
Dayton Audio,MX5-22,4,5.25,,,84.4,8,4.3,1.1,,,26,,45,4.870497614,3.02,0.5,0.43,0.48,,9.3,,50,,,reliable,
Dayton Audio,MX6-22,2,,,,126.3,12.3,4.7,1.5,,,63.8,,30,10,2.99,0.37,0.33,0.44,,12,83,70,,,reliable,
Dayton Audio,MX6-22,4,6.5,,,126.3,12.3,4.7,1.5,,,63.8,,30,9.995846847,2.99,0.37,0.33,0.44,,12,,70,,,reliable,
Dayton Audio,ND105,4.0,4,,,51.5,4.52,3.7,0.76,,,7.4,,78.7,1.97,7.42,0.66,0.61,0.55,,4,86.8,30,,,reliable,
Dayton Audio,ND105-8,8,4,,,51.5,5.44,7.7,1.25,,,6.8,,66.6,2.944952046,5.57,0.74,0.66,0.84,,4,,30,,,reliable,
Dayton Audio,ND140,4.0,5.25,,,86.6,3.9,3.7,0.79,,,10.1,,59.2,7.22,5.35,0.72,0.63,0.71,,4,88.4,40,,,unreliable,"qes_inconsistent: stated=0.72 , computed=0.913893 , difference=26.93% (limit 20%)"
Dayton Audio,ND140,8.0,5.25,,,86.6,6.05,7.8,1.44,,,10.4,,56.5,7.74,5.01,0.79,0.68,0.76,,4,84.5,40,,,reliable,
Dayton Audio,ND64,4.0,2.5,,,15.6,4.13,3.7,0.37,,,2.56,,103,0.4247526989,4.36,0.36,0.33,0.93,,1.9,,15,,,unreliable,"vas_inconsistent: stated=0.424753 L, computed=0.320614 L, difference=24.52% (limit 20%)"
Dayton Audio,ND65,4.0,2.5,,,15.6,2.68,3.5,0.44,,,2.5,,89.5,0.53,5.56,0.68,0.61,1.26,,3.5,83,15,,,reliable,
Dayton Audio,ND65,8.0,2.5,,,15.6,4.47,7.4,1.04,,,2.5,,77.4,0.71,4.01,0.46,0.41,1.68,,3.5,80.8,15,,,reliable,
Dayton Audio,ND90,4.0,3.5,,,31.2,3.47,3.6,0.62,,,4.3,,90,1.06,5.1,0.72,0.63,0.73,,4,85.7,20,,,reliable,
Dayton Audio,ND90-8,8,3.5,,,31.2,4.3,7.5,1.08,,,4.2,,70.7,1.755644489,4.71,0.75,0.65,1.22,,4,,20,,,reliable,
Dayton Audio,ND91,4.0,3.5,,,30.4,4.59,4.3,0.83,,,4.8,,74,1.4,4.24,0.45,0.41,0.96,,4.6,85.6,30,,,reliable,
Dayton Audio,ND91,8.0,3.5,,,30.4,5.63,7.8,1.24,,,4.8,,70.7,1.53,4.29,0.53,0.47,1.05,,5.1,82.1,30,,,reliable,
Dayton Audio,PA130,8.0,,,,73.9,6.44,7.1,0.71,,,6.8,,83.4,3.95,3.21,0.6,0.51,0.54,,2,88.2,50,,,reliable,
Dayton Audio,PA200,8.0,,,,210.4,9.28,6.2,1.09,,,20.5,,55.2,26.6,6.17,0.51,0.48,0.4,,3,92.4,250,,,reliable,
Dayton Audio,PA255,8.0,10,,,346.4,10.6,5.5,1.49,,,42.3,,50.5,41.2,8.49,0.66,0.61,0.24,,5,92.6,300,,,reliable,
Dayton Audio,PA255-8 v2017,8,10,,,346.4,10.4,5.5,,,,40.6,,50.5,41.2,8.49,0.66,0.612,,,5,92.7,300,,,reliable,
Dayton Audio,PA310,8.0,12,,,530.9,18,5.5,1.68,,,72.8,,39,91.8,8.85,0.3,0.29,0.23,,5,96.1,450,,,reliable,
Dayton Audio,PA380-8,8,15,,,845,23.8,5.8,,,,126.4,,28.3,250.5,9.99,0.23,0.225,,,5,97.3,500,,,reliable,
Dayton Audio,PA380-8 v2015,8,15,,,845,25.9,6.3,,,,145.1,,31.6,175,12.2,0.27,0.264,,,5,96.1,500,,,reliable,
Dayton Audio,PA385S-8,8,15,,,860.5,24.5,5.84,,,,172.2,,37,111.5,6.82,0.39,0.369,,,8.5,95,1000,,,reliable,
Dayton Audio,PA385S-8 v2018,8,15,,,860.5,28.9,5.99,,,,230.1,,37.7,80.4,7.9,0.392,0.373,,,7.2,93.6,1000,,,reliable,
Dayton Audio,PA460-8 18,8,18,,,1244.1,23,5.3,,,,169.1,,26.2,473.5,6.9,0.28,0.269,,,6,98.6,500,,,reliable,
Dayton Audio,PA460-8 18 PRO WOOFER,8,18,,,1244.1,23,5.3,,,,169.1,,26.2,473.5,6.9,0.28,0.269,,,6,98.6,500,,,reliable,
Dayton Audio,PA460-8 v2015,8,18,,,1241.1,22.3,5.6,,,,169.9,,28.3,402,11.2,0.34,0.33,,,6,97.8,500,,,reliable,
Dayton Audio,PA465S-8,8,18,,,1225,21.6,5.4,,,,264.6,,32.3,193,6.92,0.62,0.569,,,9.9,93.9,1000,,,reliable,
Dayton Audio,PC105,4.0,4,,,52.8,3.3,3.3,0.32,,,4.2,,81.4,3.68119,2.17,0.67,0.51,0.92,,2,90.3,40,,,reliable,
Dayton Audio,PC105,8.0,4,,,52.8,4.1,6.7,0.54,,,4.2,,84.8,3.39802,2.29,0.88,0.64,0.84,,2,86.3,40,,,reliable,
Dayton Audio,PC68,4.0,2.5,,,21.2,2.4,3.8,0.29,,,1.7,,117.1,0.7,2.49,0.87,0.65,1.07,,2,86.1,20,,,reliable,
Dayton Audio,PC68,8.0,2.5,,,21.2,3.3,6.9,0.47,,,2,,109,,2.27,0.88,0.64,1.05,,2,85.6,20,,,reliable,
Dayton Audio,PC83,4.0,3,,,30.2,2.9,3.9,0.38,,,2.7,,80,1.98218,3.41,0.64,0.54,1.47,,2,86.8,30,,,reliable,
Dayton Audio,PC83,8.0,3,,,30.2,2.9,3.9,0.38,,,2.7,,80,1.98218,3.41,0.64,0.54,1.47,,2,86.8,30,,,reliable,
Dayton Audio,PCS10-4,4,10,,,328,9.1,4,1.9,,,72.7,,33,48.9881446,4.91,0.73,0.64,0.32,,5.6,,150,,,reliable,
Dayton Audio,PCS115-8,8,4,,,51.5,4.6,6.8,0.55,,,7,,87,1.769802912,2.69,1.22,0.84,0.48,,3.5,,20,,,reliable,
Dayton Audio,PCS12-4,4,12,,,487,9.7,3.5,2.1,,,106.5,,30,88.9148983,6.4,0.75,0.67,0.26,,7,,180,,,reliable,
Dayton Audio,PCS175-4,4,6.5,,,143,4.78,3.7,0.8,,,17.2,,56,13.70535375,2.85,0.98,0.73,0.47,,2,,30,,,reliable,
Dayton Audio,PCS175-8,8,6.5,,,143,5.6,6.6,1.25,,,15.5,,56,14.80971077,3,1.15,0.83,0.52,,2.25,,30,,,reliable,
Dayton Audio,PCS8-4,4,8,,,213,8.4,3.4,1.55,,,43,,43,20.38812955,3.96,0.56,0.49,0.32,,5,,150,,,reliable,
Dayton Audio,PN395-8,8,15,,,890.3,25.2,5.5,,,,149.5,,44.1,96.8,8.82,0.36,0.346,,,6.1,97.2,800,,,reliable,
Dayton Audio,PS180,8.0,6.5,,,132.7,6.82,6.4,0.63,,,7,,58.5,27.6,3.64,0.36,0.33,1.05,,4.6,94.8,30,,,reliable,
Dayton Audio,PS220,8.0,8,,,216.4,6.15,6.2,0.73,,,8.4,,46.4,90.2,5.73,0.4,0.38,1.41,,4.8,96.5,40,,,reliable,
Dayton Audio,PS95,8.0,3.5,,,28.3,3.83,7.1,0.63,,,2.2,,119.8,0.94,7.33,0.8,0.72,0.79,,2.5,85.56,10,,,reliable,
Dayton Audio,PSS545HE-4 VORTEX,4,21.5,,,1590,35.4,3.8,,,,510.3,,28.8,212.1,7.28,0.28,0.27,,,8.6,97.8,2000,,,reliable,
Dayton Audio,PSS555-8,8,21,,,1735,29.7,5.4,1.8,,,316,,27.6,444.0081546,10.7,0.34,0.33,0.11,,11,,1000,,,reliable,
Dayton Audio,"QU4TRO 12""",4,12,,,506,12.9,3.5,,,,103.9,,27,120.1,10.5,0.37,0.357,,,8.7,93.6,250,,,reliable,
Dayton Audio,RC180-55,4,,,,56.4,4.23,3.3,0.1,,,20.1,,52,2.04,3.31,1.23,0.89,0.46,,4.7,79.6,35,,,reliable,
Dayton Audio,RS100,4.0,4,,,35.3,3.18,3,0.28,,,4.3,,84.8,1.45,2.55,0.66,0.53,0.83,,4,87.5,30,,,reliable,
Dayton Audio,RS100,8.0,4,,,35.3,4.2,6.4,0.5,,,3.63,,92,1.43,2.37,0.76,0.58,0.82,,3.5,84.6,30,,,reliable,
Dayton Audio,RS100P,4.0,4,,,36.3,2.95,3,0.26,,,3.7,,84.8,1.86,2.67,0.67,0.54,0.95,,4,88.5,30,,,reliable,
Dayton Audio,RS100P,8.0,4,,,37.4,3.95,6.6,0.51,,,2.8,,95.6,1.82,2.18,0.71,0.54,0.98,,3.7,86.2,30,,,reliable,
Dayton Audio,RS125,4.0,5,,,52.8,3.63,2.9,0.28,,,5.7,,57.2,5.29,2.04,0.45,0.37,1.35,,4,89.9,30,,,reliable,
Dayton Audio,RS125,8.0,5,,,52.8,5.69,6.2,0.57,,,5.9,,59.2,4.77,1.74,0.42,0.34,1.22,,4,86.8,30,,,reliable,
Dayton Audio,RS125P,4.0,5,,125.5,54.11,3.49,3.1,0.32,,,5.1,,70,3.98,3.19,0.57,0.48,1.02,,4,90,30,,70,reliable,
Dayton Audio,RS125P-8,8,5,,,52.8,5.08,6.2,0.62,,,5.1,,70,3.964358523,2.56,0.53,0.44,1.02,,4,,30,,,reliable,
Dayton Audio,RS150,4.0,6,,,85,4.1,3.1,0.34,,,7.7,,45.1,16.4,1.96,0.4,0.33,1.62,,4.4,91.8,40,,,reliable,
Dayton Audio,RS150,8.0,6,,,85,5.59,6.3,0.55,,,7.4,,48,16.6,1.66,0.43,0.34,1.63,,4,88.7,40,,,reliable,
Dayton Audio,RS150P,8.0,6,,,85,5.6,6.7,0.65,,,6.9,,47,16.7,1.66,0.43,0.34,1.65,,4,88.7,40,,,reliable,
Dayton Audio,RS150P-4A,4,6,,,85,4.4,3.5,0.39,,,8.6,,43.7,15.57426563,1.85,0.42,0.34,1.54,,4.4,,40,,,reliable,
Dayton Audio,RS180-4,4,7,,,124.7,4.71,3.1,0.45,,,17.8,,38.4,21.23763494,2.13,0.59,0.46,0.97,,6,,60,,,reliable,
Dayton Audio,RS180-8,8,7,,,124.7,7.82,6.4,0.73,,,17.9,,35.7,24.35248807,1.22,0.42,0.31,1.12,,6,,60,,,reliable,
Dayton Audio,RS180P,4.0,7,,,126.7,4.67,3.1,0.47,,,14.8,,37.7,27.3,1.98,0.48,0.39,1.21,,6,90.8,60,,,reliable,
Dayton Audio,RS180P,8.0,7,,,126.7,7.16,6.3,0.84,,,12.4,,45.8,22,1.49,0.44,0.34,0.98,,6,89.8,60,,,reliable,
Dayton Audio,RS180S,8.0,7,,,124.7,7.28,6.4,0.79,,,17,,37.7,23,1.45,0.49,0.36,1.05,,6,86.9,60,,,reliable,
Dayton Audio,RS225,4.0,8,,,213.8,6.38,3.2,0.49,,,32.2,,33,46.4,2.02,0.52,0.41,0.72,,6,91,80,,,reliable,
Dayton Audio,RS225,8.0,8,,,213.8,9.05,6.5,0.86,,,35.8,,28.3,56.8,1.46,0.51,0.38,0.88,,7,86.8,80,,,reliable,
Dayton Audio,RS225P,8.0,8,,,213.8,8.5,7.1,1.02,,,23.6,,31.6,68.8,1.25,0.46,0.34,1.07,,7,89.1,80,,,reliable,
Dayton Audio,RS225P-4A,4,8,,,213.8,6.4,3.3,0.51,,,25,,37.7,45.59012301,1.85,0.48,0.38,0.71,,6,,80,,,reliable,
Dayton Audio,RS270,8.0,10,,,346.4,10.3,6.8,0.93,,,50.5,,29.6,96.5,2.08,0.61,0.47,0.57,,6.6,88.7,100,,,reliable,
Dayton Audio,RS270-4,4,10,,,346.4,12,3.9,,,,98.9,,20.9,98.6,1.33,0.35,0.277,,,6,89.2,100,,,reliable,
Dayton Audio,RS270-8 v2017,8,10,,,356.4,10.5,6.8,,,,53.3,,29.6,96.5,2.08,0.61,0.472,,,6,88.8,100,,,reliable,
Dayton Audio,RS270P-4A,4,10,,,346.4,11,3.9,,,,73.5,,22.9,110.5,1.35,0.34,0.272,,,6,91,100,,,reliable,
Dayton Audio,RS270P-8A,8,10,,,346.4,13.1,6.8,,,,73.5,,22.9,110.5,1.33,0.42,0.319,,,6,87.7,100,,,reliable,
Dayton Audio,RS270S-8,8,10,,,346.4,9.4,6.9,,,,40,,26.9,147.2,1.81,0.53,0.41,,,6,90,100,,,reliable,
Dayton Audio,RS52AN,8.0,2,,,26.4,4.26,6,0.13,,,1.7,,341,0.13,3.16,1.18,0.86,0.13,,1,89.4,60,,,reliable,
Dayton Audio,RS75,4.0,3,,,12,2.01,3.1,0.72,,,1.1,,177,0.14,5.76,0.97,0.83,0.72,,1.1,85.2,15,,,reliable,
Dayton Audio,RS75,8.0,3,,,12,2.55,6.2,0.32,,,1.23,,185,0.113267,5.12,1.35,1.07,0.6,,1.3,80.5,15,,,reliable,
Dayton Audio,RS75T,8.0,3,,,12,2.58,6.1,0.32,,,1,,189,,5.84,1.13,0.95,0.69,,1.3,84.3,15,,,reliable,
Dayton Audio,RSS210HF,4.0,8,,,219,8.12,3.1,0.7,,,78.4,,29.6,23.7,3.25,0.69,0.57,0.37,,9,85.6,280,,,reliable,
Dayton Audio,RSS210HO,4.0,8,,,213.8,12,3.6,0.99,,,99.3,,29.6,18.7,3.33,0.46,0.4,0.29,,11,85.7,300,,,reliable,
Dayton Audio,RSS210HO,8.0,8,,,213,15.6,5.9,1.46,,,99.3,,29.6,18.7,2.78,0.45,0.39,0.29,,12,83.5,300,,,reliable,
Dayton Audio,RSS265HF,4.0,10,,,356.3,11.43,3.5,0.96,,,120,,25.6,54,3.06,0.53,0.45,0.32,,12.3,87.8,350,,,reliable,
Dayton Audio,RSS265HF,8.0,10,,,346.4,15,6.5,1.57,,,131,,24.9,52.5,2.68,0.59,0.49,0.31,,14.3,84.2,350,,,reliable,
Dayton Audio,RSS265HF-4 v2012,4,10,,,356.3,12.5,3.3,,,,146.1,,26.2,45,3.26,0.51,0.441,,,9.4,87.8,350,,,reliable,
Dayton Audio,RSS265HF-4 V2015,4,10,,,356.3,11.6,3.5,,,,127.4,,25.6,54,3.06,0.53,0.452,,,9.4,87.9,350,,,reliable,
Dayton Audio,RSS265HF-4 v2022,4,10,,,356.3,11.1,3.2,,,,127.4,,25.6,54,3.06,0.53,0.452,,,10.5,88.3,350,,,reliable,
Dayton Audio,RSS265HF-8 v2018,8,10,,,346.4,14.9,6.45,,,,130.9,,24.9,52.5,2.68,0.592,0.485,,,9.4,84.3,350,,,reliable,
Dayton Audio,RSS265HO,4.0,10,,,349.7,17.6,3.5,1.74,,,201,,26.9,29.4495,4.02,0.39,0.35,0.17,,12.3,87.2,600,,,reliable,
Dayton Audio,RSS265HO-4 v2015,4,10,,,349.7,17.6,3.5,,,,204.1,,26.9,29.4,4.02,0.39,0.356,,,9.3,87.2,600,,,reliable,
Dayton Audio,RSS265HO-44,2,10,,,352.3,9.39,1.6,0.77,,,161,,27.6,34.82972131,4.42,0.5,0.45,0.21,,13.25,89.2,600,,,reliable,
Dayton Audio,RSS265HO-44,4,,,,352.3,9.39,1.6,0.77,,,161,,27.6,34.8297,4.42,0.5,0.45,0.21,,13.25,90.5,600,,,reliable,
Dayton Audio,RSS315HE-22,8,12,,,499,20.8,4.1,,,,266.5,,32,32.4,4.8,0.51,0.461,,,8.2,88.1,800,,,reliable,
Dayton Audio,RSS315HF,4.0,12,,,514.7,13.99,3.1,0.96,,,188,,24.2,84.1,2.83,0.45,0.39,0.23,,14.3,90.3,400,,,reliable,
Dayton Audio,RSS315HF-4 v2016,4,12,,,514.7,14.1,3.1,,,,191,,24.2,84.1,2.83,0.45,0.388,,,9.3,90.3,400,,,reliable,
Dayton Audio,RSS315HFA,8.0,12,,,506.7,18,6.5,1.56,,,194,,22,97.2,2.5,0.54,0.45,0.27,,14.3,85.7,400,,,reliable,
Dayton Audio,RSS315HFA-8 v2016,8,12,,,506,17.9,6.5,,,,189.8,,22.2,97.2,2.5,0.54,0.444,,,11,85.8,400,,,reliable,
Dayton Audio,RSS315HO,4.0,12,,,514.7,20,3.2,1.75,,,251,,26.2,53.7,3.63,0.33,0.31,0.15,,12.3,90.5,700,,,reliable,
Dayton Audio,RSS315HO-4 v2017,4,12,,,514.7,20.2,3.2,,,,255.2,,26.2,53.7,3.63,0.33,0.303,,,8.6,90.6,700,,,reliable,
Dayton Audio,RSS315HO-4 v2020,4,12,,,515,20.1,3.2,,,,254.1,,26.2,54,3.63,0.33,0.303,,,8.6,90.6,700,,,reliable,
Dayton Audio,RSS315HO-44,2,12,,,514.7,13.8,1.7,,,,358.3,,20.9,60.1,4.26,0.42,0.382,,,11.5,89.9,700,,,reliable,
Dayton Audio,RSS315HO-44,8,12,,,507.1,26.5,6.5,3.17,,,327.7,,21.5,61.30597287,3.7,0.41,0.37,0.17,,14,,700,,,reliable,
Dayton Audio,RSS315HO-44 v2016,8,12,,,507.1,26.3,6.5,,,,322.2,,21.5,61.3,3.7,0.41,0.369,,,11.3,84.6,700,,,reliable,
Dayton Audio,RSS390HF,4.0,15,,,829.6,15,3,0.92,,,306,,19.5,212,3.02,0.5,0.43,0.22,,14,91.2,500,,,reliable,
Dayton Audio,RSS390HF-4 v2015,4,15,,,829.6,14.9,3,,,,303.2,,19.5,212,3.02,0.5,0.429,,,12,91.2,500,,,reliable,
Dayton Audio,RSS390HO,4.0,15,,,829.6,19.8,3.2,1.79,,,319,,21.5,168,3.69,0.35,0.32,0.17,,12,92.8,800,,,reliable,
Dayton Audio,RSS390HO-4 v2017,4,15,,,830,19.7,3.2,,,,315,,21.5,168,3.69,0.35,0.32,,,11.4,92.7,800,,,reliable,
Dayton Audio,RSS460HO,4.0,18,,,1164,23.4,3.2,2.24,,,499,,18.8,272,4.05,0.35,0.32,0.14,,12.75,93,900,,,reliable,
Dayton Audio,RSS460HO-4 v2015,4,18,,,1164,23.2,3.2,,,,500.4,,18.8,272,4.05,0.35,0.322,,,11.9,93.1,900,,,reliable,
Dayton Audio,SD215A-88,4,8,,,208.7,7.7,3.2,1.16,,,42.4,,31,38.2277429,3.1,0.45,0.39,0.62,,6,,80,,,reliable,
Dayton Audio,SD215A-88,8,,,,208.7,7.7,3.2,1.16,,,42.4,,31,38.2,3.1,0.45,0.39,0.62,,6,85.9,80,,,reliable,
Dayton Audio,SD270-88,4,10,,,359.7,7.3,3.1,,,,46.7,,29.6,112.2,3.2,0.51,0.44,,,6,93.7,80,,,reliable,
Dayton Audio,SD270-88 v2009,4,10,,,359.7,8.7,3.1,,,,66.6,,25,110.4,3.2,0.43,0.379,,,6,92.1,80,,,reliable,
Dayton Audio,SD270A-88,4,10,,,346.4,7.8,3.16,1.12,,,57.7,,26.2,107.604017,3.23,0.5,0.43,0.64,,6,,80,,,reliable,
Dayton Audio,SD270A-88,8,,,,346.4,7.8,3.16,1.12,,,57.7,,26.2,107.5,3.23,0.5,0.43,0.64,,6,87.8,80,,,reliable,
Dayton Audio,SD270A-88 DVC,4,10,,,346.4,7.8,3.16,,,,57.7,,26.2,107.5,3.23,0.5,0.433,,,6,91.9,80,,,reliable,
Dayton Audio,SD315-88,4,12,,,522.8,12.1,3,,,,109.2,,26.9,122.8,3.44,0.38,0.342,,,5.5,94.2,120,,,reliable,
Dayton Audio,SD315A-88,4,12,,,522.8,11.86,3.1,1.5,,,109.2,,24.2,151.7782977,3.54,0.37,0.33,0.4,,7,93.7,120,,,reliable,
Dayton Audio,SD315A-88,8,,,,522.8,11.86,3.1,1.5,,,109.2,,24.2,151.7,3.54,0.37,0.33,0.4,,7,89.6,120,,,reliable,
Dayton Audio,SIG120,4.0,4,,,56.4,5,3.7,0.22,,,6.7,,74.6,3.08654,4.84,0.47,0.43,0.68,,4,89.7,40,,,reliable,
Dayton Audio,SIG150,4.0,5.25,,,96,5.2,3.7,0.35,,,10.2,,61.5,8.7,5.78,0.53,0.49,0.66,,4,91.1,60,,,reliable,
Dayton Audio,SIG180,4.0,6.5,,,143,6.6,3.7,0.47,,,19.2,,40.5,23.2,5.19,0.41,0.38,0.81,,5,91,80,,,reliable,
Dayton Audio,SIG225,4.0,8,,,226.9,8.95,3.89,0.29,,,36.93,,39.94,29.4495,8.87,0.45,0.43,0.43,,6,91.24,100,,,reliable,
Dayton Audio,SIG270,4.0,10,,,361.5,11.2,3.9,0.79,,,64,,35,58.6,10.25,0.44,0.42,0.32,,6.5,92.8,120,,,reliable,
Dayton Audio,SS10-22,2,,,,344.5,19.4,4.4,1.6,,,180,,34,20.6,3.8,0.45,0.4,0.122,,21,87.1,700,,,reliable,
Dayton Audio,SS10-22,4,10,,,344.5,19.5,4.4,1.6,,,180,,34,20.58634747,3.8,0.45,0.4,0.122,,21,,700,,,reliable,
Dayton Audio,SS10-22,8,10,,,344.5,19.2,4.4,,,,177,,34,20.6,3.8,0.45,0.402,,,8,87.1,700,,,reliable,
Dayton Audio,SS12-22,2,,,,528,24.3,4.9,1.8,,,275,,27,49.4,3.47,0.39,0.35,0.125,,23,88.1,900,,,reliable,
Dayton Audio,SS12-22,4,12,,,528,24.3,4.9,1.8,,,275,,27,49.27131307,3.47,0.39,0.35,0.125,,23,,900,,,reliable,
Dayton Audio,SS12-22,8,12,,,528,24.2,4.9,,,,274.9,,27,49.4,3.47,0.39,0.351,,,9.6,88.1,900,,,reliable,
Dayton Audio,SS15-22,2,,,,800,24.9,5,1.9,,,317,,27,98,3.27,0.44,0.38,0.11,,22,90.6,1100,,,reliable,
Dayton Audio,SS15-22,4,15,,,800,24.9,5,1.9,,,317,,27,97.97628921,3.27,0.44,0.38,0.11,,22,,1100,,,reliable,
Dayton Audio,SS15-22,8,15,,,800,24.8,5,,,,318.1,,27,98,3.27,0.44,0.388,,,10.3,90.4,1100,,,reliable,
Dayton Audio,SS18-22,4,18,,,1188,29.2,5.3,2.1,,,497,,21,223.7030881,3.4,0.42,0.37,0.112,,26,,1300,,,reliable,
Dayton Audio,SS18-22,8,18,,,1188,29.3,5.4,,,,507.3,,21,224,3.4,0.42,0.374,,,12.8,90.6,1300,,,reliable,
Dayton Audio,SS8-22,2,,,,200,14.6,4.4,1.6,,,101,,38,9.7,4.37,0.5,0.45,0.17,,17,84.9,500,,,reliable,
Dayton Audio,SS8-22,4,8,,,200,14.6,4.4,1.6,,,101,,38,9.712678381,4.37,0.5,0.45,0.17,,17,,500,,,reliable,
Dayton Audio,ST255-8,8,10,,,340,15.9,6.3,,,,49.9,,41.1,48.7,9.94,0.32,0.31,,,5.5,93.3,250,,,reliable,
Dayton Audio,ST305-8,8,12,,,506.7,15.9,6,,,,81.2,,29.6,128.1,10.55,0.36,0.348,,,8,92.9,275,,,reliable,
Dayton Audio,ST305-8 S&eacute;ries II,8,12,,,506.7,15.4,6.2,,,,81,,26.2,164,7.5,0.35,0.334,,,8,92.3,275,,,reliable,
Dayton Audio,ST385-8,8,15,,,850.1,22.4,5.8,,,,241.2,,18.8,301,8.3,0.33,0.317,,,7.9,91.2,300,,,reliable,
Dayton Audio,TCP115,4.0,4,,,50.3,5.2,3.2,0.97,,,9.9,,53.8,3.11485,3.14,0.4,0.35,0.82,,4,86.8,40,,,reliable,
Dayton Audio,TCP115,8.0,4,,,50,7.4,7.8,1.9,,,10.16,,59.2,2.54852,2.3,0.54,0.43,0.71,,4,81.9,40,,,reliable,
Dayton Audio,TIT280C-4,4,10,,,330.1,14.3,3.3,,,,156,,29.6,28.3,7.34,0.47,0.442,,,8.6,87.8,400,,,reliable,
Dayton Audio,TIT320C-4 Titanic Mk III,4,12,,,502.7,14.9,3.1,,,,225.1,,24.9,64.3,7.03,0.49,0.458,,,10.5,89.2,500,,,reliable,
Dayton Audio,TIT400C,4,15,,,804.2,16.8,3.8,,,,254.1,,24.2,154.3,6.75,0.52,0.483,,,13.3,91.5,800,,,reliable,
Dayton Audio,TITANIC,4,12,,,498,13.6,3,,,,151.9,,36.3,44,5.28,0.56,0.506,,,7.4,92,500,,,reliable,
Dayton Audio,TS280D-4,4,10,,,330,14.5,3.24,,,,175.1,,25.6,33.7,6.196,0.432,0.404,,,8.3,87.1,300,,,reliable,
Dayton Audio,TS280D-4 TITANIC MK 4,4,10,,,343.1,16.2,3.3,,,,171.6,,29.6,27.8,4.98,0.4,0.37,,,6.4,88.4,300,,,reliable,
Dayton Audio,TS320D-4 TITANIC MK 4,4,12,,,498,14.1,3.2,,,,172.1,,28.3,64.1,5.97,0.49,0.453,,,9.8,90.7,500,,,reliable,
Dayton Audio,TS400D-4 TITANIC MK 4,4,15,,,822.2,18.4,3.9,,,,314.5,,17.1,261,6.14,0.39,0.367,,,18.8,90.3,900,,,reliable,
Dayton Audio,UM10-22 10,4,10,,,327.8,12,3,,,,158.4,,26.2,35.1,3.03,0.54,0.458,,,10.9,86.9,500,,,reliable,
Dayton Audio,UM10-22 v2021,4,10,,,327.8,14.3,3.2,,,,224.4,,26.9,23.5,3.08,0.59,0.495,,,9,84.9,500,,,reliable,
Dayton Audio,UM12-22,4,12,,,490.9,11.8,3.3,,,,192.8,,24.9,71.6,3.45,0.71,0.589,,,12.5,87.7,600,,,reliable,
Dayton Audio,UM12-22 v2017,4,12,,,490.9,14.1,3.2,,,,266.4,,26.2,46.8,3.62,0.71,0.594,,,9.9,86.7,600,,,reliable,
Dayton Audio,UM15-22 ULTIMAX DVC,4,15,,,814.6,14,3.4,,,,276.3,,19.5,224.3,2.4,0.59,0.474,,,9.5,90.2,800,,,reliable,
Dayton Audio,UM18-22 18,8,18,,,1213,24.5,4.46,,,,633.2,,19.5,216.8,3.082,0.578,0.487,,,12.2,89,1000,,,reliable,
Dayton Audio,UM18-22 v2015,8,18,,,1219,23.9,4.4,,,,654.5,,19.5,212,3.82,0.62,0.533,,,12.6,88.6,1000,,,reliable,
Dayton Audio,UMII10-22,2,,,,345,13.4,4,0.74,,,134,,39,21.2,2.67,0.73,0.57,0.126,,20,87.2,600,,,reliable,
Dayton Audio,UMII10-22,4,10,,,345,13.4,4,0.74,,,134,,39,21.23763494,2.67,0.73,0.57,0.126,,20,,600,,,reliable,
Dayton Audio,UMII12-22,2,,,,528,14.8,4.2,0.66,,,189,,31,53,2.75,0.71,0.56,0.133,,22,88.6,800,,,reliable,
Dayton Audio,UMII12-22,4,12,,,528,14.8,4.2,0.66,,,189,,31,52.95250313,2.75,0.71,0.56,0.133,,22,,800,,,reliable,
Dayton Audio,UMII12-22,8,12,,,528,15,4.2,,,,194.4,,31,53,2.75,0.71,0.564,,,10,88.2,800,,,reliable,
Dayton Audio,UMII15-22,2,,,,791,14.6,4.2,0.7,,,279,,29,96,2.34,1,0.7,0.11,,24,88.5,900,,,reliable,
Dayton Audio,UMII15-22,4,15,,,791,14.6,4.2,0.7,,,279,,29,95.99410995,2.34,1,0.7,0.11,,24,,900,,,reliable,
Dayton Audio,UMII15-22,8,15,,,791,14.5,4.2,,,,275.2,,29,96,2.34,1,0.701,,,9.3,88.5,900,,,reliable,
Dayton Audio,UMII18-22,2,,,,1184,19.2,4.2,1.15,,,420,,22,248.2,2.53,0.67,0.53,0.124,,28,90.7,1200,,,reliable,
Dayton Audio,UMII18-22,4,18,,,1184,19.2,4.2,1.15,,,420,,22,248.3387446,2.53,0.67,0.53,0.124,,28,,1200,,,reliable,
Dayton Audio,UMII18-22 ULTIMAX II DVC,8,18,,,1184,18.9,4.2,,,,414.4,,22,248.2,2.53,0.67,0.53,,,13.8,90.7,1200,,,reliable,
Dayton Audio,UMII8-22,2,,,,200,9.7,3.9,0.75,,,82,,46,8.4,3.1,0.99,0.75,0.148,,18,84.1,400,,,reliable,
Dayton Audio,UMII8-22,4,8,,,200,9.7,3.9,0.75,,,82,,46,8.410103438,3.1,0.99,0.75,0.148,,18,,400,,,reliable,
DC Audio,LV4 D2,4,12,,,481,13.4,2.03,,,,208.3,,35.9,30.6,9.35,0.528,0.5,,,11,92.2,1400,,,reliable,
DD Audio,615 D2,8,15,,,856.1,17.8,4,,,,305.7,,32.3,81.6,5.94,0.78,0.689,,,5,90.5,300,,,reliable,
DD Audio,712D4,4,12,,,507,17,2,,,,318.5,,37.7,20.2,5.99,0.52,0.478,,,7,91.2,1200,,,reliable,
DD Audio,712D4 v2022,8,12,,,507,20.6,4,,,,288.3,,28.3,39.6,4.344,0.482,0.434,,,7,87.7,600,,,reliable,
DD Audio,DD25118C-D4,8,21.5,,,1753.1,33.6,6.8,,,,773.5,,37,103,3.756,1.084,0.841,,,4.1,89.5,1000,,,reliable,
DD Audio,REDLINE 700 SERIES,4,12,,,512,14.7,2,,,,294,,28.3,39.6,4.344,0.482,0.434,,,7,90.7,600,,,reliable,
Decware,DHM 108B,8,10,,,363.2,18.2,6.9,,,,72.2,,35,53,7.49,0.33,0.316,,,5.5,91,275,,,reliable,
Dibeisi,PS1805-8,8,18,,,1225,18.7,6.3,,,,152.9,,27.1,473.8,2.76,0.468,0.4,,,7,96.1,250,,,reliable,
DLS,DLS 1021,8,10,,,346.4,14.1,5.45,,,,32.3,,61,35.5,3.73,0.34,0.312,,,4,97.4,250,,,reliable,
DLS,OA12D,4,12,,,452.3,12.5,3.55,,,,105.9,,37.8,48,3.47,0.57,0.49,,,5.2,92.1,210,,,reliable,
DLS,RW10i,2,10,,,346,7.7,1.8,,,,81,,28.8,63.3,3.95,0.44,0.396,,,9,93.8,250,,,reliable,
DLS,SP12,2,12,,,452.3,8.8,1.27,,,,79.1,,30.5,98.8,4.42,0.25,0.237,,,9.1,100.5,500,,,reliable,
DLS,SP15 - 2x2,2,15,,,754.8,8.5,1.25,,,,96.9,,33,191.7,4.22,0.35,0.323,,,8.7,103,500,,,reliable,
DLS,SP15 DLS,2,15,,,754.8,8.4,1.25,,,,95.7,,33.2,191.7,4.22,0.35,0.323,,,8.6,103.1,500,,,reliable,
DLS,ULTIMATE IRIDIUM 12,8,12,,,491,23.4,7.3,,,,152.5,,33.8,49.2,3.77,0.43,0.386,,,7,88.8,600,,,reliable,
DLS,W610,4,10,,,314.6,16.1,3.6,,,,80.6,,32.9,40.3,3.63,0.23,0.216,,,4.6,93.4,180,,,reliable,
DS18,BD-X154D,16,15,,,851,8.2,8,,,,87.5,,35,240,6.703,2.311,1.719,,,6.1,88.5,550,,,reliable,
Dynaudio,30W100,8,10,,,400,6.3,5.85,,,,36.7,,24,269,2.7,0.803,0.619,,,8,90,450,,,reliable,
Dynaudio,30W54,8,10,,,400,9.3,6.25,,,,38.4,,24,257,2.39,0.42,0.357,,,7,92.3,210,,,reliable,
Dynaudio,ESOTEC MW182,4,10,,,235,6.4,3.7,,,,36.5,,40,34,2.8,0.84,0.64,,,4.5,86,180,,,reliable,
Dynaudio,MW 190,4,10,,,400,6.9,3.8,,,,41.2,,31,143.4,2.97,0.64,0.527,,,9,93.5,200,,,reliable,
Earthquake Sound,DB15,4,15,,,695.1,12.3,3.33,,,,340,,23,95.4,9.33,1.08,0.968,,,11.1,86.1,750,,,reliable,
Earthquake Sound,DBXi-15D,8,15,,,890,24,6.6,,,,1067.8,,13.6,142.9,2.679,1.047,0.753,,,13.5,78.2,750,,,reliable,
Earthquake Sound,SUBZERO-12,8,12,,,530,26.5,7.7,,,,239,,26.8,58.1,10.873,0.441,0.424,,,12.7,86.2,1000,,,reliable,
Eclipse,8712.8,8,12,,,471,23.03,7.2,,,,234.5,,20,84.95,13.2,0.4,0.39,,,18.5,84.1,200,,,reliable,
Eclipse,SW8010,4,10,,,347,20,4,,,,356.4,,21,28,5.3,0.39,0.36,,,22,86,700,,,unreliable,"qes_inconsistent: stated=0.39 , computed=0.470259 , difference=20.58% (limit 20%)"
Elder Audio,10LB075-U,8,10,,,354,14.6,5.8,,,,41.4,,56.8,33.3,7.56,0.4,0.38,,,2,95.2,250,,,reliable,
Elder Audio,12LB075-8N,8,12,,,526.5,18.2,5.9,,,,54.5,,52,66.8,5.615,0.317,0.3,,,4,98,300,,,reliable,
Elder Audio,12LB075-U,8,12,,,530,13.7,5.6,,,,54.8,,50,72.8,6.33,0.51,0.472,,,5.5,96,280,,,reliable,
Elder Audio,12LB075-UMOD,8,12,,,530,15.4,5.6,,,,85.4,,40,73,6.3,0.51,0.472,,,5.5,93.1,280,,,reliable,
Elder Audio,12LP075-W,4,12,,,490,17,3.8,,,,90.9,,40,58.6,7.15,0.3,0.288,,,4,96.2,250,,,reliable,
Elder Audio,18LB100-8A,8,18,,,1250,22.6,5.5,,,,166.7,,40,208,7.61,0.45,0.425,,,6.4,98.3,600,,,reliable,
Electro-Voice,30W,8,31.5,,,3626,20.3,4,,,,306.6,,16,5947.2,2.61,0.3,0.269,,,3.8,104.1,60,,,unreliable,"coupling_failed: Mms free-air radiation-mass correction exceeds 50% of Mms (0.821), check Sd/Mms, stated Mms=306.6 g, computed Mmd=54.787 g, radiation mass difference=82.13% (limit 50%)"
Electro-Voice,DL 15W,8,15,,,860,22,6,,,,103.6,,21,575,4.38,0.17,0.164,,,5.6,98.2,400,,,reliable,
Electro-Voice,DL10X,8,10,,,370,20.8,6,,,,30.7,,60,44,3.21,0.16,0.152,,,3.1,101,300,,,reliable,
Electro-Voice,DL12BFH,8,12,,,500,15.3,4.4,,,,44.8,,60,55,9.611,0.317,0.307,,,4,100.3,300,,,reliable,
Electro-Voice,DL12X,8,12,,,500,18,6,,,,36.8,,56,77,7.47,0.24,0.233,,,4.1,100.7,300,,,reliable,
Electro-Voice,DL15BFH,8,15,,,889.9,22.2,4.9,,,,106,,45.6,127.4,7.684,0.302,0.291,,,4.1,100.1,400,,,reliable,
Electro-Voice,DL15ST,8,15,,,860,20.1,6,,,,76.3,,42,195,4.55,0.3,0.281,,,4.1,100.1,400,,,reliable,
Electro-Voice,DL15X,8,15,,,779,19.3,6.3,,,,70.7,,47.3,136,6.53,0.355,0.337,,,4.1,99.1,400,,,reliable,
Electro-Voice,DL15X v1,8,15,,,856,19.9,6,,,,71,,40,229,8.93,0.27,0.262,,,4.1,100.6,400,,,reliable,
Electro-Voice,DL15X v2,8,15,,,860,20.1,6,,,,76.3,,42,195,4.55,0.3,0.281,,,4.1,100.1,400,,,reliable,
Electro-Voice,DL18MT,8,18,,,1300,24.5,6,,,,178.8,,24,580.5,6.59,0.269,0.269,,,5.59,96.6,400,,,reliable,
Electro-Voice,DL18W,8,18,,,1142,21,6,,,,136.3,,25,543.7,4,0.29,0.27,,,3.3,97.9,400,,,reliable,
Electro-Voice,DL18X,8,18,,,1142,16.7,6,,,,90.9,,30,566.3,4,0.37,0.339,,,4.1,99.4,400,,,reliable,
Electro-Voice,EVM-10M,8,10,,,314,15.9,5.2,,,,20.7,,65,40,5.8,0.175,0.17,,,2.8,101.8,200,,,reliable,
Electro-Voice,EVM-12L,8,12,,,503.3,16.2,5.2,,,,35.9,,55,82.9,4.37,0.245,0.232,,,3.3,101.4,200,,,reliable,
Electro-Voice,EVM-12S PRO LINE,8,12,,,503.3,17,5.2,,,,32.6,,70,56.3,7.02,0.257,0.248,,,2.7,102.6,200,,,reliable,
Electro-Voice,EVM-15B,8,15,,,885.3,17.6,5.2,,,,66.9,,43,225,12.89,0.304,0.297,,,3.3,101.5,400,,,reliable,
Electro-Voice,EVM-15BII,8,15,,,855.3,17.1,5.2,,,,62.4,,43,225,12.89,0.3,0.293,,,3.3,101.6,400,,,reliable,
Electro-Voice,EVM-15L,8,15,,,855.3,18,5.2,,,,57.3,,43,245,4.96,0.25,0.238,,,2.9,102.8,100,,,unreliable,"coupling_failed: Mms free-air radiation-mass correction exceeds 50% of Mms (0.503), check Sd/Mms, stated Mms=57.3 g, computed Mmd=28.4521 g, radiation mass difference=50.35% (limit 50%)"
Electro-Voice,EVM-15L,8,15,,,851,16.6,5.21,,,,45.6,,51.8,210.2,8.42,0.282,0.273,,,2.6,104,200,,,unreliable,"coupling_failed: Mms free-air radiation-mass correction exceeds 50% of Mms (0.628), check Sd/Mms, stated Mms=45.6 g, computed Mmd=16.9694 g, radiation mass difference=62.79% (limit 50%)"
Electro-Voice,EVM-15W,8,15,,,779.3,22.8,5.5,,,,113.5,,31.7,189.1,17.21,0.24,0.237,,,6.6,97.6,400,,,reliable,
Electro-Voice,EVM-18B,8,18,,,1140,15.3,5.2,,,,82.1,,33,516,8.37,0.376,0.36,,,3.3,100.8,100,,,unreliable,"coupling_failed: Mms free-air radiation-mass correction exceeds 50% of Mms (0.541), check Sd/Mms, stated Mms=82.1 g, computed Mmd=37.7091 g, radiation mass difference=54.07% (limit 50%)"
Electro-Voice,EVM-DL12X,8,12,,,500,17.8,6,,,,37.1,,56,77.3,7.47,0.248,0.24,,,4.1,99.2,150,,,reliable,
Electro-Voice,EVX-155,8,15,,,790,20.2,5,,,,80.4,,35.4,220,5.56,0.22,0.212,,,6.4,100.5,600,,,reliable,
Electro-Voice,EVX-180A,8,18,,,1220,21.8,5,,,,151.1,,29,416,4,0.29,0.27,,,6.4,99.5,600,,,reliable,
Electro-Voice,EVX-180B,8,18,,,1220,21.8,5,,,,151.1,,29,416,4,0.29,0.27,,,6.4,99.5,600,,,reliable,
Electro-Voice,SP12,8,12,,,530,16,6,,,,41.7,,44,123.5,2.16,0.27,0.24,,,2.2,99.1,50,,,reliable,
Electro-Voice,SP12C,8,12,,,535,7.9,5.5,,,,30,,45,167.1,5.9,0.75,0.665,,,4,96.7,50,,,reliable,
Electro-Voice,SP15,8,15,,,806,12,5.5,,,,51.4,,40,280.4,5,0.49,0.446,,,3,99.2,40,,,unreliable,"coupling_failed: Mms free-air radiation-mass correction exceeds 50% of Mms (0.513), check Sd/Mms, stated Mms=51.4 g, computed Mmd=25.01 g, radiation mass difference=51.34% (limit 50%)"
Elokance,12WF500,8,12,,,518.5,7.4,5.8,,,,38.5,,50,99.1,7.56,1.29,1.102,,,3.6,93.2,120,,,reliable,
Elokance,12WF540SUB,8,12,,,517,23.6,5.8,,,,70.8,,41,79.7,10.89,0.19,0.187,,,2.9,98,140,,,reliable,
Elokance,15WF2400,8,15,,,851,20.5,5.4,,,,107.8,,38,165.2,10.57,0.33,0.32,,,10.5,98.1,1200,,,reliable,
Elokance,18WF1000SUB,8,18,,,1495.7,30,5.8,,,,239.8,,34,286.6,12.78,0.33,0.322,,,3.9,98.7,250,,,reliable,
Eltax,MILLENIUM 500 GRAVE,8,10,,,346.4,8.1,7.25,,,,37.7,,54.6,38,2.792,1.44,0.95,,,4.4,88.7,250,,,reliable,
Eminence,040580-67-95380096-151035,4,15,,,856.3,10.5,3.62,,,,64.2,,44.5,204.9,6.11,0.59,0.538,,,5.6,100.3,500,,,reliable,
Eminence,111712,8,18,,,1146,19.2,6.02,,,,135.8,,21.6,736.2,7.14,0.3,0.288,,,5.8,97.1,800,,,reliable,
Eminence,15-3008PS,8,15,,,856.3,16.3,6.51,,,,55.7,,47.9,203.6,5.01,0.41,0.379,,,5.5,100.2,500,,,unreliable,"coupling_failed: Mms free-air radiation-mass correction exceeds 50% of Mms (0.519), check Sd/Mms, stated Mms=55.7 g, computed Mmd=26.8015 g, radiation mass difference=51.88% (limit 50%)"
Eminence,15-3008PS LF,8,15,,,856.3,18.8,5.6,,,,92.3,,46.6,130,4.93,0.43,0.396,,,5.5,98.4,500,,,reliable,
Eminence,5378,16,15,,,856.3,17.1,8,,,,60.6,,42,243.5,4.73,0.44,0.403,,,3.2,98.1,150,,,reliable,
Eminence,7317 8R 150 PGM,8,12,,,532.4,9.1,7.1,,,,28.4,,51.6,133.1,4.56,0.79,0.673,,,0.5,96.1,50,,,reliable,
Eminence,ACOUSTINATOR N2012,8,12,,,519.5,12,7.03,,,,56.3,,31,177,12.92,0.54,0.518,,,3.9,92.4,150,,,reliable,
Eminence,Alpha,8.0,8,,,210,7.8,5.3,,,,17,,73,17.7,4.6,0.68,0.59,,,3.2,94,125,,,reliable,
Eminence,ALPHA 10,8,10,,,355.4,7.4,5.31,,,,21.8,,50,82.2,5.21,0.66,0.586,,,3.2,95.7,150,,,reliable,
Eminence,ALPHA 10 v2,8,10,,,344.9,8.2,5.5,,,,21.3,,50.9,76.4,5.16,0.56,0.505,,,3.2,96.2,150,,,reliable,
Eminence,ALPHA 12,8,12,,,519.5,8.5,6.3,,,,32.8,,49,121.5,6.53,0.88,0.775,,,2.4,95.1,150,,,reliable,
Eminence,ALPHA 15,8,15,,,856.3,7.7,5.88,,,,59.6,,41,260,7.23,1.53,1.263,,,3.8,94,200,,,reliable,
Eminence,ALPHA 3-32,32,3,,,28.6,6.46,22.43,,,,2,,117,0.98,5.87,0.85,0.74,,,2.6,88,35,,,reliable,
Eminence,ALPHA 3-8,8,3,,,28.6,3.93,5.12,,,,2,,118,0.95,7.94,0.53,0.5,,,2.4,88.6,30,,,reliable,
Eminence,ALPHA 4-4,4,4,,,57.7,4.12,3.42,,,,5,,120,1.76,6.41,0.7,0.63,,,2.6,88,55,,,reliable,
Eminence,ALPHA 4-8,8,4,,,57.7,4.94,6.73,,,,4,,123,1.94,6.83,0.84,0.75,,,2.6,88,55,,,reliable,
Eminence,ALPHA 5-8,8,5,,,102.6,6.22,5,,,,8,,87,6.14,11.81,0.56,0.54,,,5.92,89.4,125,,,reliable,
Eminence,ALPHA 6C,4,6,,,126.7,6.4,3.2,,,,9,,107,5.7,6.12,0.49,0.45,,,3.5,93.3,100,,,reliable,
Eminence,Alpha-6A,8.0,6,,,126.7,8,7.2,,,,7,,103,5.8,5.68,0.6,0.54,,,3.5,93.6,100,,,reliable,
Eminence,ALPHA-6CBMRA,8,6,,,126.7,7.86,5.26,,,,8,,407,0.45,6.04,1.74,1.35,,,1.5,97.8,100,,,reliable,
Eminence,ALPHA-8MRA,8,8,,,205.9,8.9,7.32,,,,7,,514,0.8,4.48,2.08,1.42,,,1.6,100.9,125,,,reliable,
Eminence,B-52,8,18,,,1134,26.8,5.89,,,,204.3,,22.8,430,4.94,0.24,0.229,,,6,96.6,300,,,reliable,
Eminence,BASSLITE C2515,4,15,,,856,11.1,3.72,,,,70,,38,260,4.7,0.5,0.45,,,4.5,96.4,300,,,reliable,
Eminence,BASSLITE CA2010,8,10,,,360.7,11,5.46,,,,36.2,,51,49,17.5,0.52,0.505,,,3.5,94.6,150,,,reliable,
Eminence,BASSLITE CH2010,8,10,,,344.9,11,5.37,,,,29.2,,58,43,6.5,0.47,0.438,,,3.5,96.2,150,,,reliable,
Eminence,BASSLITE S2010,8,10,,,350,11.9,5.02,,,,33,,46,63.4,4.16,0.34,0.31,,,4,96.2,150,,,reliable,
Eminence,BASSLITE S2012,8,12,,,517,11.7,5.1,,,,46,,48,91,5.5,0.53,0.48,,,5.2,94.6,150,,,reliable,
Eminence,BASSLITE SC10,16,10,,,350.1,12.9,12.21,,,,26.3,,46,78.3,2.23,0.56,0.448,,,4.4,91.5,100,,,reliable,
Eminence,Beta,8.0,8,,,210,9.6,5.99,,,,16,,65,23.3,4.95,0.42,0.38,,,3,95.1,225,,,reliable,
Eminence,BETA 12,8,12,,,532.4,11.7,7.07,,,,35.1,,50,114.7,5.82,0.57,0.519,,,4.4,96.5,250,,,reliable,
Eminence,BETA 12A2,8,12,,,538.9,10.7,5,,,,38.9,,47,120.1,6,0.5,0.462,,,4.4,98,250,,,reliable,
Eminence,BETA 12CX v2019,8,12,,,538.9,10.9,5.42,,,,38.6,,47,120.9,5.64,0.52,0.476,,,3.5,97.5,250,,,reliable,
Eminence,BETA 12LT,8,12,,,532.4,11.8,7.37,,,,36.5,,45,136.3,6.44,0.55,0.507,,,3.2,95.9,225,,,reliable,
Eminence,BETA 15,8,15,,,823.7,11.4,6.32,,,,58.8,,35,334.6,8.1,0.63,0.585,,,4,96.6,300,,,reliable,
Eminence,BETA 8CX,8,8,,,210,11.21,5.37,,,,19,,62,21.43,6.57,0.31,0.29,,,3.2,92.9,250,,,reliable,
Eminence,BETA-10B 16-Ohm,16,10,,,344.9,15.14,15.1,,,,25,,51.6,61.37,4.33,0.58,0.51,,,3,94.1,250,,,reliable,
Eminence,BETA-12LTA,8,12,,,532,11.7,7.4,,,,36,,45,136.3,6.4,0.55,0.51,,,3.2,95.4,225,,,reliable,
Eminence,BETA-6A,8,6,,,129.9,8.13,5.18,,,,11,,123,3.51,3.46,0.66,0.56,,,4.5,94,175,,,reliable,
Eminence,BLACK POWDER,8,12,,,519,9.8,7.1,,,,22.4,,72,82.4,14.98,0.75,0.714,,,0.5,98.6,75,,,unreliable,"coupling_failed: Mms free-air radiation-mass correction exceeds 50% of Mms (0.609), check Sd/Mms, stated Mms=22.4 g, computed Mmd=8.76398 g, radiation mass difference=60.88% (limit 50%)"
Eminence,CANIS MAJOR,8,12,,,532.4,12.7,6.45,,,,26.9,,104.9,34.1,10.16,0.71,0.664,,,0.8,100.3,50,,,unreliable,"coupling_failed: Mms free-air radiation-mass correction exceeds 50% of Mms (0.527), check Sd/Mms, stated Mms=26.9 g, computed Mmd=12.7325 g, radiation mass difference=52.67% (limit 50%)"
Eminence,CANNABIS REX,8,12,,,532.4,11.7,6.56,,,,24,,96,45.5,9.28,0.69,0.642,,,0.8,100.5,50,,,unreliable,"coupling_failed: Mms free-air radiation-mass correction exceeds 50% of Mms (0.590), check Sd/Mms, stated Mms=24 g, computed Mmd=9.83249 g, radiation mass difference=59.03% (limit 50%)"
Eminence,CANNABIS REX 12,16,12,,,532.4,16.6,13.1,,,,27.1,,101,36.4,9.95,0.82,0.758,,,0.8,96.4,50,,,unreliable,"coupling_failed: Mms free-air radiation-mass correction exceeds 50% of Mms (0.523), check Sd/Mms, stated Mms=27.1 g, computed Mmd=12.9325 g, radiation mass difference=52.28% (limit 50%)"
Eminence,COMMONWEALTH 12,8,12,,,519.5,15.6,6.34,,,,42.6,,50,90,6.61,0.35,0.332,,,0.7,98.1,225,,,reliable,
Eminence,COMMONWEALTH 15,4,15,,,889.6,11.7,3.72,,,,63.8,,52,163,6.75,0.57,0.526,,,0.7,101.3,225,,,reliable,
Eminence,CV 65A,8,12,,,532.4,12.7,6.9,,,,29.5,,76,59,19.85,0.6,0.582,,,1.2,99,65,,,reliable,
Eminence,CV 75A,8,12,,,519.5,15.3,6.89,,,,29.3,,79,52.5,15.07,0.43,0.418,,,1.2,100.4,75,,,reliable,
Eminence,CV 75B,16,12,,,519.5,19.7,14.23,,,,26.6,,80,56.2,21.33,0.49,0.479,,,1.2,97.2,75,,,unreliable,"coupling_failed: Mms free-air radiation-mass correction exceeds 50% of Mms (0.513), check Sd/Mms, stated Mms=26.6 g, computed Mmd=12.9443 g, radiation mass difference=51.34% (limit 50%)"
Eminence,DEFINIMAX 4012ULF-8,8,12,,,532,27.38,6.2,,,,153,,40,41.342,12.13,0.318,0.31,,,6.7,91,1200,,,reliable,
Eminence,DEFINIMAX 4015 LF,8,15,,,872.9,18.1,5.04,,,,132.8,,42,115.5,6.73,0.54,0.5,,,9,96,1200,,,reliable,
Eminence,DEFINIMAX 4018 LF,8,18,,,1188,26.7,6.19,,,,205.7,,32,237.9,10.38,0.36,0.348,,,8.6,96.4,1200,,,reliable,
Eminence,DELTA 10,8,10,,,344.9,14.3,5.42,,,,31.8,,66,30.5,6.53,0.35,0.332,,,3.5,97.7,350,,,reliable,
Eminence,DELTA 10 A,8,10,,,344.9,14.3,5.42,,,,31.8,,66,30.5,6.53,0.35,0.332,,,3.5,97.7,350,,,reliable,
Eminence,DELTA 12,8,12,,,519.5,13.6,6.3,,,,39,,55,81.3,5.27,0.46,0.423,,,2.4,97.7,400,,,reliable,
Eminence,DELTA 12 B,8,12,,,519.5,13.4,6.3,,,,38.1,,55,83.1,5.27,0.46,0.423,,,2.7,97.8,400,,,reliable,
Eminence,DELTA 12 LF v1,8,12,,,506.7,13.4,6.06,,,,47.1,,45,95.5,7.28,0.45,0.424,,,4.6,96.1,500,,,reliable,
Eminence,DELTA 12 LF v2,8,12,,,506.7,14,6.06,,,,51.6,,51,67.9,7.28,0.51,0.477,,,4.6,95.7,500,,,reliable,
Eminence,DELTA 15,8,15,,,856.3,14.1,6.9,,,,61.9,,40,263,6.56,0.54,0.499,,,1.6,97.6,400,,,reliable,
Eminence,DELTA 15 LF,8,15,,,856.3,14.5,6.3,,,,83.2,,41,186.1,6.65,0.64,0.584,,,6,96,600,,,reliable,
Eminence,DELTA 15 LFC,4,15,,,856.3,11.2,3.27,,,,78.4,,38.7,221.6,7.74,0.5,0.47,,,6,100,600,,,reliable,
Eminence,DELTA PRO 10MR-8,8,10,,,355.4,15.4,6.55,,,,26,,53,61.4,6.77,0.24,0.232,,,1.3,98.7,200,,,reliable,
Eminence,DELTA PRO 12,8,12,,,532.4,15.3,5.71,,,,47.4,,51,81.7,7.56,0.37,0.353,,,3.2,98.1,400,,,reliable,
Eminence,DELTA PRO 12 A,8,12,,,532.4,15.3,5.71,,,,47.4,,51,81.7,7.56,0.37,0.353,,,6.2,98.1,400,,,reliable,
Eminence,DELTA PRO 12-450A,8,12,,,532.4,11.5,5.04,,,,36.7,,44,141.7,7.59,0.39,0.371,,,5.2,98.9,450,,,reliable,
Eminence,DELTA PRO 15,8,15,,,856.3,14.4,5.71,,,,60.6,,42,243.5,4.73,0.44,0.403,,,4.3,99.6,300,,,reliable,
Eminence,DELTA PRO 18,8,18,,,1188,20,5.37,,,,141.7,,26,523,10.1,0.31,0.301,,,6.7,98.4,500,,,reliable,
Eminence,DELTA PRO 18,8,18,,,1188,19.6,5.37,,,,132.9,,26.6,533.6,10.1,0.31,0.301,,,6.7,98.8,500,,,reliable,
Eminence,DELTA PRO 18 A,8,18,,,1188,19.9,5.3,,,,150.3,,26,493.2,10.38,0.33,0.32,,,6.7,98,500,,,reliable,
Eminence,DELTA-10A-2,8,10,,,344.9,12.19,5.52,,,,29.5,,69.7,29.73,5.79,0.48,0.44,,,6.39,96.7,425,,,reliable,
Eminence,DELTALITE 2510,8,10,,,350.1,10.4,5.47,,,,23.8,,41.2,107.9,5.89,0.31,0.295,,,4.2,97.5,250,,,reliable,
Eminence,DELTALITE 2512 |,8,12,,,519.5,11.6,5.28,,,,48.58,,53.1,67.44,2.94,0.64,0.52,,,4.9,99.6,250,,,reliable,
Eminence,DELTALITE 2515,8,15,,,856.3,12.1,5.7,,,,54.5,,41,284.1,8.71,0.55,0.517,,,4.8,99,300,,,unreliable,"coupling_failed: Mms free-air radiation-mass correction exceeds 50% of Mms (0.530), check Sd/Mms, stated Mms=54.5 g, computed Mmd=25.6015 g, radiation mass difference=53.02% (limit 50%)"
Eminence,DELTALITE 2515/16,8,15,,,856,15.7,5.28,,,,72.3,,42,204,4.56,0.41,0.376,,,4.8,99.5,300,,,reliable,
Eminence,DELTALITE II 2510,8,10,,,350.1,10.5,5.06,,,,29.5,,53,52.5,5.76,0.45,0.417,,,4.2,96.4,250,,,reliable,
Eminence,DELTALITE II 2510,8,10,,,346.4,10.8,4.86,,,,29.3,,53.4,50.9,6.01,0.41,0.384,,,4.2,96.9,250,,,reliable,
Eminence,DELTALITE II 2510-4,4,10,,,350.1,8.9,3.46,,,,26.4,,55,54.5,7.92,0.4,0.381,,,4.2,99.2,250,,,reliable,
Eminence,DELTALITE II 2512,8,12,,,519.5,10.8,5.17,,,,36.7,,44,134.9,4.17,0.45,0.406,,,4.9,97.9,250,,,reliable,
Eminence,DELTALITE II 2512 v2,8,12,,,519.5,11.3,5.04,,,,47.6,,37,147,3.13,0.44,0.386,,,4.9,96.3,250,,,reliable,
Eminence,DELTALITE II 2512 v2014,8,12,,,519.5,10.8,5.17,,,,36.7,,44,134.9,4.17,0.45,0.406,,,4.9,97.9,250,,,reliable,
Eminence,DELTALITE-II 2515,8,15,,,856.3,15.7,5.29,,,,72.4,,42,204,4.56,0.41,0.376,,,4.8,99.4,300,,,reliable,
Eminence,DOUBLE-T 12,8,12,,,519.5,18.2,5.6,,,,53.6,,53,63.7,19.59,0.3,0.295,,,2.4,98.5,300,,,reliable,
Eminence,EJ-1240,8,12,,,519.5,12.1,7,,,,23.9,,75,71.2,20.09,0.54,0.526,,,1.2,100,40,,,unreliable,"coupling_failed: Mms free-air radiation-mass correction exceeds 50% of Mms (0.571), check Sd/Mms, stated Mms=23.9 g, computed Mmd=10.2443 g, radiation mass difference=57.14% (limit 50%)"
Eminence,ELIMINATOR 2510,4,10,,,355.4,10.4,3.74,,,,45.4,,49.5,40.3,12.88,0.49,0.472,,,3,95.3,300,,,reliable,
Eminence,EMINATOR 2010,4,10,,,355.4,7.9,3.47,,,,43.5,,41,61.4,9.58,0.62,0.582,,,5,93.9,200,,,reliable,
Eminence,EMINATOR 2515,4,15,,,856.3,14.3,3.73,,,,114.8,,28.7,274.8,10.72,0.38,0.367,,,6,97.6,300,,,reliable,
Eminence,FAS 154,4,15,,,856.3,9.2,3.9,,,,84.1,,38.3,211,13.07,0.93,0.868,,,7.2,96.2,300,,,reliable,
Eminence,GA-SC64,8,12,,,519.5,13.9,7.63,,,,27.5,,88,45,16.82,0.6,0.579,,,1.2,99.3,40,,,reliable,
Eminence,GAMMA 10,8,10,,,344.9,10.8,5.43,,,,29.2,,63,36.4,9.04,0.54,0.51,,,1.6,95.9,300,,,reliable,
Eminence,GAMMA 10 B,16,10,,,339.7,14.1,11.62,,,,26.4,,64.3,37.6,3.59,0.62,0.529,,,1.6,92.4,300,,,reliable,
Eminence,GAMMA 12,8,12,,,506.7,10.9,6.52,,,,37.9,,57,74.1,6.86,0.75,0.676,,,1.6,95.5,300,,,reliable,
Eminence,GAMMA 12 A,8,12,,,506.7,10.9,6.52,,,,37.9,,57,74.1,6.86,0.75,0.676,,,1.6,95.5,300,,,reliable,
Eminence,GAMMA 15,8,15,,,856.3,17.2,5.98,,,,76.1,,33,314.1,5.13,0.32,0.301,,,3,98.7,300,,,reliable,
Eminence,GAMMA 15 A2,8,15,,,856.3,17.2,5.98,,,,76.1,,33,314.1,5.13,0.32,0.301,,,3,98.7,300,,,reliable,
Eminence,HL 10,8,10,,,334.5,22.2,5.36,,,,132.9,,32,29.2,9.9,0.29,0.282,,,5.7,88.9,300,,,reliable,
Eminence,IMPERO 12 A,8,12,,,545.4,19.3,5.58,,,,82.3,,42.8,70.2,13.84,0.33,0.322,,,6.2,95.8,1100,,,reliable,
Eminence,JAY7010,8,18,,,1159.2,18.2,5.62,,,,110.7,,28.1,546.6,6.28,0.33,0.314,,,9.1,99.2,650,,,reliable,
Eminence,KAPPA 12,8,12,,,519.5,15.2,5.41,,,,42.2,,45,112.1,7.76,0.28,0.27,,,3.2,99.3,450,,,reliable,
Eminence,KAPPA 15,8,15,,,823.7,15.9,5.21,,,,66.9,,36,278,10.6,0.31,0.301,,,5.5,100.1,600,,,reliable,
Eminence,KAPPA 15 LF,8,15,,,856.3,18.6,5.4,,,,107.7,,39,159,6.08,0.41,0.384,,,5.5,97.3,600,,,reliable,
Eminence,KAPPA 15 LFA,8,15,,,856.3,18.7,5.61,,,,98,,40.9,159.1,7.774,0.402,0.382,,,5.5,97.8,600,,,reliable,
Eminence,KAPPA 15 LFA,8,15,,,856.3,18.5,5.38,,,,102,,40.8,153.2,7.66,0.413,0.392,,,5.5,97.7,600,,,reliable,
Eminence,KAPPA 18,8,18,,,1188,19.1,5.3,,,,129.6,,28,493.2,10.38,0.33,0.32,,,4.8,98.9,500,,,reliable,
Eminence,KAPPA 18 A,8,18,,,1140.1,19.9,7.82,,,,123.8,,28,475.5,7.84,0.43,0.408,,,4.8,95.9,500,,,reliable,
Eminence,KAPPA PRO 10,8,10,,,344.9,19,6.5,,,,38.2,,46,52.2,10.1,0.2,0.196,,,3.2,96.9,500,,,reliable,
Eminence,KAPPA PRO 12,8,12,,,519.5,17.1,5.46,,,,57.9,,37,121,6.93,0.25,0.241,,,4.8,97.5,500,,,reliable,
Eminence,KAPPA PRO 15,8,15,,,856.3,16.5,5.23,,,,70.3,,47,167.7,8.01,0.4,0.381,,,6.4,100.2,500,,,reliable,
Eminence,KAPPA PRO 15 LF v1,8,15,,,856.3,19.8,5.5,,,,96.5,,46,127.5,7.9,0.39,0.372,,,6.4,98.6,600,,,reliable,
Eminence,KAPPA PRO 15 LF v2,8,15,,,760,20.2,6.12,,,,97.1,,35,172.5,9.57,0.32,0.31,,,8.7,96.8,600,,,reliable,
Eminence,KAPPA PRO 15 LF-2,8,15,,,856.3,21.9,6.5,,,,106.9,,35,198.8,7.3,0.32,0.307,,,8.2,97.1,600,,,reliable,
Eminence,KAPPA PRO 15 LFC,4,15,,,856,15.6,3.34,,,,103.7,,37,183.2,10,0.33,0.319,,,7.9,100.3,600,,,reliable,
Eminence,KAPPA PRO 18 LF-8,8,18,,,1159,19.5,5.39,,,,119.1,,32,391,10.66,0.34,0.329,,,8,99.5,800,,,reliable,
Eminence,Kappa Pro 18LF2,8,18,,,1159,19.39,5.39,,,,119,,32,391.61,10.66,0.34,0.33,,,8,98,800,,,reliable,
Eminence,Kappa Pro-12A,8,12,,,519.5,17.3,5.46,,,,59,,37,121,6.93,0.25,0.24,,,4.8,97.1,500,,,reliable,
Eminence,KAPPALITE 3010 H0,8,10,,,366.1,16.3,5.46,,,,33.9,,61.4,37.2,9.93,0.27,0.263,,,4.4,98.7,400,,,reliable,
Eminence,KAPPALITE 3010 LF,8,10,,,358.4,17.5,7.2,,,,48.9,,38.7,62.4,11.75,0.28,0.273,,,8.5,93.5,550,,,reliable,
Eminence,KAPPALITE 3010 MB,8,10,,,366.1,16.4,5.01,,,,35.6,,50.7,52.1,6.83,0.21,0.204,,,5,99.1,400,,,reliable,
Eminence,KAPPALITE 3010LF-4,4,10,,,358.4,14,3.78,,,,53.3,,40,53.5,7.09,0.26,0.251,,,8.1,96.4,550,,,reliable,
Eminence,KAPPALITE 3010LF-4,4,10,,,346.4,12.9,3.8,,,,46.6,,43.1,49.3,9.23,0.29,0.281,,,8.4,96.5,550,,,reliable,
Eminence,KAPPALITE 3012 H0,8,12,,,532.4,15.9,5.5,,,,46.8,,51.5,81.1,8.39,0.33,0.318,,,5.8,98.9,400,,,reliable,
Eminence,KAPPALITE 3012 LF-4,4,12,,,545.4,14.4,3.89,,,,74.2,,36.4,107.4,8.38,0.32,0.308,,,8.1,97.2,450,,,reliable,
Eminence,KappaLITE 3012HO,8,12,,,532.4,15.9,5.5,,,,47,,52,81.1,8.39,0.33,0.32,,,6.2,100.5,400,,,reliable,
Eminence,KAPPALITE 3015 LF v2014,8,15,,,881.1,17.4,5.5,,,,95.9,,43.7,150.9,8.97,0.48,0.456,,,6.6,97.8,450,,,reliable,
Eminence,KAPPALITE 3015 LF v2016,8,15,,,881.1,17.4,5.5,,,,95.9,,43.7,150.9,8.97,0.48,0.456,,,6.6,97.8,450,,,reliable,
Eminence,KAPPALITE 3015 LF v2018,8,15,,,881.1,17.3,5.5,,,,94.4,,44,150.9,8.97,0.48,0.456,,,6.6,97.9,450,,,reliable,
Eminence,KAPPALITE 3015 LF-4,4,15,,,881.2,15.6,3.85,,,,105.3,,47,118.6,10.19,0.49,0.468,,,5.7,99.2,450,,,reliable,
Eminence,KAPPALITE™ KL3010LF-8,8,10,,,376.9,17.98,7.03,,,,53,,45,47.33,6.95,0.33,0.31,,,8.52,92,450,,,reliable,
Eminence,KILOMAX 15,8,15,,,856.3,17.9,4.97,,,,100.6,,41,154,8.8,0.4,0.383,,,7.9,98.3,1250,,,reliable,
Eminence,KILOMAX 18,8,18,,,1178.4,18.4,5.7,,,,153.6,,33.8,281.4,12.85,0.55,0.527,,,10,96.4,1250,,,reliable,
Eminence,KILOMAX PRO 15,8,15,,,856.3,17.9,4.97,,,,100.3,,41,154.5,8.8,0.4,0.383,,,7.9,98.3,1250,,,reliable,
Eminence,KILOMAX PRO 15 A,8,15,,,856.3,17.9,4.97,,,,100.3,,41,154.5,8.8,0.4,0.383,,,7.9,98.3,1250,,,reliable,
Eminence,KILOMAX PRO 18,8,18,,,1159,19.5,5.84,,,,182.6,,33,239.9,14.24,0.58,0.557,,,10,95.1,1250,,,reliable,
Eminence,KILOMAX PRO 18 A v2016,8,18,,,1159,17.1,5.07,,,,140.5,,32,331.5,10.15,0.49,0.467,,,10,97.4,1250,,,reliable,
Eminence,KL3012CX-8,8,12,,,545.4,16.1,5.7,,,,53.7,,42,111.5,8.37,0.31,0.299,,,3.7,97.7,400,,,reliable,
Eminence,Kl3015CX-8,8,15,,,889.6,16,5.71,,,,88.7,,38,219.3,6.48,0.47,0.438,,,4.3,97.5,400,,,reliable,
Eminence,Kl3015CX-8,8,15,,,889.6,16,5.71,,,,88.6,,38,219.7,6.48,0.47,0.438,,,7.8,97.5,400,,,reliable,
Eminence,LA12850,8,12,,,545.4,20,5.87,,,,75.6,,46,66.1,12.73,0.32,0.312,,,5,96.4,800,,,reliable,
Eminence,LA15850,8,15,,,856.3,18.8,5.83,,,,96.2,,34,234.2,9.27,0.34,0.328,,,4.1,97.7,800,,,reliable,
Eminence,LA6-CBMR,8,6,,,133.1,11.1,6.3,,,,9,,460,0.4,3.13,1.24,0.89,,,0.2,97.8,150,,,reliable,
Eminence,LAB 12,8,12,,,506.7,15.1,4.29,,,,150.4,,22,125.2,13.32,0.39,0.379,,,11,90,400,,,reliable,
Eminence,LAB 12 |,6,12,,,506.7,15,4.29,,,,146,,22,125.2,13.32,0.39,0.38,,,13,89.2,400,,,reliable,
Eminence,LAB 15,8,15,,,823.7,26.3,4.9,,,,296.6,,28,103.6,5.36,0.37,0.346,,,7.3,92,600,,,reliable,
Eminence,LAB 15 |,6,15,,,823.7,26.7,4.9,,,,308,,28,103.61,5.36,0.37,0.35,,,11.8,88.5,600,,,reliable,
Eminence,LEGEND 1058,8,10,,,344.9,8,7.49,,,,17,,97,26.4,17.78,1.21,1.133,,,0.5,95.3,75,,,reliable,
Eminence,LEGEND 1218,8,12,,,506.7,11.6,6.95,,,,29.2,,100,31.2,15.51,0.95,0.895,,,0.8,97.8,150,,,reliable,
Eminence,LEGEND 1258,8,12,,,506.7,10.9,7.44,,,,31.7,,94,32.5,6.15,1.18,0.99,,,0.5,95.9,75,,,reliable,
Eminence,LEGEND 1275,8,12,,,552,11.8,7.36,,,,29.7,,111,29.6,15.07,1.09,1.016,,,0.5,98,75,,,unreliable,"coupling_failed: Mms free-air radiation-mass correction exceeds 50% of Mms (0.504), check Sd/Mms, stated Mms=29.7 g, computed Mmd=14.743 g, radiation mass difference=50.36% (limit 50%)"
Eminence,LEGEND 1518,8,15,,,823.7,14.1,7.16,,,,54.8,,82,65.4,10.12,1.02,0.927,,,0.8,97.9,150,,,reliable,
Eminence,LEGEND B102,8,10,,,344.9,11.8,6.89,,,,28.2,,48,65,5.31,0.42,0.389,,,3,95,200,,,reliable,
Eminence,LEGEND B15,8,15,,,856.3,16.3,6.55,,,,75.7,,40,215.1,11.44,0.47,0.451,,,3,97.5,300,,,reliable,
Eminence,LEGEND B810,32,10,,,350.1,17.9,27.5,,,,24.2,,52.1,66.4,13.91,0.68,0.648,,,4.7,88,150,,,reliable,
Eminence,LEGEND BP122 8 Ohms,8,12,,,532.4,10.7,5.66,,,,52.2,,35,157.4,9.26,0.57,0.537,,,6.2,94.2,250,,,reliable,
Eminence,LEGEND BP1525,8,15,,,856.3,13.1,6.65,,,,64,,32,397,11.21,0.5,0.479,,,6.2,96.9,350,,,reliable,
Eminence,LEGEND CA10,8,10,,,350.1,10,4.83,,,,30.5,,52.9,51.1,6.53,0.49,0.456,,,3,96,200,,,reliable,
Eminence,LEGEND CA154,4,15,,,823.7,12.2,2.92,,,,85.3,,51.1,108.2,4.94,0.54,0.487,,,4.5,100.6,300,,,reliable,
Eminence,LEGEND CB15,8,15,,,856.3,15.6,6.15,,,,67,,34,336,5.9,0.36,0.339,,,4.8,98.8,300,,,reliable,
Eminence,LEGEND EM 12,8,12,,,532.4,16.9,6.6,,,,41,,49,102.3,7.39,0.29,0.279,,,1.3,99,200,,,reliable,
Eminence,LEGEND GB128,8,12,,,506.7,12,6.37,,,,28.1,,86,43.9,19.54,0.67,0.648,,,0.8,99.2,50,,,reliable,
Eminence,LegendBP102,4.0,10,,,344.9,7.1,2.7,,,,34.1,,34.5,103.8,10.61,0.4,0.385,,,6.2,97,200,,,reliable,
Eminence,LegendBP102,8.0,10,,,334.5,9.6,5.59,,,,35.6,,35,91.2,5.36,0.47,0.432,,,6.2,92.7,200,,,reliable,
Eminence,LIL BUDDY,8,10,,,366.1,11.7,6.31,,,,21.4,,149,10,9.06,0.93,0.843,,,0.8,98.5,50,,,reliable,
Eminence,LTD-12MK2,4,12,,,532.4,8.4,2.65,,,,57,,37.9,123.2,10.04,0.51,0.485,,,5.6,98,150,,,reliable,
Eminence,MAGNUM 15 HO,8,15,,,856,21.5,6.3,,,,99.1,,33,241,7.48,0.28,0.27,,,4.8,97.9,650,,,reliable,
Eminence,MAGNUM 15 LF,8,15,,,856,16.7,4.95,,,,116.6,,37,163,9.45,0.48,0.457,,,7.9,96.4,700,,,reliable,
Eminence,ME10-100,8,10,,,344.7,12,6.83,,,,17,,71,49.2,4.85,0.36,0.335,,,0.9,99.6,160,,,reliable,
Eminence,ME12/200LF,8,12,,,532.4,14.1,7.56,,,,57.7,,36.4,131.9,13.39,0.5,0.482,,,3.7,93.3,200,,,reliable,
Eminence,ME123008,8,12,,,519.5,18.2,5.54,,,,45.7,,45.8,99.9,5.51,0.22,0.212,,,1.8,100,300,,,reliable,
Eminence,ME15-1008,8,15,,,856.3,11.5,7.26,,,,48,,45,268.1,2.81,0.75,0.592,,,0.8,97.5,100,,,unreliable,"coupling_failed: Mms free-air radiation-mass correction exceeds 50% of Mms (0.602), check Sd/Mms, stated Mms=48 g, computed Mmd=19.1015 g, radiation mass difference=60.21% (limit 50%)"
Eminence,ME15-2008,8,15,,,851,13.4,6.99,,,,54.1,,40.3,293.1,6.56,0.53,0.49,,,2.7,98.1,100,,,unreliable,"coupling_failed: Mms free-air radiation-mass correction exceeds 50% of Mms (0.529), check Sd/Mms, stated Mms=54.1 g, computed Mmd=25.4694 g, radiation mass difference=52.92% (limit 50%)"
Eminence,MME 2008 LF,8,12,,,532.4,14.1,7.56,,,,57.7,,36.4,131.9,13.39,0.5,0.482,,,3.7,93.3,200,,,reliable,
Eminence,NSW4018-8,8,18,,,1217,28.24,5.86,,,,237,,36,164.49,8.46,0.39,0.38,,,15.21,96.6,1600,,,reliable,
Eminence,NSW6021-6,4,21.5,,,1642,33.6,3.8,,,,506.9,,29,224.6,15.35,0.31,0.304,,,10.3,97.7,2500,,,reliable,
Eminence,NSW6021-6,6,21,,,1642,33.79,3.8,,,,508,,29,224.58,15.35,0.31,0.31,,,21,97,2500,,,reliable,
Eminence,OB A15 NEO,8,15,,,856.5,11.4,6.28,,,,68.2,,40.4,234,5.59,0.83,0.723,,,6,95.7,200,,,reliable,
Eminence,OMEGA 15 A,8,15,,,856.3,17.5,5.28,,,,92.7,,33,258,5.69,0.33,0.312,,,4.8,98.3,800,,,reliable,
Eminence,OMEGA PRO 12,8,12,,,517,16.8,5.24,,,,70.6,,39,88.4,8.08,0.32,0.308,,,4.8,96,700,,,reliable,
Eminence,OMEGA PRO 15,8,15,,,856.3,17.2,4.98,,,,87.3,,39,196,8.57,0.36,0.345,,,4.8,99.1,800,,,reliable,
Eminence,OMEGA PRO 18,8,18,,,1159,24.8,5.1,,,,171.9,,28,354,5.53,0.25,0.239,,,4.8,98.9,800,,,reliable,
Eminence,OMEGA PRO 18,8,18,,,1159,18.4,5.25,,,,139.8,,24.2,581.5,7.73,0.33,0.316,,,4.8,97.8,800,,,reliable,
Eminence,OMEGA PRO-12-2KW-8,8,12,,,545.4,20.4,6.04,,,,91.96,,48.14,49.55,14.88,0.4,0.39,,,7.1,93.33,1000,,,reliable,
Eminence,OMEGA PRO-15-2KW-8,8,15,,,856.3,19.07,5.95,,,,111.87,,39.67,142.51,13.9,0.46,0.44,,,7.4,94.9,1000,,,reliable,
Eminence,PE 12 2008,8,12,,,519.5,18.6,6.19,,,,49.4,,56,61.9,3.48,0.31,0.285,,,3,98.5,200,,,reliable,
Eminence,PF-350,8,12,,,545.4,16.9,7.41,,,,43,,63,61.9,8.48,0.44,0.418,,,0.8,97.8,350,,,reliable,
Eminence,PS12-200,8,12,,,516.9,18.6,6.19,,,,49,,56,61.7,3.48,0.31,0.285,,,3,98.5,200,,,reliable,
Eminence,PS15-5008,8,15,,,856.3,19.6,5.27,,,,87,,38.8,198.7,4.72,0.29,0.273,,,6.3,99.8,500,,,reliable,
Eminence,PS18-6008,8,18,,,1159.2,24.9,5.12,,,,171,,28.1,354.1,5.53,0.25,0.239,,,5.5,98.9,300,,,reliable,
Eminence,RAGIN CAJUN 10,8,10,,,366.1,10.6,7.3,,,,19.8,,84,34.1,10.8,0.68,0.64,,,0.5,97.1,75,,,reliable,
Eminence,RAMROD,8,10,,,366.1,11.4,7.3,,,,19,,101,24.6,10.8,0.68,0.64,,,0.5,98.1,75,,,reliable,
Eminence,RED FANG 10,8,10,,,366.1,12.1,5.8,,,,18.2,,111,21.3,12.64,0.5,0.481,,,0.5,101,50,,,reliable,
Eminence,RED FANG 16,16,12,,,519.5,11.9,11.4,,,,24.1,,89,50.2,8.93,1.09,0.971,,,0.5,95.6,50,,,unreliable,"coupling_failed: Mms free-air radiation-mass correction exceeds 50% of Mms (0.567), check Sd/Mms, stated Mms=24.1 g, computed Mmd=10.4443 g, radiation mass difference=56.66% (limit 50%)"
Eminence,S2010,8,10,,,350,11.8,5.02,,,,32.4,,46,63.4,4.16,0.34,0.314,,,4,96.6,150,,,reliable,
Eminence,SIGMA PRO 18,8,18,,,1140.1,22.2,6.29,,,,133.4,,28,441.2,8.28,0.3,0.29,,,6.1,98.1,650,,,reliable,
Eminence,SIGMA PRO 18,8,18,,,1190,20.1,5.37,,,,142.2,,26,523,10.1,0.31,0.301,,,6.1,98.4,650,,,reliable,
Eminence,SIGMA PRO 18 A2,8,18,,,1140,19.5,6.47,,,,111.4,,26,613,8.18,0.31,0.299,,,6.1,98.3,650,,,reliable,
Eminence,SIGMA PRO-18A,8,18,,,1140,22.1,6.29,,,,130,,28,441.2,8.28,0.3,0.29,,,6.1,99,650,,,reliable,
Eminence,SWAMP THANG,8,12,,,532.4,14.1,6.92,,,,25.9,,97,41.3,14.43,0.55,0.53,,,0.8,101,150,,,unreliable,"coupling_failed: Mms free-air radiation-mass correction exceeds 50% of Mms (0.547), check Sd/Mms, stated Mms=25.9 g, computed Mmd=11.7325 g, radiation mass difference=54.70% (limit 50%)"
Eminence,TF 1250,8,12,,,519.5,11.2,7.23,,,,28.3,,95,37.5,8.5,0.98,0.879,,,0.5,97.6,50,,,reliable,
Eminence,THE GOVERNOR 16,16,12,,,519.5,19.4,14,,,,27.5,,103,32.8,12.51,0.66,0.627,,,1.2,96.9,75,,,reliable,
Eminence,THE GOVERNOR 8,8,12,,,519.5,15.1,6.81,,,,31.2,,101,30.1,11.41,0.59,0.561,,,1.2,99.9,75,,,reliable,
Eminence,THE TONKER 16,16,12,,,519.5,21.4,14.63,,,,31.4,,97,32.4,12.21,0.61,0.581,,,0.8,96.2,150,,,reliable,
Eminence,THE WIZARD,8,12,,,519.5,14.3,6.13,,,,29.2,,89,41.5,11.48,0.49,0.47,,,0.8,100.9,75,,,reliable,
Eminence,THE WIZARD 8,8,12,,,519.5,14.5,6.3,,,,29.2,,89,41.5,11.48,0.49,0.47,,,0.8,100.8,75,,,reliable,
Eminence,VORTEX 15,8,15,,,856.3,17,5.05,,,,76.7,,39.3,219.7,12.12,0.33,0.321,,,5.5,100,250,,,reliable,
Eminence,W1238R,8,12,,,533,15.3,4.9,,,,92.4,,21.5,236.6,6.599,0.262,0.252,,,8.2,93.6,150,,,reliable,
Eminence Speaker,Alpha 3-32,32,3,,,28.6,6.46,22.4,0.23,,,2,,117,1.132673864,5.87,0.85,0.74,0.86,,2.6,,30,,,reliable,
Eminence Speaker,Alpha 3-8,8,3,,,28.6,3.93,5.12,0.11,,,2,,118,0.8495053978,7.94,0.53,0.5,0.84,,2.4,,30,,,reliable,
Eminence Speaker,Alpha 4-4,4,4,,,57.7,4.12,3.42,0.18,,,5,,120,1.699010796,6.41,0.7,0.63,0.38,,2.6,,55,,,reliable,
Eminence Speaker,Alpha 4-8,8,4,,,57.7,4.94,6.73,0.28,,,4,,123,1.982179261,6.83,0.84,0.75,0.42,,2.6,,55,,,reliable,
Eminence Speaker,KL3012CX-8,8,12,,,545.4,16.02,5.7,0.61,,,54,,42,111.5683756,8.37,0.31,0.31,0.27,,7.47,,400,,,reliable,
Eminence Speaker,Lab 12C,4,12,,,506.7,13.36,3.11,1.09,,,136,,23,128.2753151,11.7,0.34,0.33,0.36,,13,,500,,,reliable,
Eminence Speaker,NSW4018-8,8,18,,,1217,28.24,3.86,1.54,,,237,,36,164.5208787,8.46,0.39,0.38,0.08,,15.21,,1600,,,unreliable,"qes_inconsistent: stated=0.39 , computed=0.259471 , difference=33.47% (limit 20%)"
Eminence Speaker,NSW6021-6,6,21,,,1642,33.79,3.8,1.38,,,508,,29,224.5525935,15.35,0.31,0.31,0.06,,21,,2500,,,reliable,
EMS,B12,8,12,,,515,17.9,6.57,,,,43.2,,31,227,5.657,0.173,0.168,,,4.4,98.8,100,,,reliable,
EMS,B12 MKII,8,12,,,515,17.6,6.37,,,,46.1,,30,227,5.657,0.179,0.174,,,4.6,98.3,100,,,reliable,
EMS,B15,16,15,,,855,38.5,11.42,,,,89,,20,729,6.979,0.086,0.085,,,3.9,98.7,100,,,reliable,
EMS,B15 MKII,8,15,,,800,15.5,6.23,,,,57.5,,19,1094,2.672,0.178,0.167,,,7,99.3,100,,,reliable,
EMS,B15EX,8,15,,,855,16.3,6.5,,,,67.8,,22,791,7.16,0.23,0.223,,,7,98.5,100,,,reliable,
EMS,B15EX-05.0V,8,15,,,855,12.5,6.54,,,,67.8,,22,791,6.915,0.395,0.374,,,7,96.1,100,,,reliable,
EMS,B15EX-07.5V,8,15,,,855,16.1,6.54,,,,67.8,,22,791,7.16,0.236,0.228,,,7,98.4,100,,,reliable,
EMS,B15EX-12.5V,8,15,,,855,20.3,6.54,,,,67.8,,22,791,7.068,0.149,0.146,,,5.4,100.4,100,,,reliable,
EMS,LB12,16,12,,,498.1,20.8,11.7,,,,38.1,,34,200,6.325,0.221,0.214,,,3,95.8,40,,,reliable,
EMS,LB12 MKII,8,12,,,500,10.7,7.89,,,,36,,39,162,5.262,0.606,0.543,,,3,94.1,40,,,reliable,
EMS,LB12 MKII,8,12,,,500,10.5,7.85,,,,36,,37.7,173.7,5.699,0.606,0.548,,,3,93.9,40,,,reliable,
EMS,LB12 MKII,16,12,,,498.1,20.8,11.7,,,,38.1,,34,200,6.325,0.221,0.214,,,3,95.8,40,,,reliable,
EMS,LB12EX,16,12,,,498.1,21.1,11.7,,,,38.1,,34,200,6.907,0.213,0.207,,,3,96,40,,,reliable,
EMS,LB12EX_06V,16,12,,,498.1,10.9,11.7,,,,38.1,,34,200,7.033,0.804,0.722,,,3,90.2,40,,,reliable,
EMS,LB12EX_08V,16,12,,,498.1,14.7,11.7,,,,38.1,,34,200,6.62,0.442,0.414,,,3,92.8,40,,,reliable,
EMS,LB12EX_10V,16,12,,,498.1,17.8,11.7,,,,38.1,,34,200,6.739,0.299,0.286,,,3,94.5,40,,,reliable,
EMS,LB12EX_12V,16,12,,,498.1,19.9,11.7,,,,38.1,,34,200,6.822,0.24,0.232,,,3,95.5,40,,,reliable,
EMS,LB12EX_14V,16,12,,,498.1,21.1,11.7,,,,38.1,,34,200,6.907,0.213,0.207,,,3,96,40,,,reliable,
EPIQUE by Dayton Audio,E150MR-4,4,6,,,100.3,4.94,3.638,0.075,,,8.61,,75.23,7.447330654,3.619,0.606,0.519,,,3.25,,60,,,reliable,
EPIQUE by Dayton Audio,E150MR-8,8,6,,,100.3,6.12,6.5,0.1,,,8.3,,74,8.013667586,4.23,0.67,0.58,0.56,,2.7,,60,,,reliable,
ERS,HP30/100 07172,8,12,,,434,8.2,6.2,,,,42,,30,176.8,2.982,0.733,0.588,,,2.8,91.2,100,,,reliable,
ERS,HP30/150E-8,8,12,,,452,10.1,6.1,,,,43.3,,60.4,45.9,2.566,0.991,0.715,,,2.8,93.2,150,,,reliable,
Eton,11-212/C8/50 HEX SYMPHONY II,8,11,,,365,11.6,5.2,,,,61,,24,134,9.9,0.32,0.31,,,5,89.5,150,,,reliable,
Eton,11-581/50 HEX,8,10,,,366,12.5,5.2,,,,70.5,,21,153,6.68,0.31,0.296,,,5,90.5,150,,,reliable,
Eton,11-581/50 HEX v2015,8,10,,,366,12,5.2,,,,59.5,,23,151,8.8,0.31,0.299,,,5,91.6,150,,,reliable,
Eton,11-581/50HEX,8,10,,,366,12.9,5.3,,,,76.3,,25,99.8,8.85,0.38,0.364,,,5,89.9,150,,,reliable,
Eton,11-581/C8/50 HEX SII,8,10,,,366,12.3,5.2,,,,61.6,,24,134,9.94,0.32,0.31,,,5,91.5,150,,,reliable,
ETON,11-612/C8/50RP,8,10,,,366,11.4,5.3,1.03,,,59.2,,23,152,7.87,0.3,0.29,0.81,1.13,5,91,120,,,reliable,
Eton,12-212/C8/62 HEX SYMPHONY II,8,12,,,515,15.7,6.2,,,,92.7,,24,176,7.2,0.32,0.31,,,8.5,90.7,200,,,reliable,
ETON,12-212/C8/62HEX,8,,,,515,15.7,6.2,1.57,,,92.7,,24,176,7.15,0.32,0.31,0.47,2.13,8.5,92,200,,,reliable,
Eton,12-680-62 HEX,8,12,,,515,15.6,6.1,,,,92.9,,26,150,3.52,0.38,0.343,,,6,91.6,200,,,reliable,
Eton,12-680/A8/62 HEX SYMPHONIE II,8,12,,,515,15.6,6.1,,,,80.5,,26,173,2.87,0.33,0.296,,,6,92.8,200,,,reliable,
ETON,7-218ARCOSIA,8,,,,137,8,6.5,0.87,,,16.3,,35,32.9,5.88,0.34,0.32,1.25,0.67,5.5,89,100,,,reliable,
ETON,7-612/C8/32RP,8,,,,137,8.6,6.5,0.31,,,17.3,,37,28,5.95,0.32,0.3,,0.73,4.5,89,80,,,reliable,
ETON,8-212/C8/37HEX,8,,,,222,9,5.5,0.78,,,30.7,,28,80,9.31,0.32,0.31,1.15,0.6,4,91,120,,,reliable,
ETON,8-612/C8/32RP,8,,,,222,9.3,6.6,0.99,,,26.3,,26,90,6.67,0.32,0.3,,0.62,4.5,90,80,,,reliable,
Eton,HEX 10-620,4,10,,,337,15.5,3,,,,180,,20,55,6,0.29,0.28,,,2,84,600,,,reliable,
Europsonic,HP20/150C,16,10,,,356,8.2,8,,,,29.6,,45,75,3,1,0.75,,,4.4,90.3,75,,,reliable,
Europsonic,HP25-180,8,10,,,302,6.3,5.3,,,,32.5,,34,86.3,4.47,0.94,0.777,,,3,89.3,90,,,reliable,
Europsonic,HP25/100,8,10,,,346,8.3,7.9,,,,25.5,,36.6,124.4,3.166,0.669,0.552,,,5.5,91.6,50,,,reliable,
Europsonic,HP25/100,16,10,,,346,11.7,8.4,,,,36.1,,37,86.1,2.379,0.517,0.425,,,4.1,91,50,,,reliable,
Europsonic,HP25/100 v2015,8,10,,,346,10,6.2,,,,36.1,,37,86.1,2.379,0.517,0.425,,,3.5,92.3,50,,,reliable,
Europsonic,HP30/70,8,12,,,491,9.1,7.3,,,,46.5,,30,204.7,2.322,0.777,0.582,,,4.3,90.9,35,,,reliable,
Europsonic,HPC25/60,8,10,,,346,5.3,6.6,,,,35.2,,33.7,106.4,4.148,1.722,1.217,,,2.9,86.6,30,,,reliable,
Europsonic,HPC38/100,8,15,,,855,10.7,6.2,,,,98.4,,24.9,425.4,3.09,0.84,0.66,,,4.3,92,50,,,reliable,
Europsonic,TS25-180D,8,10,,,302,8.1,7.6,,,,38.1,,34,73.5,3.98,0.95,0.767,,,4,87,90,,,reliable,
Europsonic,TS30/250D,8,15,,,840,8.1,7.8,,,,53.8,,34,402.5,4.7,1.38,1.067,,,5.4,92.7,125,,,unreliable,"coupling_failed: Mms free-air radiation-mass correction exceeds 50% of Mms (0.522), check Sd/Mms, stated Mms=53.8 g, computed Mmd=25.7227 g, radiation mass difference=52.19% (limit 50%)"
Europsonic,TS30/600PRO-8,8,12,,,510.7,15.2,6.71,,,,68,,60.8,36.9,16.19,0.75,0.717,,,4,93.2,300,,,reliable,
Europsonic,TS38/300,8,15,,,855,8.4,5.4,,,,47.4,,30,608.5,2.79,0.69,0.553,,,4.5,97.5,150,,,unreliable,"coupling_failed: Mms free-air radiation-mass correction exceeds 50% of Mms (0.608), check Sd/Mms, stated Mms=47.4 g, computed Mmd=18.5673 g, radiation mass difference=60.83% (limit 50%)"
Europsonic,TS38/300D,8,15,,,840,9.5,7.8,,,,83.5,,28,382.6,4.71,1.26,0.994,,,6,90.3,150,,,reliable,
Europsonic,TS38/800PRO,8,15,,,790,17.8,7.3,,,,262.1,,25,135.3,4.92,0.95,0.796,,,4,85.9,400,,,reliable,
Europsonic,TS45/1000PRO,8,15,,,720,13.2,7.3,,,,143.7,,25,205,4.92,0.95,0.796,,,6,87.7,500,,,reliable,
Factory Buyouts,BN83-01803A,16,,,,15.9,2.469,14.53,0.26,,,1.01,,172,0.2831684659,3.4,2.6,1.47,0.844,,,,10,,,reliable,
Factory Buyouts,EAB33496904,8,,,,28.27,1.93,7.85,0.44,,,1.82,,180,0.5663369318,4.09,4.36,2.11,0.43,,,,10,,,reliable,
Factory Buyouts,W3-2052SC,4,3,,,28.8,6.6,4.3,1,,,14.8,,59,0.5946537784,6.48,0.53,0.49,0.5,,5,,15,,,reliable,
Factory Buyouts,YDT0415-37BP,16,,,,38.48,2.387,15.76,1.272,,,1.71,,133,1.727327642,4.42,3.95,2.08,0.832,,,,10,,,reliable,
Faital Pro,10FE200,4.0,9.84,,,359.7,8.2,5.9,0.42,,,24.5,,55,61.7,11.3,0.74,0.69,0.34,0.7,4.67,96,150,,,reliable,
Faital Pro,10FE200,8.0,9.84,,,359.7,8.2,5.9,0.42,,,24.5,,55,61.7,11.3,0.74,0.69,,,4.67,96,150,,,reliable,
Faital Pro,10FE200 v2014,8,10,,,332,8.2,5.9,,,,24.2,,55,53.4,11.3,0.74,0.695,,,4.7,94.1,150,,,reliable,
Faital Pro,10FE300,8.0,10.0,,,358.0,11.3,5.8,0.6,,,35.9,,50.0,50.5,13.1,0.54,0.52,0.28,,5.52,96.0,250.0,,,reliable,
Faital Pro,10FE330,8.0,9.84,,,382.0,12.6,5.3,1.1,,,58.2,,35,72.4,6.7,0.43,0.4,,,8.32,92,250,,,reliable,
Faital Pro,10FE400,8.0,10.0,,,362.0,11.5,5.0,0.68,,,36.5,,60.0,35.3,5.2,0.52,0.47,,,5.42,96.0,200.0,,,reliable,
Faital Pro,10FH500,8.0,10.0,,,351.0,17.9,5.1,0.85,,,47.0,,60.0,25.8,3.3,0.28,0.26,,,7.5,96.0,500.0,,,reliable,
Faital Pro,10FH520,8.0,10.0,,,347.0,18.0,5.1,0.9,,,50.3,,60.0,23.5,11.1,0.3,0.29,,,7.25,97.0,600.0,,,reliable,
Faital Pro,10FH530,8.0,9.84,,,347.0,19.5,5.1,0.8,,,50.3,,60,23.5,12.4,0.25,0.25,,,7.5,97,500,,,reliable,
Faital Pro,10HP1020,8.0,9.84,,,345.0,24.5,5.5,0.85,,,72.5,,60,16.1,6.5,0.25,0.24,,,9.0,96,700,,,reliable,
Faital Pro,10HX230,8,10,,,321,14,5.3,,,,33.6,,65,25.8,5.8,0.37,0.348,,,4,96.6,250,,,reliable,
Faital Pro,10HX240,8.0,10,,,347,15.2,5.3,,,,31.8,,65,31.8,3.3,0.3,0.275,,,3.5,98.4,250,,,reliable,
Faital Pro,10PR300,8.0,10.0,,,348.0,14.1,5.4,0.6,,,28.2,,60.0,42.2,5.8,0.29,0.28,,,4.92,98.0,300.0,,,reliable,
Faital Pro,10PR310,8.0,10.0,,,348.0,14.4,5.4,0.64,,,36.9,,60.0,32.2,5.7,0.36,0.34,,,4.92,98.0,300.0,,,reliable,
Faital Pro,10PR320,8.0,10.0,,,347.0,13.5,5.3,0.57,,,35.0,,48.0,52.7,4.6,0.31,0.29,,,7.37,96.0,300.0,,,reliable,
Faital Pro,10PR330,8.0,10.0,,,348.0,14.3,5.3,0.64,,,36.5,,60.0,32.5,4.6,0.36,0.33,,,7.37,96.0,300.0,,,reliable,
Faital Pro,10PR410,8.0,10.0,,,345.0,18.5,5.4,0.6,,,36.5,,60.0,32.0,10.5,0.23,0.23,0.19,1.3,4.5,99.0,300.0,,,reliable,
Faital Pro,10RS350,4.0,9.84,,,344,14,5.3,0.95,,,59,,40,44.3,5.2,0.4,0.37,0.27,2.9,7.37,91,300,,,reliable,
Faital Pro,10RS350,8.0,9.84,,,344.0,14.0,5.3,0.95,,,59.0,,40,44.3,5.2,0.4,0.37,0.27,2.9,7.37,91,300,,,reliable,
Faital Pro,10RS430,8.0,9.84,,,344.0,18.0,6.8,0.78,,,69.0,,32,59.2,10.0,0.29,0.28,0.36,1.4,13.57,91,400,,,reliable,
Faital Pro,10RS430,8,10,,,330.1,18.3,6.64,,,,68.4,,36.3,43,5.46,0.31,0.293,,,7,91,400,,,reliable,
Faital Pro,10RS430 v2025,8,10,,,344,18.1,6.8,,,,69.3,,32,59.2,10,0.29,0.282,,,9.2,90.9,400,,,reliable,
Faital Pro,10RS430 v2026,8,10,,,344,17.2,6.8,,,,66.7,,32,61.5,10,0.31,0.301,,,9.7,90.8,400,,,reliable,
Faital Pro,12FE300,4.0,12.0,,,543,10.9,3.1,0.55,,,58.0,,47,81.4,13.2,0.45,0.44,,,5.47,95,250,,,reliable,
Faital Pro,12FE300,8.0,12.0,,,543.0,12.5,5.1,0.8,,,56.4,,47.0,83.7,15.5,0.53,0.51,0.2,,5.07,97.0,250.0,,,reliable,
Faital Pro,12FE330,8.0,12.0,,,579.0,13.0,5.3,1.1,,,74.2,,33.0,146.7,7.0,0.48,0.45,,,8.32,94.0,250.0,,,reliable,
Faital Pro,12FE400,4.0,12.0,,,549,10.2,3.3,0.44,,,51.0,,55,69.1,6.6,0.56,0.52,,,5.42,95,200,,,reliable,
Faital Pro,12FE400,8.0,12.0,,,549.0,11.5,5.0,0.75,,,47.9,,55.0,73.6,6.6,0.63,0.57,,,5.42,97.0,200.0,,,reliable,
Faital Pro,12FH500,4.0,12.0,,,529,15.5,3.3,0.63,,,60.9,,45,80.3,9.09,0.23,0.22,,,7.25,97,500,,,reliable,
Faital Pro,12FH500,8.0,12.0,,,529.0,17.5,5.1,0.83,,,56.0,,45.0,87.3,6.9,0.26,0.25,,,7.5,97.0,500.0,,,reliable,
Faital Pro,12FH500,16.0,12.0,,,529,23.8,12.8,1.2,,,55.5,,48,77.4,11,0.38,0.37,,,7.25,96,500,,,reliable,
Faital Pro,12FH510,4.0,12.0,,,533,16.3,3.3,0.8,,,66.0,,45,75.2,7.9,0.26,0.25,0.21,1.6,7.50,97,500,,,reliable,
Faital Pro,12FH510,8.0,12.0,,,533,18.9,5.1,0.9,,,61.0,,45,81.3,10.9,0.25,0.24,0.21,1.6,7.50,98,500,,,reliable,
Faital Pro,12FH520,4.0,12.0,,,540,15.3,3.3,0.71,,,63.0,,50,65.5,6.32,0.28,0.27,,,7.00,97,600,,,reliable,
Faital Pro,12FH520,8.0,12.0,,,540.0,17.3,5.1,0.74,,,56.0,,50.0,73.7,11.1,0.3,0.29,,,7.25,98.0,600.0,,,reliable,
Faital Pro,12FH520,16.0,12.0,,,540,23.5,12.8,1.6,,,60.5,,55,56.4,17,0.48,0.47,,,7.00,97,600,,,reliable,
Faital Pro,12FH530,8.0,12.0,,,533,18.9,5.1,0.8,,,67.0,,45,74.1,6.4,0.27,0.26,,,7.50,98,500,,,reliable,
Faital Pro,12FH530,16.0,12.0,,,533,24.1,12.8,1.5,,,65.6,,45,75.6,9.1,0.41,0.39,,,7.50,97,500,,,reliable,
Faital Pro,12FX600,8.0,12.0,,,538,25.3,5.3,1.34,,,100,,48,44.4,6.88,0.25,0.24,0.11,4.4,9.90,97,700,,,reliable,
Faital Pro,12HP1010,8.0,12.0,,,531,19.8,5.5,1.33,,,87.2,,45,56.5,9.4,0.35,0.34,,,9.25,96,700,,,reliable,
Faital Pro,12HP1020,8.0,12.0,,,533,24.3,5.5,1.1,,,86.0,,55,38.6,9.4,0.28,0.27,,,9.00,97,700,,,reliable,
Faital Pro,12HP1030,4.0,12.0,,,518,20.5,2.9,0.96,,,141.0,,45,33.2,9.4,0.28,0.27,,,12.45,94,1000,,,reliable,
Faital Pro,12HP1030,8.0,12.0,,,518,24.3,5,1.35,,,130.5,,45,35.9,13.8,0.31,0.30,,,12.45,95,1000,,,reliable,
Faital Pro,12HP1060,4.0,12.0,,,518,20.7,2.9,1.13,,,138.7,,45,33.8,12.1,0.26,0.25,,,12.45,95,1000,,,reliable,
Faital Pro,12HP1060,8.0,12.0,,,518,24.8,5,1.38,,,126.9,,45,36.9,12.1,0.29,0.28,,,12.45,95,1000,,,reliable,
Faital Pro,12HX230,8.0,12,,,489,14.1,5.3,,,,49.6,,55,56.6,7.4,0.46,0.433,,,4.7,96.9,250,,,reliable,
Faital Pro,12HX240,8.0,12,,,539,16,5.3,0.45,,,53.6,,56,61.1,11.30,0.38,0.37,,,7.4,105.7,250,,,reliable,
Faital Pro,12HX500,8.0,12,,,540,16.1,5.6,,,,57,,54,62.3,6.94,0.42,0.396,,,5.5,97.2,400,,,reliable,
Faital Pro,12PR300,4.0,12.0,,,533,11.8,3.3,0.46,,,54.4,,50,73.9,19.4,0.42,0.41,,,4.92,97,300,,,reliable,
Faital Pro,12PR300,8.0,12.0,,,533.0,14.1,5.4,0.42,,,43.4,,50.0,92.6,9.9,0.37,0.36,,,4.92,99.0,300.0,,,reliable,
Faital Pro,12PR300,16.0,12.0,,,533,17.5,12.1,0.98,,,44.8,,50,89.7,4.8,0.55,0.49,,,4.92,97,300,,,reliable,
Faital Pro,12PR300 v2015,8,12,,,489,14,5.4,,,,42.9,,50,79.2,9.9,0.37,0.357,,,4.9,98,300,,,reliable,
Faital Pro,12PR310,4.0,12.0,,,533,11.2,3.3,0.44,,,52,,50,77.3,13.6,0.43,0.42,,,4.92,98,300,,,reliable,
Faital Pro,12PR310,8.0,12.0,,,533.0,14.4,5.4,0.61,,,46.9,,54.0,73.5,11.6,0.41,0.4,,,4.92,99.0,300.0,,,reliable,
Faital Pro,12PR310,16.0,12.0,,,533,17.3,12.1,0.98,,,51,,55,65.1,12.2,0.7,0.67,,,4.92,98,300,,,reliable,
Faital Pro,12PR320,8.0,12.0,,,539.0,13.5,5.3,0.67,,,51.4,,42.0,113.3,7.8,0.39,0.37,0.28,1.7,7.37,97.0,300.0,,,reliable,
Faital Pro,12PR320,16.0,12.0,,,539,17.3,11.3,0.96,,,52.5,,45,96.7,7.6,0.56,0.52,,,7.27,96,300,,,reliable,
Faital Pro,12PR320-08 v2022,8,12,,,539,13.6,5.3,,,,51.8,,42,113,7.8,0.39,0.371,,,7.1,97.1,300,,,reliable,
Faital Pro,12PR330,8.0,12.0,,,533.0,14.2,5.3,0.76,,,50.8,,50.0,79.1,10.9,0.42,0.4,,,7.37,98.0,300.0,,,reliable,
Faital Pro,12PR330,16.0,12.0,,,533,18.5,11.3,1.34,,,48.7,,52,76.3,5.8,0.53,0.49,,,7.27,97,300,,,reliable,
Faital Pro,12RS1066,8.0,12.0,,,496,24.8,5,1.35,,,156.5,,42,31.5,13.9,0.34,0.33,0.09,3,12.45,93,1000,,,reliable,
Faital Pro,12RS1066,16.0,12.0,,,496,33.5,12,2.5,,,151.5,,45,28.4,11.2,0.46,0.44,0.08,,12.45,92,1000,,,reliable,
Faital Pro,12RS430,8.0,12.0,,,552,18,6.8,0.78,,,91.3,,30,131.2,10.0,0.36,0.35,,,13.57,93,400,,,reliable,
Faital Pro,12RS550,8.0,12.0,,,528.0,20.5,5.1,1.5,,,123.0,,42.0,45.4,6.9,0.39,0.37,,,9.25,93.0,500.0,,,reliable,
Faital Pro,12XL1200,8.0,12.0,,,518,23.6,5,1.3,,,152,,50,25.0,14.8,0.43,0.42,,,12.45,93,1400,,,reliable,
Faital Pro,15FH500,4.0,15.0,,,847,16.2,3.3,1.02,,,111.2,,33,209.5,8.5,0.29,0.28,0.21,2.7,9.45,97,500,,,reliable,
Faital Pro,15FH500,8.0,15.0,,,847.0,19.2,5.1,1.3,,,104.0,,35.0,199.2,10.4,0.32,0.31,0.2,2.2,9.25,98.0,500.0,,,reliable,
Faital Pro,15FH500,8,15,,,800,18.7,4.92,,,,97.5,,40,146.1,7.685,0.343,0.328,,,6.7,98.4,500,,,reliable,
Faital Pro,15FH500,8,15,,,800,18.7,5.03,,,,96.9,,40,146.9,7.764,0.35,0.335,,,6.7,98.3,500,,,reliable,
Faital Pro,15FH500,8,15,,,800,18.8,5.11,,,,96.5,,40.8,141.8,7.49,0.359,0.343,,,6.7,98.2,500,,,reliable,
Faital Pro,15FH500,16.0,15.0,,,847,23.8,12.7,2,,,95.4,,35,217.1,13.2,0.47,0.45,0.22,,9.25,97,500,,,reliable,
Faital Pro,15FH500A,8,15,,,859,17.2,5.6,,,,98.4,,35,217.4,10.1,0.41,0.394,,,9,97.1,500,,,reliable,
Faital Pro,15FH510,8.0,15.0,,,847,21,5.1,1.4,,,108.0,,35,191.8,10.7,0.27,0.26,0.19,2.2,9.25,98,500,,,reliable,
Faital Pro,15FH520,4.0,15.0,,393,847,14.3,2.7,0.68,,,114.7,86.8,38,153.2,9,0.35,0.34,0.15,3,9.15,97,600,,40,reliable,
Faital Pro,15FH520,8.0,15.0,,,847.0,18.4,5.6,0.89,,,105.0,,36.0,186.5,10.1,0.41,0.39,0.19,2.4,8.75,98.0,600.0,,,reliable,
Faital Pro,15FH520,16.0,15.0,,,847,23.5,12.7,1.7,,,107.2,,42,134.2,13.5,0.65,0.62,,,9.00,97,600,,,reliable,
Faital Pro,15FH520 v2018,8,15,,,813,18.4,5.6,,,,103.8,,38,156.6,10.1,0.41,0.394,,,8.5,96.7,600,,,reliable,
Faital Pro,15FH520 v2025,8,15,,,847,18,5.6,,,,105.4,,36,186.5,10.1,0.41,0.394,,,8.8,96.8,600,,,reliable,
Faital Pro,15FH520-4 v2021,4,15,,,813,14.3,2.7,,,,111.2,,38,146.2,9,0.35,0.337,,,7.4,100.3,600,,,reliable,
Faital Pro,15FH530,8.0,15.0,,,864,20.7,5.1,1.1,,,123.5,,39,140.6,8.9,0.36,0.35,0.13,3.4,9.25,97,500,,,reliable,
Faital Pro,15FX560,8.0,15.0,,,864,21.5,5.2,0.64,,,115.0,,38,159.0,6.8,0.31,0.30,,,9.42,99,700,,,reliable,
Faital Pro,15FX560 v2015,8,15,,,813,21.3,5.2,,,,113.7,,38,143,6.8,0.31,0.296,,,7.5,97.9,700,,,reliable,
Faital Pro,15FX600,8.0,15.0,,,864,23.2,5,1.26,,,142.5,,38,128.3,6.9,0.28,0.27,,,11.25,98,700,,,reliable,
Faital Pro,15HP1010,8.0,15.0,,,822,22,5.3,1.8,,,138.9,,40,107.5,10.0,0.38,0.37,0.11,,9.75,96,700,,,reliable,
Faital Pro,15HP1020,8.0,15.0,,,822,24.2,5.5,1.2,,,118.0,,40,126.6,10.2,0.28,0.27,,,9.00,98,700,,,reliable,
Faital Pro,15HP1030,4.0,15.0,,,842,20.5,3.97,1,,,177.5,,40,88.3,13.4,0.31,0.30,,,12.45,96,1000,,,unreliable,"qes_inconsistent: stated=0.31 , computed=0.421426 , difference=35.94% (limit 20%)"
Faital Pro,15HP1030,8.0,15.0,,,842,24.3,5,1.4,,,165.0,,40,95.0,11.8,0.35,0.34,,,12.45,96,1000,,,reliable,
Faital Pro,15HP1060,4.0,15.0,,,842,20.7,2.9,1.25,,,205.4,,40,76.3,10.3,0.35,0.34,,,12.45,97,1000,,,reliable,
Faital Pro,15HP1060,8.0,15.0,,,842,24.8,5,1.32,,,156.3,,40,100.3,11.4,0.32,0.31,,,12.45,97,1000,,,reliable,
Faital Pro,15HX500,8.0,15,,,864,21.9,5,,,,110.4,,40,150.1,5.5,0.29,0.275,,,5.1,99.2,400,,,reliable,
Faital Pro,15PR300,8.0,15.0,,,870.0,15.6,5.4,0.89,,,99.2,,35.0,220.1,14.0,0.5,0.48,,,5.23,97.0,300.0,,,reliable,
Faital Pro,15PR400,4.0,15.0,,,857,13.6,3.3,0.6,,,85.2,,35,248.9,6.0,0.33,0.31,0.24,3.1,5.75,99,400,,,reliable,
Faital Pro,15PR400,8.0,15.0,,,857.0,16.7,5.1,0.72,,,85.2,,35.0,248.9,6.0,0.34,0.32,0.24,3.1,5.75,99.0,400.0,,,reliable,
Faital Pro,15PR400,8,15,,,804,15.9,5.3,,,,81.1,,32.8,263.2,6.6,0.35,0.332,,,5.8,98,400,,,reliable,
Faital Pro,15PR400 v2014,8,15,,,805.5,16.7,5.1,,,,84.2,,32,267.2,6.02,0.31,0.295,,,5.8,98.4,400,,,reliable,
Faital Pro,15PR400 v2021,8,15,,,857,16.8,5.1,,,,85.5,,35,248.9,6,0.34,0.322,,,5.8,98.9,400,,,reliable,
Faital Pro,15PR450,8.0,15.0,,,857.0,16.6,5.1,0.65,,,90.0,,35.0,235.6,6.9,0.37,0.35,,,6.0,98.0,400.0,,,reliable,
Faital Pro,15XL1200,8.0,15.0,,,841,23.6,5,1.34,,,180.0,,40,86.9,10.9,0.41,0.40,,,12.45,95,1400,,,reliable,
Faital Pro,15XL1400,4.0,15.0,,,841,21.7,3,1.25,,,205.4,,38,84.3,10.3,0.31,0.30,,,12.92,96,1400,,,reliable,
Faital Pro,15XL1400,8.0,15.0,,,841,26.7,5.4,1.6,,,190.0,,38,91.2,10.4,0.34,0.33,,,12.92,96,1400,,,reliable,
Faital Pro,15XL2400,8.0,15.0,,,848,36.0,6.3,1.4,,,218.0,,32,113.9,15.4,0.21,0.21,,,17.67,96,2200,,,reliable,
Faital Pro,18FH1042,8,18,,,1124,25.1,5.5,,,,207.1,,38,150,10.3,0.43,0.413,,,5.6,96.4,500,,,reliable,
Faital Pro,18FH500,8.0,18.11,,,1207.0,19.0,5.1,1.35,,,137.0,,30,417.9,12.5,0.36,0.35,,,9.25,99,600,,,reliable,
Faital Pro,18FH500 v2016,8,18,,,1134,19,5.1,,,,135.4,,30,374.8,12.5,0.36,0.35,,,9.2,98.4,500,,,reliable,
Faital Pro,18FH510,8.0,18.11,,,1207.0,21.0,5.1,1.06,,,139.0,,30,411.9,13.6,0.3,0.29,,,9.25,98,600,,,reliable,
Faital Pro,18FX600,8.0,18.11,,,1213.0,24.5,5.0,1.35,,,175.0,,32,257.3,9.8,0.31,0.3,,,11.25,99,700,,,reliable,
Faital Pro,18FX800,8.0,18.11,,,1213.0,24.0,6.2,1.5,,,182.3,,34,247.0,6.8,0.43,0.4,,,13.8,96,1000,,,reliable,
Faital Pro,18HP1010,4.0,18.11,,,1207.0,18.4,2.7,1.26,,,186.2,,35,225.9684358,7.8,0.32,0.31,0.11,,9.75,98,1000,,,reliable,
Faital Pro,18HP1010,8.0,18.11,,,1207.0,22.0,5.3,1.8,,,175.2,,35,240.1,7.8,0.42,0.4,0.12,,9.75,98,1000,,,reliable,
Faital Pro,18HP1022,8.0,18.11,,,1212.0,28.0,5.4,1.75,,,207.0,,35,204.9,14.4,0.31,0.3,0.1,,9.5,98,1000,,,reliable,
Faital Pro,18HP1030,4.0,18.11,,,1212,24.3,5,1.48,,,228.6,,35,172.2,11.6,0.43,0.41,0.09,4.3,12.45,98,1200,,,reliable,
Faital Pro,18HP1030,8.0,18.11,,,1212.0,24.3,5.0,1.48,,,228.6,,35,185.5,11.6,0.43,0.41,,,12.45,98,1200,,,reliable,
Faital Pro,18HP1030 v2018,8,18,,,1124,24,5,,,,225.9,,35,162.1,11.6,0.43,0.415,,,9.5,96.1,1200,,,reliable,
Faital Pro,18HP1030-8,8,18,,,1124,22.2,5.07,,,,206.9,,46.3,101,11.11,0.62,0.587,,,7.3,96.1,1200,,,reliable,
Faital Pro,18HP1042,8.0,18.11,,,1212.0,24.5,5.5,1.26,,,187.5,,38,191.9,10.3,0.43,0.41,,,9.0,98,1000,,,reliable,
Faital Pro,18HP1060,8.0,18.11,,,1212.0,24.8,5.0,1.26,,,211.8,,35,200.3,11.1,0.38,0.37,,,12.45,98,1200,,,reliable,
Faital Pro,18HW1070,4.0,18.11,,,1212.0,21.6,3,1.26,,,265,,32,191.421883,10.6,0.34,0.33,0.09,,13.0,96,1600,,,reliable,
Faital Pro,18HW1070,8.0,18.11,,,1212.0,27.0,5.4,1.68,,,259.0,,32,195.9,10.0,0.39,0.38,0.1,,13.0,97,1600,,,reliable,
Faital Pro,18XL1600,4.0,18.11,,,1212,26.7,5.4,1.45,,,240,,32,211.4,9.3,0.37,0.36,0.1,5.2,12.92,98,1600,,,reliable,
Faital Pro,18XL1600,8.0,18.11,,,1212.0,26.7,5.4,1.45,,,240.0,,32,211.4,9.3,0.37,0.36,,5.2,12.92,98,1600,,,reliable,
Faital Pro,18XL1700,8.0,18.11,,,1187.0,30.5,5.4,2.36,,,280.0,,28,227.0,10.0,0.29,0.28,,,16.17,97,1600,,,reliable,
Faital Pro,18XL1800,8.0,18.11,,,1187.0,25.4,5.35,2.04,,,275.0,,29,215.5,9.9,0.42,0.4,,,20.17,95,1600,,,reliable,
Faital Pro,18XL2000,8.0,18.11,,,1213.0,30.8,5.3,1.45,,,286.0,,28,232.1,10.1,0.28,0.27,0.11,5,16.32,97,2000,,,reliable,
Faital Pro,21XL3000,8.0,21.06,,,1744.0,43.0,5.9,1.25,,,420.0,,30,284.6,8.8,0.25,0.25,0.07,9,17.67,98,3000,,,reliable,
Faital Pro,2FE22,8.0,2.6,,,20.1,5.2,6.5,0.15,,,2.0,,125,0.5,3.1,0.43,0.38,,,2.9,89,25,,,reliable,
Faital Pro,2FE24,8.0,2.6,,,20.1,3.5,6.5,0.11,,,1.9,,170,0.3,4.1,1.22,0.94,,,1.75,85,20,,,reliable,
Faital Pro,3FE22,4.0,4.0,,,33,3.7,3.3,0.10,,,2.4,,110,1.3,3.6,0.40,0.36,0.87,0.5,1.73,91,20,,,reliable,
Faital Pro,3FE22,8.0,3.0,,,33.0,4.5,6.2,0.15,,,2.5,,110.0,1.3,5.0,0.52,0.47,0.84,0.3,1.83,91.0,20.0,,,reliable,
Faital Pro,3FE22,16.0,4.0,,,33,5.5,12.3,0.1,,,2.3,,110,1.4,4.6,0.64,0.56,0.92,,1.83,91,20,,,reliable,
Faital Pro,3FE25,4.0,4.0,,,33,3,3.3,0.04,,,2.4,,110,1.3,3.9,0.60,0.52,0.89,,1.73,91,20,,,reliable,
Faital Pro,3FE25,8.0,4.0,,,33,3.6,6.2,0.07,,,2.4,,110,1.3,4.1,0.79,0.66,0.87,0.4,1.83,91,20,,,reliable,
Faital Pro,3FE25,16.0,4.0,,,33,4.5,12.3,0.1,,,2.4,,110,1.3,4.9,1.0,0.83,0.87,0.4,1.83,90,20,,,reliable,
Faital Pro,3FE26,8.0,4.0,,,33,3.3,6.2,0.12,,,1.9,,150,0.9,2.8,1.10,0.79,0.59,0.6,2.00,90,20,,,reliable,
Faital Pro,3FE26,16.0,4.0,,,33,3.9,12.3,0.18,,,1.9,,150,0.9,3.49,1.56,1.08,,,2.00,90,20,,,reliable,
Faital Pro,4FE32,4.0,4.0,,,51.9,3.7,3.3,0.11,,,3.8,,100,2.5,3.5,0.62,0.53,0.6,0.5,1.73,91,30,,,reliable,
Faital Pro,4FE32,8.0,4.0,,,51.9,4.8,6.5,0.18,,,4.2,,100.0,2.3,4.9,0.7,0.61,0.6,,2.73,91.0,30.0,,,reliable,
Faital Pro,4FE32,16.0,4.0,,,51.9,5.5,12.3,0.25,,,4,,100,2.4,3.8,1.02,0.81,0.63,,1.83,91,30,,,reliable,
Faital Pro,4FE35,4.0,4.0,,,51.9,3,3.3,0.04,,,3.9,,100,2.4,3.9,0.90,0.73,0.65,0.65,1.73,91,30,,,reliable,
Faital Pro,4FE35,8.0,4.0,,,51.9,3.9,6.5,0.1,,,3.9,,100,2.4,4.2,1.04,0.83,0.65,,2.73,91,30,,,reliable,
Faital Pro,4FE35,16.0,4.0,,,51.9,4.3,12.3,0.1,,,4.2,,100,2.3,3.8,1.67,1.16,0.64,,1.83,91,30,,,reliable,
Faital Pro,4FE42,4.0,4.0,,,50.9,5.4,3.5,0.05,,,4.3,,110,1.8,6.6,0.4,0.38,0.49,0.5,2.83,93,40,,,reliable,
Faital Pro,4FE42,8.0,4.0,,,50.9,6,5.4,0.07,,,4.0,,110,1.9,8.0,0.50,0.47,0.52,,2.83,94,40,,,reliable,
Faital Pro,4FE44,8.0,4.0,,,51.5,7.2,4.7,0.16,,,3.9,,150.0,1.1,5.23,0.35,0.33,,,1.67,97.0,40.0,,,reliable,
Faital Pro,5FE100,4.0,5.0,,,84,6,3.1,0.45,,,9.8,,65,6.1,8.6,0.35,0.33,,,5.20,87,80,,,reliable,
Faital Pro,5FE100,8.0,5.0,,,84.0,6.9,5.4,0.53,,,10.5,,65.0,5.7,8.2,0.48,0.45,0.57,,5.25,88.0,80.0,,,reliable,
Faital Pro,5FE105,8.0,5.0,,,84,6.9,5.4,0.53,,,10.5,,65,5.7,8.2,0.48,0.45,,,5.25,88,80,,,reliable,
Faital Pro,5FE120,4.0,5.0,,,79.8,5.9,3.1,0.33,,,10.9,,65,5.0,8.2,0.4,0.38,0.55,0.55,5.2,88,80,,,reliable,
Faital Pro,5FE120,8.0,5.0,,,84.0,6.9,5.4,0.41,,,11.0,,65.0,5.4,7.4,0.51,0.48,0.55,,5.25,88.0,80.0,,,reliable,
Faital Pro,5FE120,16.0,5.0,,,84.3,9,11.8,0.76,,,9.0,,65,6.6,8.6,0.54,0.51,,,5.25,89,80,,,reliable,
Faital Pro,5FE125,8.0,5.0,,,84,6.9,5.4,0.41,,,11.0,,65,5.4,7.4,0.51,0.48,0.55,,5.25,88,80,,,reliable,
Faital Pro,5PR120,8.0,5.0,,,102.2,10,5,0.17,,,8.5,,100,4.2,8.0,0.28,0.27,,,3.10,100,100,,,reliable,
Faital Pro,5PR160,8.0,5.0,,,85.2,9.6,6.1,0.3,,,8.5,,90.0,3.7,4.4,0.33,0.31,,,5.1,92.0,120.0,,,reliable,
Faital Pro,6FE100,8.0,6.0,,,149.0,6.8,5.4,0.5,,,14.0,,61.0,15.1,6.0,0.6,0.55,0.48,0.9,5.25,91.0,100.0,,,reliable,
Faital Pro,6FE125,8.0,6.0,,,149,6.8,5.4,0.5,,,14.0,,61,15.1,6.0,0.60,0.55,,,5.25,91,100,,,reliable,
Faital Pro,6FE200,4.0,6.0,,,131,7,3,0.20,,,9.7,,120,4.3,6.2,0.45,0.42,0.18,1.2,4.62,95,130,,,reliable,
Faital Pro,6FE200,8.0,6.0,,,131.0,8.2,5.9,0.4,,,11.5,,120.0,3.6,6.2,0.75,0.67,0.15,1.4,4.67,95.0,130.0,,,reliable,
Faital Pro,6FE200,16.0,6.0,,,131,11.4,12,0.65,,,9.9,,120,4.2,10.8,0.7,0.66,,,4.17,95,130,,,reliable,
Faital Pro,6FE300,4.0,6.0,,,138,8.33,3,0.26,,,16.0,,98,4.4,9.8,0.43,0.41,,,3.90,92,175,,,reliable,
Faital Pro,6FE300,8.0,6.0,,,138,10,5.3,0.4,,,14.2,,100,4.7,10.5,0.48,0.46,0.18,,3.90,94,175,,,reliable,
Faital Pro,6FE400,4.0,6.0,,,141,8.8,3.4,0.42,,,14.2,,100,4.9,3.8,0.39,0.36,,,4.87,93,200,,,reliable,
Faital Pro,6FE400,8.0,6.0,,,141.0,10.5,5.0,0.42,,,14.0,,100.0,5.0,3.7,0.4,0.36,,,4.77,94.0,200.0,,,reliable,
Faital Pro,6FE400,16.0,6.0,,,141,13,12.0,0.42,,,12.9,,100,5.5,3.7,0.57,0.50,,,4.77,94,200,,,reliable,
Faital Pro,6PR110,8.0,6.0,,,137.0,8.5,6.0,0.22,,,12.0,,100.0,5.6,4.2,0.6,0.53,,,2.75,96.0,150.0,,,reliable,
Faital Pro,6PR122,8.0,6.0,,,137.3,10.5,6.0,0.15,,,11.7,,110.0,4.7,3.3,0.44,0.39,,,2.75,97.0,120.0,,,reliable,
Faital Pro,6PR130,8.0,6.0,,,147.95,11.4,5.2,0.17,,,12.0,,175,4.2,3.1,0.57,0.48,,,4.60,101,200,,,unreliable,"fs_inconsistent: stated=175 Hz, computed=124.838 Hz, difference=28.66% (limit 20%)"
Faital Pro,6PR150,8.0,6.0,,,137.0,11.6,5.5,0.28,,,13.5,,100.0,4.9,8.8,0.35,0.34,,,2.65,102.6,150.0,,,reliable,
Faital Pro,6PR160,8.0,6.0,,,130,11,5.9,0.28,,,12.5,,90,5.9,6.6,0.35,0.33,,,5.00,95,120,,,reliable,
Faital Pro,6RS140,8.0,6.0,,,133.0,11.0,5.3,0.28,,,16.0,,65.0,9.3,5.8,0.28,0.27,0.37,1.1,5.6,93.0,200.0,,,reliable,
Faital Pro,6RS140,16.0,6.0,,,133,14.2,12.6,0.34,,,15.0,,65,9.9,6.0,0.38,0.36,,,5.50,92,200,,,reliable,
Faital Pro,8FE200,4.0,8.0,,,209,7,3,0.25,,,15.3,,80,15.8,8.7,0.47,0.45,0.26,0.9,4.62,95,130,,,reliable,
Faital Pro,8FE200,8.0,8.0,,,209.0,8.2,5.9,0.44,,,15.0,,80.0,16.1,13.0,0.66,0.63,0.26,0.6,4.67,95.0,130.0,,,reliable,
Faital Pro,8FE300,8.0,8.0,,,223.0,11.3,5.8,0.55,,,22.9,,70.0,15.7,13.4,0.46,0.44,0.23,,5.52,95.0,250.0,,,reliable,
Faital Pro,8FE400,8.0,8.0,,,233.0,10.5,5.0,0.44,,,20.5,,100.0,9.4,5.3,0.58,0.53,0.12,,4.77,96.0,200.0,,,reliable,
Faital Pro,8PR150,8.0,7.87,,,233.9,10.4,5.8,0.2,,,21.2,,75,16.2,4.4,0.54,0.48,,,5.0,94,250,,,reliable,
Faital Pro,8PR155,8.0,7.87,,,217.0,13.4,5.3,0.41,,,24.5,,85,9.4,8.8,0.39,0.37,,,3.57,97,200,,,reliable,
Faital Pro,8PR200,8.0,7.87,,,209.0,11.5,5.1,0.55,,,27.2,,58,16.9,9.4,0.38,0.37,,,8.15,95,200,,,reliable,
Faital Pro,8PR210,8.0,8.0,,,216.0,13.5,5.7,0.46,,,25.3,,65.0,15.4,3.1,0.32,0.29,,,6.92,95.0,200.0,,,reliable,
Faital Pro,8PR320,8.0,7.87,,,223.0,12.9,5.4,0.52,,,31.7,,65,13.1,8.2,0.43,0.41,,,7.33,95,300,,,reliable,
Faital Pro,8RS250,8.0,7.87,,,223.0,13.5,5.7,0.35,,,30.6,,56,18.3,5.7,0.34,0.32,,,6.92,93,200,,,reliable,
Faital Pro,8RS340,8.0,7.87,,,227.8,13.0,5.3,0.64,,,40.8,,42,25.5,6.6,0.36,0.34,,,7.33,91,300,,,reliable,
Faital Pro,8RS350,8.0,7.87,,,226.0,13.9,5.3,0.6,,,43.3,,42,23.7,6.9,0.31,0.3,,,7.37,90,300,,,reliable,
Faital Pro,M5N8-80,8.0,5.0,,,102.0,9.6,5.5,0.22,,,6.8,,180.0,1.7,1.9,0.45,0.36,,,2.75,99.0,80.0,,,reliable,
Faital Pro,M6N8-150,8.0,6.0,,,114.0,10.8,5.3,0.25,,,12.0,,100.0,3.89,5.8,0.34,0.32,,,3.9,94.0,150.0,,,reliable,
Faital Pro,W10N8-200,8.0,10.0,,,319.0,13.8,5.4,0.56,,,34.4,,60.0,29.5,6.21,0.37,0.35,,,4.92,97.0,200.0,,,reliable,
Faital Pro,W10N8-350,8.0,10.0,,,319.0,15.5,5.1,0.71,,,32.2,,60.0,31.5,6.18,0.26,0.25,,,5.75,98.0,350.0,,,reliable,
Faital Pro,W12N8-200,8.0,12.0,,,490.4,13.7,5.4,0.56,,,44.7,,50.0,77.3,7.2,0.4,0.38,,,4.92,99.0,200.0,,,reliable,
Faital Pro,W12N8-350,8.0,12.0,,,486.5,16.1,5.1,0.78,,,52.3,,50.0,65.0,6.91,0.32,0.3,,,5.75,98.0,350.0,,,reliable,
Faital Pro,W18N8-1000,8,18,,,1136,27.4,5.4,,,,176.6,,35,211.8,10.6,0.28,0.273,,,7.8,98.8,1000,,,reliable,
Faital Pro,W6N8-120,8.0,6.0,,,113.0,10.3,5.9,0.35,,,11.7,,100.0,3.9,6.8,0.41,0.38,,,5.0,95.0,120.0,,,reliable,
Faital Pro,W8N8-150,8.0,8.0,,,222.0,9.9,5.8,0.55,,,20.9,,76.0,14.4,4.7,0.59,0.52,0.21,,5.52,94.0,150.0,,,reliable,
Faital Pro,W8N8-150,16.0,8.0,,,222.0,12.3,11.8,0.9,,,23.8,,76,12.74258097,19.5,0.88,0.84,0.18,,5.52,,150.0,,,reliable,
Faital Pro,W8N8-200,8.0,8.0,,,177.0,8.9,5.1,0.6,,,23.0,,74.0,9.0,5.3,0.69,0.61,,,8.48,92.0,200.0,,,reliable,
Falcon Acoustics,B139 SP1044 REMPLACEMENT,8,10,,,354,12.8,7.2,,,,56.1,,25,127,6,0.39,0.366,,,6,89.5,150,,,reliable,
Fane,10-125,8,10,,,363,9.9,6.6,,,,30.6,,55,50.6,6.29,0.71,0.638,,,4.7,93.6,125,,,reliable,
Fane,10-275,8,10,,,366,17.9,5.7,,,,60.3,,55,26.1,8.1,0.372,0.356,,,4.1,94.1,275,,,reliable,
Fane,12 W,8,12,,,551,8.7,6,,,,23.5,,53.6,160,11.6,0.63,0.598,,,5,99.2,100,,,unreliable,"coupling_failed: Mms free-air radiation-mass correction exceeds 50% of Mms (0.635), check Sd/Mms, stated Mms=23.5 g, computed Mmd=8.58361 g, radiation mass difference=63.47% (limit 50%)"
Fane,12-100TC,8,12,,,490,11,6.3,,,,48.5,,56,56.1,6.62,0.883,0.779,,,2.5,93.5,100,,,reliable,
Fane,12-250TC SOVEREIGN,8,12,,,530.9,12.7,7.2,,,,51.3,,50,78.1,7.6,0.72,0.658,,,3.5,93.8,250,,,reliable,
Fane,12-300,8,12,,,532,16.9,5.75,,,,64.8,,50,62,7.75,0.411,0.39,,,4.5,96.2,300,,,reliable,
Fane,12-500LF,8,12,,,576.1,15.8,5.9,,,,71.4,,50,66,7.5,0.53,0.495,,,5.5,95.2,500,,,reliable,
Fane,15-400,8,15,,,855.3,18.5,5.2,,,,90.4,,37,210,6.5,0.32,0.305,,,5,99.1,400,,,reliable,
Fane,15-400LF,8,15,,,856.3,14.1,6.2,,,,81.5,,39,210,8.3,0.62,0.577,,,5,96.1,400,,,reliable,
Fane,15-400LF v2016,8,15,,,855,13.3,5.8,,,,73.5,,41,210,7.6,0.62,0.573,,,5,97.1,400,,,reliable,
Fane,15-500,8,15,,,855,17.7,5.2,,,,96.3,,35,220,7.7,0.35,0.335,,,3.5,98.2,500,,,reliable,
Fane,18-500,8,18,,,1178.4,15.5,5.3,,,,130.9,,33,346,9.2,0.6,0.563,,,6.3,96.9,500,,,reliable,
Fane,18-500,8,18,,,1178.4,16.5,5.7,,,,112.5,,29,521,6.43,0.43,0.403,,,6.3,98.2,500,,,reliable,
Fane,18-800N,8,18,,,1133,23.6,5.2,,,,145.5,,38,217,5.27,0.325,0.306,,,7.1,99.5,800,,,reliable,
Fane,18XBN,8,18,,,1131,25.2,6.2,,,,176.7,,33,236,5.77,0.358,0.337,,,7.5,96.8,1000,,,reliable,
Fane,18XLS,8,18,,,1210,24.5,5.2,,,,214.5,,36,187,13.61,0.42,0.407,,,9.3,97,1200,,,reliable,
Fane,AXIOM AX15/300B,8,15,,,839.2,22.6,6.5,,,,94.7,,49,110,7.37,0.37,0.352,,,4,98.3,300,,,reliable,
Fane,CLASSIC 15-150,8,15,,,810,12.3,6.25,,,,72.8,,45,158,5.73,0.85,0.74,,,2.5,95.3,150,,,reliable,
Fane,CLASSIC KC18-300C,8,18,,,1200,17.6,6.3,,,,94,,35,444,4.5,0.42,0.384,,,5,99.6,300,,,unreliable,"coupling_failed: Mms free-air radiation-mass correction exceeds 50% of Mms (0.510), check Sd/Mms, stated Mms=94 g, computed Mmd=46.0589 g, radiation mass difference=51.00% (limit 50%)"
Fane,COLOSSUS 12BM,8,12,,,550,20.8,5.4,,,,65.3,,43,89,5.1,0.22,0.211,,,5.3,98.8,450,,,reliable,
Fane,Colossus 12MB,8,12,,,530,18.3,5.5,,,,59,,55,56,2.05,0.333,0.286,,,5.5,98,500,,,reliable,
Fane,COLOSSUS 12MBN,8,12,,,558.9,15.9,5.5,,,,58.2,,55,63,4.13,0.438,0.396,,,5.5,97.4,500,,,reliable,
Fane,COLOSSUS 12XB,8,12,,,531.6,19.6,5.2,,,,69.6,,43,78,5.71,0.254,0.243,,,6,97.7,500,,,reliable,
Fane,COLOSSUS 15 BASS,8,15,,,852.2,24.2,5.76,,,,143.3,,38.4,122,3.35,0.34,0.309,,,3.5,96.5,200,,,reliable,
Fane,COLOSSUS 15-750BMN,8,15,,,866,23.6,5.5,,,,103.5,,45,127,3.97,0.29,0.27,,,5.8,99.6,750,,,reliable,
Fane,COLOSSUS 15B,8,15,,,820,25.7,5.76,,,,99.4,,30,267,3.74,0.163,0.156,,,4,99.9,300,,,reliable,
Fane,COLOSSUS 15B600,8,15,,,860,24,6,,,,107.1,,42,139,4.82,0.295,0.278,,,5.7,98.7,600,,,reliable,
Fane,COLOSSUS 15XB,8,15,,,855,22.1,6.4,,,,108,,38,168,7.5,0.336,0.32,,,7.5,96.2,400,,,reliable,
Fane,COLOSSUS 15XB v2012,8,15,,,855.3,22.2,6.5,,,,107.1,,38,168,7.48,0.336,0.322,,,7.5,97.3,800,,,reliable,
Fane,COLOSSUS 15XBN,8,15,,,855.3,23.4,6.2,,,,107.1,,38,168,7.48,0.29,0.279,,,7.5,98.1,800,,,reliable,
Fane,COLOSSUS 15XS,8,15,,,855,22.1,5.2,,,,131.6,,36.3,149.7,7.7,0.32,0.307,,,9.1,97.3,1000,,,reliable,
Fane,COLOSSUS 18 BASS,8,18,,,1200,30.9,6.1,,,,178.2,,28,366,3.16,0.2,0.188,,,3.8,99.2,200,,,reliable,
Fane,COLOSSUS 18-1000,8,18,,,1178,26.6,5.8,,,,203.9,,32,236,6.2,0.336,0.319,,,8.9,97,1000,,,reliable,
Fane,COLOSSUS 18-1500,8,18,,,1178,32.9,5.3,,,,250.9,,33.5,175,6.99,0.259,0.25,,,8.1,97.8,1500,,,reliable,
Fane,COLOSSUS 18B,8,18,,,1120,29.7,6.35,,,,149.6,,30.5,320,4.03,0.207,0.197,,,4,99.4,400,,,reliable,
Fane,COLOSSUS 18B600,8,18,,,1220,28,5.8,,,,182.2,,29,345,6.75,0.245,0.236,,,7.2,98.7,600,,,reliable,
Fane,Colossus 18SB,8,18,,,1134,24,5.2,,,,177.2,,36,199,6.583,0.366,0.346,,,8.25,100,1000,,,reliable,
Fane,COLOSSUS 18XB v2016,8,18,,,1131,25.8,6.5,,,,176.7,,33,236,5.77,0.358,0.337,,,7.5,96.6,1000,,,reliable,
Fane,COLOSSUS 18XBN,8,18,,,1131,25.2,6.2,,,,176.7,,33,236,5.77,0.358,0.337,,,7.5,96.8,1000,,,reliable,
Fane,COLOSSUS 18XLS,8,18,,,1210,24.5,5.2,,,,214.5,,36,187,13.61,0.42,0.407,,,9.3,97,1200,,,reliable,
Fane,COLOSSUS 18XT5N,8,18,,,1169,27.1,5.6,,,,202.4,,36,185,6.05,0.35,0.331,,,8.4,97.4,1200,,,reliable,
Fane,COLOSSUS 24 BASS RIPOLE,8,21.5,,,1699.8,23.7,7.34,,,,456.6,,21.1,503.3,5.944,0.794,0.7,,,12.7,90.1,800,,,reliable,
Fane,COLOSSUS PRIME 15XS,8,15,,,855,22.1,5.2,,,,131.6,,36.3,149.7,7.7,0.32,0.307,,,9.1,97.3,1000,,,reliable,
Fane,Colossus Prime 21NDXL,8,21,,,1520,30,5.1,,,,320,,33,241,9.8,0.374,0.36,,,14,98,1500,,,reliable,
Fane,Colossus Prime 21XS,8,21,,,1520,31.3,5.1,,,,304,,35,266,7.88,0.354,0.339,,,14,97.5,1500,,,reliable,
Fane,Colossus18XB,8.0,18,,,1120,23.6,6,,,,139.7,,36,246,6.58,0.34,0.323,,,7.5,98.5,1000,,,reliable,
Fane,ColossusPrime18XS,8.0,18,,,1209,22.4,5.2,,,,188,,33,257,8.2,0.404,0.385,,,12,95.4,1200,,,reliable,
Fane,CRESCENDO 12MB,8,12,,,510,17.6,5.6,,,,55.1,,50,67,4.8,0.314,0.295,,,4.3,97.8,300,,,reliable,
Fane,CRESCENDO 15MB,8,15,,,820,22.2,5.6,,,,81,,42,167,5.51,0.242,0.232,,,4.3,100.6,300,,,reliable,
Fane,F70,8,12,,,511,15.8,7.6,,,,30.6,,70,61.8,20.3,0.41,0.402,,,1.5,99.3,70,,,reliable,
Fane,F90,8,12,,,511,15.1,6.5,,,,31,,70,61,19.6,0.39,0.382,,,1.5,100.2,90,,,reliable,
Fane,FC-123F01,8,12,,,530,19.1,5.4,,,,78.4,,34,110,4.32,0.249,0.235,,,7.8,96.1,500,,,reliable,
Fane,FC-152F01TC,8,15,,,855,10.8,5.2,,,,55.5,,48,203,9.892,0.753,0.7,,,3.5,98.6,300,,,unreliable,"coupling_failed: Mms free-air radiation-mass correction exceeds 50% of Mms (0.520), check Sd/Mms, stated Mms=55.5 g, computed Mmd=26.6673 g, radiation mass difference=51.95% (limit 50%)"
Fane,FC-153F01,8,15,,,855,17.8,5.5,,,,73.7,,40,220,6.55,0.32,0.305,,,6.6,100,400,,,reliable,
Fane,FC-154F01,8,15,,,866,22.1,5.4,,,,104.9,,41,151,6.85,0.3,0.287,,,6.5,99.1,800,,,reliable,
Fane,FC-185F01,8,18,,,1134,20.2,5.9,,,,171.9,,36,205,11.1,0.56,0.533,,,10.5,95.6,1000,,,reliable,
Fane,FC-185ND01,8,18,,,1164,29,5.6,,,,217.6,,33,203,17.7,0.3,0.295,,,8.9,97.4,1200,,,reliable,
Fane,IMPERIUM 18NDXL,8,18,,,1164,29.4,5.6,,,,220,,33,203,17.7,0.3,0.295,,,12,95.7,1200,,,reliable,
Fane,SOVEREIGN 10-125,8,10,,,355.4,9.1,6.6,,,,22.4,,50,80.2,3.8,0.56,0.488,,,5,95.3,125,,,reliable,
Fane,SOVEREIGN 10-125 v2,8,10,,,363.5,10,6.6,,,,31,,55,50,6.29,0.71,0.638,,,4.6,93.5,125,,,reliable,
Fane,SOVEREIGN 10-275,8,10,,,355.4,13.2,5.7,,,,29.4,,60,42.4,7.35,0.36,0.343,,,5,97.5,275,,,reliable,
Fane,SOVEREIGN 10-300,8,10,,,378,14.9,5.7,,,,35.1,,58,43,6.08,0.33,0.313,,,4.8,97.5,300,,,reliable,
Fane,SOVEREIGN 12-125,8,12,,,525.9,9.2,6.7,,,,39.3,,47,113.2,5.9,0.92,0.796,,,4.9,93.8,125,,,reliable,
Fane,SOVEREIGN 12-200,8,12,,,530.9,12,5.1,,,,47.2,,45,104.8,7.1,0.472,0.443,,,5.5,97,200,,,reliable,
Fane,SOVEREIGN 12-200LT,8,12,,,530,12.7,7.2,,,,51.1,,50,78.1,7.2,0.72,0.655,,,5.3,93.8,200,,,reliable,
Fane,SOVEREIGN 12-250TC,8,12,,,530.9,12.7,7.2,,,,51.3,,50,78.1,7.6,0.72,0.658,,,3.5,93.8,250,,,reliable,
Fane,SOVEREIGN 12-300,8,12,,,525.9,12.9,5.7,,,,37.9,,50,103.6,7.48,0.41,0.389,,,4.5,98.4,300,,,reliable,
Fane,SOVEREIGN 12-300,8,12,,,530,15.1,5.7,,,,58,,54,59,6.3,0.49,0.455,,,4.5,96.2,300,,,reliable,
Fane,SOVEREIGN 12-300 v2014,8,12,,,530,13.8,5.75,,,,42.9,,46,110,5.2,0.375,0.35,,,4.5,98,300,,,reliable,
Fane,SOVEREIGN 12-300 v2024,8,12,,,547,15.5,5.75,,,,60.1,,47,80,6.78,0.425,0.4,,,5,96.3,300,,,reliable,
Fane,SOVEREIGN 12-500LF,8,12,,,576.1,15.8,5.9,,,,71.4,,50,66,7.5,0.53,0.495,,,5.5,95.2,500,,,reliable,
Fane,SOVEREIGN 15-250,8,15,,,856,14.2,6.2,,,,97.7,,43,144,7.18,0.81,0.728,,,4.4,94.6,250,,,reliable,
Fane,SOVEREIGN 15-300,8,15,,,864.6,14.9,5.1,,,,71.1,,44,192.8,9.97,0.45,0.431,,,3.2,99.6,300,,,reliable,
Fane,SOVEREIGN 15-300TC,8,15,,,855,10.8,5.2,,,,55.5,,48,203,9.892,0.753,0.7,,,3.5,98.6,300,,,unreliable,"coupling_failed: Mms free-air radiation-mass correction exceeds 50% of Mms (0.520), check Sd/Mms, stated Mms=55.5 g, computed Mmd=26.6673 g, radiation mass difference=51.95% (limit 50%)"
Fane,SOVEREIGN 15-400,8,15,,,855.3,18.5,5.2,,,,90.4,,37,210,6.5,0.32,0.305,,,5,99.1,400,,,reliable,
Fane,SOVEREIGN 15-400 LF,8,15,,,855.3,13.3,5.8,,,,73.6,,41,210,7.6,0.62,0.573,,,5,97.1,400,,,reliable,
Fane,SOVEREIGN 15-425,8,15,,,881.2,17.1,5.8,,,,82.6,,43,180.6,7.9,0.44,0.417,,,4.6,98.5,425,,,reliable,
Fane,SOVEREIGN 15-500,8,15,,,856.3,17.8,5.2,,,,96.6,,35,220,7.7,0.35,0.335,,,3.5,98.2,500,,,reliable,
Fane,SOVEREIGN 15-600LF,8,15,,,850,15.5,5.4,,,,79.4,,37,236,6.28,0.414,0.388,,,6.9,98.3,600,,,reliable,
Fane,SOVEREIGN 15-600LF v2015,8,15,,,855,15.6,5.4,,,,80.3,,37,236,6.28,0.414,0.388,,,6.9,98.3,600,,,reliable,
Fane,SOVEREIGN 18-500,8,18,,,1178.4,15.5,5.3,,,,130.9,,33,346,9.2,0.6,0.563,,,6.3,96.9,500,,,reliable,
Fane,SOVEREIGN PRO 10-300,8,10,,,378,15,5.7,,,,36.8,,58,41,6.08,0.34,0.322,,,4.7,97.2,300,,,reliable,
Fane,SOVEREIGN PRO 10-300SC,8,10,,,361,14.8,5.5,,,,46.1,,47,45.4,10.13,0.34,0.329,,,4.8,95,300,,,reliable,
Fane,SOVEREIGN PRO 10M,8,10,,,340,15.6,5.6,,,,35.4,,56,37,4.9,0.286,0.27,,,2,97.1,300,,,reliable,
Fane,SOVEREIGN PRO 12-300,8,12,,,540,13.8,5.75,,,,42.9,,46,114,5.2,0.375,0.35,,,4.5,98.1,300,,,reliable,
Fane,SOVEREIGN PRO 12-300S,8,12,,,527.1,16,5.5,,,,60.9,,40,101.3,11.68,0.33,0.321,,,5.3,96.5,300,,,reliable,
Fane,SOVEREIGN PRO 12-350N,8,12,,,540,14.3,5.75,,,,42.9,,46,114,5.2,0.35,0.328,,,4.5,98.4,350,,,reliable,
Fane,SOVEREIGN PRO 12-500,8,12,,,565,15.7,5.6,,,,57.3,,43,107,3.04,0.35,0.314,,,6,97.4,500,,,reliable,
Fane,SOVEREIGN PRO 15-500,8,15,,,855,18.6,5.4,,,,84.5,,40,192,10,0.33,0.319,,,6,99.4,500,,,reliable,
Fane,SOVEREIGN PRO 15-600,8,15,,,850,17.1,5.4,,,,88.4,,38,201,3.52,0.39,0.351,,,6.5,98.2,600,,,reliable,
Fane,SOVEREIGN PRO 15-600 LF,8,15,,,856,19.3,6.5,,,,86.5,,40,188,8.8,0.38,0.364,,,6.9,97.9,600,,,reliable,
Fane,SOVEREIGN PRO 15-600N,8,15,,,855,19.2,5.4,,,,76.9,,33,310,4.33,0.234,0.222,,,6.5,100.5,600,,,reliable,
Fane,STUDIO 10M,8,10,,,340,14,5.7,,,,28.3,,73,27.2,3.25,0.38,0.34,,,3.1,97.9,200,,,reliable,
Fane,STUDIO 12B,8,12,,,530,12.7,5.2,,,,31.4,,47,144,3.21,0.3,0.274,,,5.1,100.8,200,,,reliable,
Fane,STUDIO 12L,8,12,,,530,14.5,5.2,,,,34.4,,49,120.9,3.26,0.26,0.241,,,4.3,101.2,200,,,reliable,
Fane,STUDIO 15L,8,15,,,845.2,16.2,5.2,,,,65.9,,45,190,3.92,0.37,0.338,,,4.3,100.6,200,,,reliable,
Fenton,NS10X,8,10,,,339.8,9.8,6.6,,,,22.4,,67.5,40.2,4.185,0.65,0.563,,,3.8,95.6,125,,,reliable,
Fenton,PS10,8,10,,,359,10.2,7,,,,30.8,,60,41.2,5.57,0.78,0.684,,,4,93.1,125,,,reliable,
Fenton,PS10,8,10,,,359,11,7.2,,,,36.4,,57.6,37.9,4.16,0.78,0.657,,,3.8,92.1,125,,,reliable,
Fenton,PS10,16,10,,,359,8.6,8,,,,30.9,,59.9,41.2,4.94,1.27,1.01,,,3.2,90.4,125,,,reliable,
Fenton,PS10F,16,10,,,359,11.9,8,,,,30.8,,60.1,41.2,5.25,0.66,0.586,,,4,93.3,125,,,reliable,
Fenton,WPP25,8,10,,,346.4,10.2,7.12,,,,67.5,,43.8,32.9,4.35,1.277,0.987,,,3.5,85.8,125,,,reliable,
Fertin Acoustics,30 MODEL 7,8,12,,,483,20.9,6.2,,,,50.9,,22,336,4.6,0.1,0.098,,,3,98.6,40,,,reliable,
Fertin Acoustics,30AP,8,12,,,491.1,16.4,6.12,,,,48.1,,42,101,9.7,0.29,0.282,,,2,97.3,30,,,reliable,
Fertin Acoustics,30EX-07.5V,8,12,,,491.1,17.8,6,,,,63.9,,42,76,6,0.32,0.304,,,2.1,95.7,40,,,reliable,
Fertin Acoustics,30EX-10V,8,12,,,491.1,25.1,6,,,,63.9,,42,76,6,0.16,0.156,,,1.4,98.7,40,,,reliable,
Fertin Acoustics,30EX-12.5V,8,12,,,491.1,30.3,6,,,,63.9,,42,76,6,0.11,0.108,,,1.1,100.3,40,,,reliable,
Fertin Acoustics,30EXM8,8,12,,,490,19.3,6.2,,,,60.7,,23.7,250,6.46,0.15,0.147,,,3,96.5,50,,,reliable,
Fertin Acoustics,30S,8,12,,,490,16.4,6.2,,,,47.9,,42,101,9.7,0.29,0.282,,,2,97.2,30,,,reliable,
Fertin Acoustics,30SM8,8,12,,,490,17.7,6.2,,,,55.9,,21.7,324,5.86,0.15,0.146,,,3,96.5,50,,,reliable,
Fertin Acoustics,38EX-10V,8,15,,,830,15.1,5,,,,65.4,,20,935,3.17,0.18,0.17,,,3,100.2,80,,,reliable,
Fertin Acoustics,38EX-12.5 V,8,15,,,830,17.8,5,,,,65.4,,20,935,3.17,0.13,0.125,,,3,101.6,80,,,reliable,
Fertin Acoustics,38EX-2,8,15,,,830,19.2,5,,,,65.8,,25,595,3.84,0.14,0.135,,,3,102.2,80,,,reliable,
Fertin Acoustics,38EX-7.5 V,8,15,,,830,12.3,5,,,,65.4,,20,935,3.17,0.27,0.249,,,3,98.4,80,,,reliable,
Fertin Acoustics,46EX 05.0V,8,18,,,1101.5,14.3,5,,,,131.5,,22.2,667.7,5.46,0.45,0.416,,,3,96.1,100,,,reliable,
Fertin Acoustics,46EX 07.5V,8,18,,,1101.5,19.1,5,,,,131.5,,22.2,667.7,5.87,0.25,0.24,,,3,98.6,100,,,reliable,
Fertin Acoustics,46EX 07.5V v2,8,18,,,1101.5,20.1,5,,,,162.9,,23,500,2.56,0.29,0.26,,,3,97.2,100,,,reliable,
Fertin Acoustics,46EX 10.0V,8,18,,,1101.5,23.9,5,,,,131.5,,22.2,667.7,5.37,0.16,0.155,,,3,100.6,100,,,reliable,
Fertin Acoustics,46EX 10.0V v2,8,18,,,1101.5,24.3,5,,,,162.9,,23,500,2.56,0.2,0.186,,,3,98.9,100,,,reliable,
Fertin Acoustics,46EX 12.5V,8,18,,,1101.5,27.6,5,,,,131.5,,22.2,667.7,5.2,0.12,0.117,,,3,101.8,100,,,reliable,
Fertin Acoustics,46EX 12.5V v2,8,18,,,1101.5,27.1,5,,,,162.9,,23,500,2.56,0.16,0.151,,,3,99.8,100,,,reliable,
Fertin Acoustics,46EX 15.0V,8,18,,,1101.5,28.8,5,,,,131.5,,22.2,667.7,5.07,0.11,0.108,,,3,102.2,100,,,reliable,
Fertin Acoustics,B34D77,4,12,,,595,14.7,3.45,,,,54,,66.6,52.5,3.22,0.36,0.324,,,2.5,102,200,,,reliable,
Fertin Acoustics,LB 31 SONO,8,12,,,490,13.4,6.8,,,,34.4,,59.5,70,2.4,0.49,0.407,,,4,97.5,200,,,reliable,
FI Audio,BTLN2,2,18,,,1210,17.8,1.4,,,,344.2,,33.6,133.8,8.28,0.32,0.308,,,10,101.6,2500,,,reliable,
FI Audio,BTLv3 12,2,12,,,480,20.5,1.8,,,,285.9,,33.9,24.9,6.15,0.26,0.249,,,9.5,94.2,2500,,,reliable,
FI Audio,HT-3,4,18,,,1210,21.8,3.3,,,,485.8,,21.3,235.9,6.94,0.45,0.423,,,17,92.9,2000,,,reliable,
FI Audio,IB318-SINGLE2,4,18,,,1210,11.9,3,,,,274.4,,22.3,381,3.33,0.81,0.652,,,12.3,93.4,600,,,reliable,
FI Audio,Q12 DUAL 2,4,12,,,481,19.7,2.8,,,,252.6,,33.9,28.3,7.69,0.39,0.371,,,10.6,91.1,1750,,,reliable,
FI Audio,Q15 DUAL 2,4,15,,,810,19.6,2.8,,,,299.1,,32.1,75.6,8.61,0.44,0.419,,,11.3,94.1,1750,,,reliable,
Fluxmag,1201-H-A,8,12,,,523,18,5.75,,,,75.7,,15.5,535.5,6.82,0.13,0.128,,,4,95.3,100,,,reliable,
Fluxmag,1201-LB,8,12,,,531,18.3,5.13,,,,61,,28.9,196.2,4.1,0.17,0.163,,,4,98.4,100,,,reliable,
Fluxmag,1504,8,15,,,834,17.3,7.56,,,,71.7,,25.5,530,2.53,0.29,0.26,,,4,97,200,,,reliable,
Fluxmag,1504-BM,8,15,,,881,22.2,5.75,,,,113.6,,22.7,469.9,4.95,0.19,0.183,,,5,98,200,,,reliable,
Fluxmag,1504-CX,8,15,,,881,20.2,6.37,,,,66.1,,25.2,659.1,5.69,0.163,0.158,,,4,101.1,200,,,reliable,
Fluxmag,1504-DF,8,15,,,875.3,25.7,4.6,,,,149,,21.6,393.2,2.19,0.14,0.132,,,4,98.9,200,,,reliable,
Fluxmag,1504B,8,15,,,855,19.9,5.45,,,,118.2,,22.5,433.8,8.04,0.23,0.224,,,7.3,97,200,,,reliable,
Fluxmag,1505,8,15,,,865.4,17.5,5.8,,,,73.3,,25.2,571,8.44,0.22,0.214,,,5,99.6,200,,,reliable,
Fluxmag,2950-Hifi,8,31.5,,,3019,24.2,5.8,,,,414,,24.4,1313,8.94,0.63,0.589,,,5.5,98.2,200,,,reliable,
Fluxmag,2950-Sono,8,31.5,,,3019,24.5,5.84,,,,482.6,,27.8,869,10.65,0.82,0.761,,,5.5,96.9,350,,,reliable,
Focal,10C 5401,4,10,,,330.1,6.7,3.9,,,,28.1,,56.5,43.1,9.4,0.87,0.796,,,3.2,94.6,60,,,reliable,
Focal,10C01 v1,8,10,,,343,9.8,6,,,,22,,25.7,288,2.05,0.22,0.199,,,5.5,96.7,60,,,reliable,
Focal,10C01 v2,8,10,,,340,10.8,6,,,,27.6,,29,176.6,2.96,0.26,0.239,,,5.5,95.4,60,,,reliable,
Focal,10C01 v3,8,10,,,343,9.9,6.1,,,,22,,25.7,288,2.05,0.22,0.199,,,5.5,96.6,60,,,reliable,
Focal,10C01-T,8,10,,,343,10.9,6,,,,28.3,,29,175.6,2.964,0.258,0.237,,,5.5,95.4,60,,,reliable,
Focal,10K 515,8,10,,,360,11.5,7.8,,,,32,,31.5,145.1,7.73,0.37,0.353,,,5.3,93,100,,,reliable,
Focal,10K 516,8,10,,,360,9.9,5.4,,,,38,,27.8,157,7.075,0.366,0.348,,,7.5,93.3,100,,,reliable,
Focal,10K 617,8,10,,,360,9.8,5,,,,30.7,,25.1,238,7.19,0.25,0.242,,,6,95.8,120,,,reliable,
Focal,10K 6411,8,10,,,356.3,11.8,5.2,,,,45.4,,28.3,124.1,9.31,0.3,0.291,,,8,93.6,150,,,reliable,
Focal,10L 6411,8,10,,,356.3,10.9,5.16,,,,42.7,,22.4,210.4,9.03,0.26,0.253,,,8,93.5,150,,,reliable,
Focal,10N 501,8,10,,,330,11,6,,,,38.3,,21.8,212.7,2.05,0.26,0.231,,,6,92.5,60,,,reliable,
Focal,10N510,8,10,,,330,11,6,,,,38.3,,21.8,212.7,2.05,0.26,0.231,,,6,92.5,85,,,reliable,
Focal,10N511,8,10,,,330,10.1,6,,,,36.5,,29.6,121,5.17,0.4,0.371,,,6,92.2,60,,,reliable,
Focal,10P08,8,10,,,295.6,6.4,4,,,,25.6,,43.2,65,3.42,0.67,0.56,,,5.5,93.9,80,,,reliable,
Focal,10V 01,8,10,,,350,10.1,6,,,,27.4,,31.7,157.7,2.506,0.321,0.285,,,3.9,95.2,100,,,reliable,
Focal,10V 6411,8,10,,,356.3,10.8,6.2,,,,35.6,,32.9,116.9,11.95,0.39,0.378,,,7,93.4,150,,,reliable,
Focal,10V 6412,8,10,,,346.4,13.7,5.2,,,,52,,50,32.8,7.16,0.45,0.423,,,3.3,93.4,100,,,reliable,
Focal,10V1,4,10,,,346.4,6.4,3,,,,40.6,,49.7,42.5,6.53,0.94,0.822,,,4.9,93.7,150,,,reliable,
Focal,10W 6411,8,10,,,346.4,12.4,5.1,,,,52.7,,43.7,42.3,7.41,0.48,0.451,,,4.2,92.6,100,,,reliable,
Focal,10W 6452,8,10,,,359.7,11.4,5.31,,,,48.4,,37.7,66.8,7.19,0.47,0.441,,,5.4,92.6,100,,,reliable,
Focal,10WM,8,10,,,327,12,4,,,,141.1,,31,28,6.7,0.76,0.683,,,9.2,85.4,400,,,reliable,
Focal,11C 726,8,10,,,359.7,10.1,5.79,,,,40.1,,30.9,120,2.67,0.44,0.378,,,6.9,92.4,100,,,reliable,
Focal,11K 7512,8,10,,,346.4,13.5,5.75,,,,56.9,,38,51.9,1.97,0.43,0.353,,,5.3,91.6,175,,,reliable,
Focal,11V 5442,4,10,,,346.4,8.2,3.1,,,,49.1,,51.1,33.3,7.28,0.73,0.663,,,4.9,93.9,175,,,reliable,
Focal,11V 5451,4,10,,,346.4,6.8,3.04,,,,46.3,,48.6,39,7.31,0.93,0.825,,,5.1,93,175,,,reliable,
Focal,11V 5552,4,10,,,330,11.5,3,,,,97.9,,40.5,24.1,4.44,0.56,0.497,,,4.6,90.8,175,,,reliable,
Focal,11V 7511,8,10,,,356.3,11.3,5.9,,,,48.1,,27,128.5,2.48,0.38,0.33,,,9,91.5,175,,,reliable,
Focal,11V 7511 v2008,8,10,,,360,11.7,5.8,,,,51.4,,30.8,94.3,2.6,0.42,0.362,,,8,91.5,175,,,reliable,
Focal,11W 7670,4,10,,,330,12.8,3.3,,,,84.9,,44.6,22.9,7.31,0.48,0.45,,,4.2,92.1,175,,,reliable,
Focal,12V 617,8,12,,,530,11.5,5,,,,68.8,,15.4,611,4.6,0.25,0.237,,,11.9,93.5,150,,,reliable,
Focal,12V 726,8,12,,,523,13.1,5.8,,,,79.1,,19,340,1.6,0.32,0.267,,,9,92,150,,,reliable,
Focal,12V 726DB,4,12,,,511,8.8,2.9,,,,65.7,,25.9,210.5,3.05,0.4,0.354,,,8.5,96,150,,,reliable,
Focal,13 VX,8,12,,,513,16.6,6.1,,,,88.7,,30,117,2.52,0.37,0.323,,,6.8,92.5,225,,,reliable,
Focal,13 WX,8,12,,,551.5,18.4,6.25,,,,107.5,,33.6,89,2.83,0.42,0.366,,,6,92.1,400,,,reliable,
Focal,13V 7501,4,12,,,510.7,8,3,,,,71.5,,36.5,97.3,11.3,0.76,0.712,,,6.8,94.2,175,,,reliable,
Focal,13V 7511,8,12,,,510.7,13,6,,,,61.7,,31.2,154.2,1.98,0.43,0.353,,,6.8,93.6,175,,,reliable,
Focal,13W 7653,4,12,,,530.9,18.4,3.2,,,,153.1,,46,30.9,5.61,0.42,0.391,,,4.2,94.5,400,,,reliable,
Focal,13W 8711,4,12,,,551.5,16.7,3.5,,,,149.5,,28.8,87.1,9.13,0.34,0.328,,,7.9,93.4,400,,,reliable,
Focal,15K 8711,8,15,,,855.3,17.7,6.2,,,,141.5,,23.9,321.3,2.6,0.42,0.362,,,6,93.3,225,,,reliable,
Focal,15PR75-200,8,15,,,855,17.5,6,,,,89.4,,36,224,10.83,0.396,0.382,,,5.7,97.4,200,,,reliable,
Focal,15PR75-212,8,15,,,855,19.6,6,,,,90.8,,42,162,8.9,0.375,0.36,,,4.4,98.3,212,,,reliable,
Focal,15PR75-225,8,15,,,855,19.9,6,,,,88.5,,43.5,155,9.18,0.365,0.351,,,4.3,98.7,225,,,reliable,
Focal,15PR75-250,8,15,,,855,19.8,6,,,,78.2,,50.8,128.8,10.205,0.383,0.369,,,4,99.7,250,,,reliable,
Focal,15PR75-275,8,15,,,855,21,6,,,,74.5,,52.2,127.9,10.05,0.331,0.32,,,3.8,100.6,275,,,reliable,
Focal,15VX,8,15,,,830,17.9,6.1,,,,111.8,,24,380,2.65,0.32,0.286,,,6,95.3,225,,,reliable,
Focal,15W 9753,8,15,,,870,28.3,4.6,,,,254.3,,42.5,58.5,3.82,0.39,0.354,,,2.6,95,225,,,reliable,
Focal,15WX,8,15,,,855.3,18,6.35,,,,136.8,,24.4,318.9,2.54,0.41,0.353,,,6,93.5,225,,,reliable,
Focal,25 A1,4,10,,,339.8,14.8,3.35,,,,102.1,,40.6,24.3,8.65,0.4,0.382,,,4.4,91.9,200,,,reliable,
Focal,25 A4,8,10,,,330.1,12.4,4.19,,,,140.5,,23.5,49.9,5.059,0.562,0.506,,,4.3,85.4,200,,,reliable,
Focal,25 A4,8,10,,,330.1,11.9,4.14,,,,134.9,,30.2,31.5,6.243,0.746,0.666,,,4.2,85.5,200,,,reliable,
Focal,27 F,4,10,,,339.8,6.6,2.9,,,,47.2,,43.7,45.5,14.4,0.87,0.82,,,5.8,92.8,150,,,reliable,
Focal,27 H,4,10,,,346.4,10.5,3.1,,,,64.5,,46.6,30.4,8.47,0.53,0.499,,,5,93.7,200,,,reliable,
Focal,27 KX,8,10,,,314.2,12.1,4.6,,,,101.9,,48,14.9,14.19,0.97,0.908,,,4.5,86.7,300,,,reliable,
Focal,27 V1,4,10,,,330,12.9,2.9,,,,118.6,,39,21.4,3.47,0.51,0.445,,,4.9,90.4,250,,,reliable,
Focal,27 V2,4,10,,,336.5,9.5,2.1,,,,127.1,,38.5,21.3,5.52,0.71,0.629,,,5.5,90.1,300,,,reliable,
Focal,27 WX,8,10,,,346,11.6,4.4,,,,78.7,,37.4,38.6,7.4,0.6,0.555,,,7.3,89.8,250,,,reliable,
Focal,270 V,4,10,,,346.4,8.2,3.1,,,,49.1,,51.1,33.3,7.28,0.73,0.663,,,5.5,93.9,300,,,reliable,
Focal,270 V3,4,10,,,346.4,8.2,3.1,,,,49.1,,51.1,33.3,7.28,0.73,0.663,,,4.5,93.9,150,,,reliable,
Focal,30A1,4,12,,,510.7,14.5,3.2,,,,125,,37.4,53,6.37,0.45,0.42,,,5.2,93.9,250,,,reliable,
Focal,30A4,8,12,,,510.7,11.9,4.01,,,,174.7,,24.7,86.9,5.49,0.764,0.671,,,8.5,87.3,250,,,reliable,
Focal,33A,4,12,,,530.9,15.8,3.3,,,,164.5,,47.4,27.1,5,0.65,0.575,,,3.8,92.3,300,,,reliable,
Focal,33F,4,12,,,510.7,8.1,3,,,,72.8,,36.5,95.5,11.3,0.76,0.712,,,6,94.1,300,,,reliable,
Focal,33H,4,12,,,551.5,9.8,3.4,,,,100.4,,29.4,124.4,9.71,0.66,0.618,,,7.5,92.5,300,,,reliable,
Focal,33KX,8,12,,,491,16.6,4.2,,,,225.1,,39,25,5.77,0.84,0.733,,,5,87.2,400,,,reliable,
Focal,33S,4,12,,,530.9,11,2.6,,,,138.3,,25.9,107.9,14.3,0.48,0.464,,,7.5,92.8,300,,,reliable,
Focal,33V,4,12,,,530.9,10,2.6,,,,122.4,,25.2,128.8,11.39,0.5,0.479,,,7.5,93,400,,,reliable,
Focal,33V1,4,12,,,530.9,14,2.6,,,,171,,25.3,91.8,3.44,0.36,0.326,,,7.5,93,400,,,reliable,
Focal,33V2,4,12,,,530.9,9.9,2.1,,,,159.4,,28.7,76.2,4.51,0.61,0.537,,,7.5,92.5,400,,,reliable,
Focal,33VX,4,12,,,510.7,16.3,3.4,,,,120.5,,34,66.5,12.7,0.33,0.322,,,6.4,94.7,350,,,reliable,
Focal,33WX,4,12,,,551.6,16.2,3.32,,,,139.8,,32.5,73.1,11.75,0.36,0.349,,,7.1,94.2,400,,,reliable,
Focal,33WX2,4,12,,,551.6,16.2,3.32,,,,139.8,,32.5,73.1,11.75,0.36,0.349,,,7.1,94.2,400,,,reliable,
Focal,38KXSPL,4,15,,,829.6,14,3.9,,,,100.3,,45.8,116.4,15.3,0.57,0.55,,,5.5,98,500,,,reliable,
Focal,38VX,4,15,,,829.6,15.3,3.4,,,,142.3,,22.3,347,7.2,0.29,0.279,,,8.2,96.9,225,,,reliable,
Focal,38WX,4,15,,,855.3,15.7,3.3,,,,173.5,,35,122.2,6.19,0.51,0.471,,,6.8,95.9,450,,,reliable,
Focal,38WX4,4,15,,,855.3,12,3,,,,100.5,,28.9,310.4,8.81,0.38,0.364,,,7.7,99.2,225,,,reliable,
Focal,40A,4,15,,,881.4,16.1,3.3,,,,216.7,,41.3,74.6,5.22,0.72,0.633,,,4.7,94.5,400,,,reliable,
Focal,40KX,8,15,,,804.3,16.7,4.2,,,,295.9,,34.6,64.8,5.3,0.97,0.82,,,5.6,89.2,500,,,reliable,
Focal,46 KX 4,8,18,,,1320.3,27,4.2,,,,347.1,,29.4,206.3,5.05,0.37,0.345,,,8,96.3,1000,,,reliable,
Focal,690 CVX,4,10,,,346.4,5.9,3.59,,,,19.7,,60.3,59.5,7.91,0.76,0.693,,,2.5,97.8,80,,,reliable,
Focal,ACCESS 27A,4,10,,,330.1,12.2,2.9,,,,106.9,,41.3,21.2,4.35,0.54,0.48,,,5,90.8,250,,,reliable,
Focal,ACCESS 30 A1,4,12,,,510.7,14.5,3.2,,,,125,,37.4,53,6.37,0.45,0.42,,,5.2,93.9,250,,,reliable,
Focal,AUDIOM 11WX,8,10,,,346.4,15.6,6.55,,,,67.2,,38.5,42.8,2.55,0.44,0.375,,,3.5,90.3,175,,,reliable,
Focal,AUDIOM 12A,8,12,,,530,14.4,5.95,,,,44.1,,21.5,489,5.3,0.17,0.165,,,4.5,97.8,150,,,reliable,
Focal,AUDIOM 12AX,8,12,,,510.7,12.4,6.2,,,,43.5,,30.7,226,9.82,0.34,0.329,,,4.5,95.9,150,,,reliable,
Focal,AUDIOM 12V,8,12,,,531,15,6,,,,50.4,,25,318,5.87,0.21,0.203,,,6,97,200,,,reliable,
Focal,AUDIOM 12VX,8,12,,,531,17.1,6,,,,76.2,,23.5,238,1.67,0.23,0.202,,,6,94.5,200,,,reliable,
Focal,AUDIOM 13KX,8,12,,,530.9,16.8,6.1,,,,95,,28.8,127,2.9,0.37,0.328,,,6,92.3,225,,,reliable,
Focal,AUDIOM 15,8,15,,,855,17.7,5.95,,,,64.7,,32.5,379.7,4.21,0.25,0.236,,,6,100.4,225,,,reliable,
Focal,AUDIOM 15A,8,15,,,855,15.4,5.95,,,,67.5,,21.5,832,6.84,0.23,0.223,,,6,98.8,225,,,reliable,
Focal,AUDIOM 15AX,8,15,,,855.3,14.7,6.1,,,,78.7,,22.8,635,11.53,0.32,0.311,,,6,96.9,225,,,reliable,
Focal,AUDIOM 15B,8,15,,,855,18,6,,,,78.8,,31.6,330,10.26,0.29,0.282,,,6,98.8,225,,,reliable,
Focal,AUDIOM 15H,8,15,,,855,18.1,5.95,,,,72,,34.9,295.9,7.7,0.287,0.277,,,5.8,99.7,225,,,reliable,
Focal,AUDIOM 15KX,8,15,,,829.6,18.3,6.3,,,,131,,25.8,280.3,9.62,0.4,0.384,,,6,93.8,225,,,reliable,
Focal,AUDIOM 15VX v2,8,15,,,880,18.5,6.1,,,,111.7,,18.4,727,7.92,0.23,0.224,,,6,96.1,225,,,reliable,
Focal,AUDIOM 15VX v3,8,15,,,830,17.7,6.2,,,,111.3,,17.5,717.7,1.707,0.241,0.211,,,6,95.1,225,,,reliable,
Focal,AUDIOM 15WX,8,15,,,855.3,18,6.35,,,,136.8,,24.4,318.9,2.54,0.41,0.353,,,6,93.5,225,,,reliable,
Focal,AUDITOR RSB-250,2,10,,,307,6.4,1.6,,,,94.7,,29,42,4.7,0.68,0.594,,,9.5,90.7,250,,,reliable,
Focal,AUDITOR RSB-300,8,12,,,471,16.2,6.4,,,,135.5,,25,93,4.5,0.52,0.466,,,10.2,87.4,300,,,reliable,
Focal,E30KX,8,12,,,502,22.5,6.4,,,,212.8,,29,50,6.1,0.49,0.454,,,10.7,86.9,800,,,reliable,
Focal,P25 FSE,4,10,,,346,11,3.2,,,,188.9,,30,25,5,0.95,0.798,,,6.5,84.5,280,,,reliable,
Focal,P25DB,2,10,,,346.4,9.3,1.7,,,,138.7,,27.5,40.7,5.21,0.47,0.431,,,7.5,91.2,250,,,reliable,
Focal,P25F,4,10,,,347,14.7,3.7,,,,153.4,,31,29,4.5,0.51,0.458,,,6.9,87.6,300,,,reliable,
Focal,P25FS,8,10,,,346,12.2,4,,,,188.9,,30,25,4.5,0.95,0.784,,,6.4,83.5,280,,,reliable,
Focal,P30,4,12,,,510.7,13.8,3.6,,,,148.1,,31.3,63.9,6.59,0.55,0.508,,,7.4,91,300,,,reliable,
Focal,P30DB,2,12,,,510.7,11.4,1.7,,,,188.8,,29.4,56.8,6,0.46,0.427,,,7.7,93.7,400,,,reliable,
Focal,P30F,4,12,,,510,14.7,3.7,,,,168.3,,28,70,5.6,0.51,0.467,,,9.1,90.1,400,,,reliable,
Focal,P30FSE,4,12,,,510,10.6,3.2,,,,244.3,,30,42,7.2,1.3,1.101,,,4.9,85.4,300,,,reliable,
Focal,R-250S,4,10,,,314,11,3.58,,,,99.4,,35.4,28.1,6.213,0.659,0.596,,,7,88.2,250,,,reliable,
Focal,R-300S,4,12,,,471.4,12.9,3.89,,,,137.7,,32.6,53.9,4.731,0.663,0.582,,,6,89.6,300,,,reliable,
Focal,SUB P25,4,10,,,346.4,13.3,3.6,,,,115.4,,48,16,4.93,0.71,0.621,,,4.1,89.4,250,,,reliable,
Focal,SUB10,4,10,,,314,11.6,3.3,,,,176.4,,21,45,6.88,0.569,0.526,,,9,84.5,250,,,reliable,
Focal,SUB10WM,4,10,,,327,10.6,3.1,,,,141.1,,31,28,6.7,0.76,0.683,,,8.5,86.5,400,,,reliable,
Focal,SUB12,4,12,,,471,12.5,3,,,,152,,24,90,5.146,0.442,0.407,,,9.8,90.7,300,,,reliable,
Focal,SUB25KXE,2,10,,,327,9.3,1.6,,,,131.5,,38,20,5,0.58,0.52,,,8.2,91.7,600,,,reliable,
Focal,SUB25KXS,4,10,,,327,11.2,3.2,,,,172.2,,35,18,5,0.97,0.812,,,7,85,700,,,reliable,
Focal,SUB30KXE,8,12,,,502,22.5,6.4,,,,212.8,,29,50,6.1,0.49,0.454,,,10.8,86.9,800,,,reliable,
Focal,W31B,8,12,,,518.8,8.5,4,,,,47.8,,40,125,4.84,0.659,0.58,,,6,95.8,250,,,reliable,
Focal,W31X4,4,12,,,530.9,13.2,3.3,,,,62.4,,42,91,5,0.31,0.292,,,5.5,99.2,300,,,reliable,
Fonestar,FPW 250,8,10,,,344,9.4,7,,,,36.6,,55,38,4.7,1,0.825,,,3.9,90.6,125,,,reliable,
Fonestar,FPW 350,8,12,,,550,11.3,7,,,,61.1,,52,65,4.3,1.1,0.876,,,3.7,91.8,175,,,reliable,
Fostex,10W150,8,10,,,380,10,6,,,,21.9,,54.4,79.2,3.16,0.45,0.394,,,3,97.8,150,,,reliable,
Fostex,12w150,8,12,,,506.7,13.4,6,,,,34.2,,60,74,9.52,0.43,0.411,,,1.2,98.9,60,,,reliable,
Fostex,15W-300,8,15,,,890,23.5,6.8,,,,111.7,,31,262,8.2,0.269,0.26,,,4,97.3,200,,,reliable,
Fostex,F 356,8,12,,,551.5,14.7,6.8,,,,34.4,,46.9,143,1.81,0.32,0.272,,,2.6,99.3,60,,,reliable,
Fostex,FP 253 N,8,10,,,330,8.6,7.2,,,,20,,37,141,9.03,0.45,0.429,,,1.9,94.4,50,,,reliable,
Fostex,FW 220,8,10,,,284,16.4,6.6,,,,44.8,,29,76,8.12,0.2,0.195,,,3.7,92.5,50,,,reliable,
Fostex,FW 250,8,10,,,350,15.1,6.6,,,,54.8,,23,150,9.5,0.23,0.225,,,4.5,91.8,50,,,reliable,
Fostex,FW 305,8,12,,,530.9,15.3,6.6,,,,63,,25,254,2.73,0.28,0.254,,,4.8,94.3,60,,,reliable,
Fostex,FW 405,8,15,,,886.7,16.7,6.8,,,,117.3,,20,595,4.99,0.36,0.336,,,7,93.9,150,,,reliable,
Fostex,FW 405 N,8,15,,,890,15.5,6.89,,,,98.3,,27,392.5,6.76,0.478,0.446,,,7.6,94.7,150,,,reliable,
Fostex,FW 407,8,15,,,890,17.5,6.8,,,,109,,19,715,11.8,0.29,0.283,,,4.3,95,150,,,reliable,
Fostex,FW 505,8,18,,,1300,19.6,7.5,,,,174.4,,20,860,6.7,0.43,0.404,,,8.5,94.3,150,,,reliable,
Fostex,FW 800 N,8,31.5,,,3581.7,21.1,6.8,,,,439.2,,18,3201.1,8.5,0.76,0.698,,,4.6,96.6,150,,,unreliable,"coupling_failed: Mms free-air radiation-mass correction exceeds 50% of Mms (0.563), check Sd/Mms, stated Mms=439.2 g, computed Mmd=191.988 g, radiation mass difference=56.29% (limit 50%)"
Fostex,FW800HS,8,31,,,4015,30.3,6.6,,,,629,,25,1473,19.2,0.71,0.69,,,2.3,96.9,150,,,reliable,
Fostex,L 345,8,12,,,530,15.9,7,,,,43.8,,34,197,3.4,0.26,0.242,,,5.7,97.3,150,,,reliable,
Fostex,L 362,8,12,,,540,19.4,6.8,,,,55.2,,35,153,5.2,0.22,0.211,,,4.2,97.4,150,,,reliable,
Fostex,L 363,8,12,,,540,20.2,6.8,,,,60.5,,55,56.6,5.8,0.35,0.33,,,2.3,97,150,,,reliable,
Fostex,L 363 B,8,12,,,535,19.9,6.8,,,,58.9,,55,57,5.8,0.35,0.33,,,2.9,97,150,,,reliable,
Fostex,L 467,8,15,,,890,18.8,6.8,,,,72.2,,40,243.5,11,0.35,0.339,,,4.4,99.2,150,,,reliable,
Fostex,L 467 B,8,15,,,891,18.7,6.8,,,,71.9,,40,245,11,0.35,0.339,,,4.4,99.2,150,,,reliable,
Fostex,L 469,8,15,,,890,23.5,6.8,,,,120.7,,30,259,8.2,0.28,0.271,,,4,96.7,150,,,reliable,
Fostex,L 470,8,15,,,890,22.4,6.8,,,,98.5,,25,457,5.9,0.21,0.203,,,4.2,98,150,,,reliable,
Fostex,L 569,8,18,,,1280,22.2,6.8,,,,115.4,,30,560,4.2,0.3,0.28,,,4,99.7,150,,,reliable,
Fostex,L 869,8,31.5,,,4000,22.2,6.8,,,,376.9,,15,6700,6.1,0.49,0.454,,,4,99.3,150,,,unreliable,"coupling_failed: Mms free-air radiation-mass correction exceeds 50% of Mms (0.774), check Sd/Mms, stated Mms=376.9 g, computed Mmd=85.1395 g, radiation mass difference=77.41% (limit 50%)"
Fostex,LS 362,8,12,,,540,19.4,6.8,,,,55.3,,35,152.9,5.2,0.22,0.211,,,4,97.4,150,,,reliable,
Fostex,PS 300,8,12,,,572.6,9.8,7.2,,,,33.9,,58,102.2,10.99,0.93,0.857,,,1.9,95.8,75,,,reliable,
Fostex,SLE 30 W,8,12,,,475,13,6.7,,,,56.5,,22,293,11,0.31,0.302,,,9.5,92.8,160,,,reliable,
Fostex,W 200,8,15,,,850,17.4,6.3,,,,93.2,,32,268.7,3.4,0.39,0.35,,,5.2,96.6,150,,,reliable,
Fostex,W 300 A,8,12,,,539.1,16.6,7,,,,72.7,,25,227,9.17,0.29,0.281,,,4.6,93.4,50,,,reliable,
Fostex,W 300 AII,8,12,,,539,16.6,7,,,,72.7,,25,227,9.17,0.29,0.281,,,4.6,93.4,50,,,reliable,
Fostex,W 400 A,8,15,,,892,22,6.8,,,,144.7,,25,312.3,14.94,0.32,0.313,,,4,94.5,67,,,reliable,
Fostex,W 400 A-HR,8,15,,,817.4,19,6,,,,122.4,,25,310,8.2,0.32,0.308,,,4.3,95,67,,,reliable,
Fostex,W 400 AII,8,15,,,892,22,6.8,,,,144.7,,25,312.3,14.94,0.32,0.313,,,4,94.5,67,,,reliable,
Fountek,FW300,4,12,,,530.9,11.3,3.6,,,,143.9,,37.3,50.1,4.557,0.946,0.783,,,5.5,89.8,300,,,reliable,
Fountek,FW300B,8,12,,,514.7,16.9,6.8,,,,92.3,,28.3,127.2,1.398,0.392,0.306,,,6,91.4,300,,,reliable,
Fountek,FW300DV,4,12,,,530.9,14.7,3.1,,,,166.2,,39,39.6,3.032,0.584,0.49,,,4.6,92.1,300,,,reliable,
Fountek,FW300DV,8,12,,,530.9,13.9,6.94,,,,108.5,,46.3,43,4.039,1.133,0.885,,,4.2,88.4,300,,,reliable,
Fountek,FW322 - 4 Ohms,4,12,,,514.7,16.6,3.4,,,,132.6,,41.8,40.6,2.21,0.43,0.36,,,4,94.1,300,,,reliable,
Fountek,FW322 - 8 Ohms,8,12,,,514.7,19.3,6.8,,,,110.4,,40.1,53,4.893,0.509,0.461,,,5,91,300,,,reliable,
Fountek,FW323 - 4 Ohms,4,12,,,491,14.6,3.4,,,,185,,30,51.4,2.369,0.558,0.452,,,6.6,89.7,350,,,reliable,
Fusion,NV-SW12,1,10,,,309.2,5.6,0.94,,,,93.4,,26.4,52.2,6.42,0.47,0.438,,,7.5,94.4,400,,,reliable,
Fusion,PF-SW100D4,8,10,,,356.3,12.7,4.18,,,,113.8,,45.3,19.3,2.72,0.84,0.642,,,5.8,88.1,500,,,reliable,
Gauss,3540 GAUSS,4,15,,,890,17.9,3.4,,,,102.5,,25,438.9,2.7,0.17,0.16,,,5.1,101.8,200,,,reliable,
Gauss,3580 GAUSS,8,15,,,890,24,6.1,,,,102.5,,25,438.9,2.7,0.17,0.16,,,5.1,99.2,200,,,reliable,
Gauss,4580,8,15,,,855,26.4,6.8,,,,136.4,,31,198,2.3,0.26,0.234,,,5.8,96.2,400,,,reliable,
Gauss,4583A v1,8,15,,,890,13.9,5.5,,,,77.2,,29,433,2.2,0.4,0.338,,,4,97.8,150,,,reliable,
Gauss,4583A v2,8,15,,,890,17.8,5.2,,,,103.4,,31,283,2.5,0.33,0.292,,,4,97.9,150,,,reliable,
Gauss,4583F,8,15,,,880,20.7,5.2,,,,131.5,,22,432,1.9,0.22,0.197,,,6.3,97.1,200,,,reliable,
Gladen,RS-X 10,4,10,,,346,13.82,3.74,,,,121.6,,35.57,27.8,6.16,0.49,0.46,,,10,85.9,300,,,reliable,
Gladen,SQL 12 EXTREME,2,12,,,490,14.6,1.94,,,,217.5,,33,36,2.52,0.41,0.353,,,9.4,93.1,1300,,,reliable,
Gladen,SQX12,4,12,,,490,16.1,3.2,,,,154.8,,36.7,40.9,5.07,0.44,0.405,,,7,92.6,600,,,reliable,
Gladen,SQX15,4,15,,,830,15.8,2.8,,,,240.5,,35.5,80.7,3.52,0.6,0.513,,,7,94.3,700,,,reliable,
Gladen,ZERO 12 PRO,4,12,,,510,13.95,3.7,,,,135,,27,93.72,6.32,0.4,0.38,,,12.5,88.5,500,,,reliable,
Goldwood,212/8,8,12,,,513,7.37,7,,,,64.4,,38,101.6,5.27,1.98,1.44,,,2.5,86.3,120,,,reliable,
Goldwood,GW-1034,4,10,,,355.4,5.7,3.5,,,,46.8,,34.3,81.4,4.386,1.102,0.881,,,2.5,90.3,130,,,reliable,
Goldwood,GW-1038,8,10,,,355.4,6.8,7.2,0.6,,,43.7,,33.7,90.33074063,4.4,1.5,1.1,0.51,,2.5,85.5,130,,,reliable,
Goldwood,GW-10PC-4,4,10,,,344.9,12.71,3.8,1.4,,,69.7,,43.1,32.56437358,4.25,0.45,0.4,0.2,,5,,200,,,reliable,
Goldwood,GW-10PC-8,8,10,,,344.9,15.47,7.23,1.86,,,57.76,,47.89,31.14853125,4.85,0.53,0.47,0.19,,5,,140,,,reliable,
Goldwood,GW-10PC/4,4,10,,,344.9,12.7,3.8,,,,69.5,,43.1,32.7,4.252,0.446,0.404,,,4.8,92.9,200,,,reliable,
Goldwood,GW-1244,4,12,,,525.9,8.48,3.6,0.6,,,93.2,,29.7,119.4970926,3.3,0.86,0.68,0.31,,3,,150,,,reliable,
Goldwood,GW-1248,8,12,,,525.9,10,7.1,0.6,,,88.2,,33.3,103.6396585,3.3,1.3,1,0.26,,3,87.2,150,,,reliable,
Goldwood,GW-12PC-4,4,12,,,487.89,13.61,3.7,1.7,,,106.6,,32.9,73.34063267,3.9,0.44,0.39,0.22,,5,,225,,,reliable,
Goldwood,GW-12PC-8,8,12,,,494.02,15.7,7.1,2.1,,,93.1,,33,85.23370824,3.83,0.56,0.49,0.25,,5,,225,,,reliable,
Goldwood,GW-1558,8,15,,,872.9,9.8,5.3,,,,70.4,,31,399.7,3.7,0.756,0.628,,,2,95.7,200,,,reliable,
Goldwood,GW-15PC-8,8,15,,,823.72,20.2,7.1,2.49,,,151.8,,32.9,152.9109716,3.59,0.55,0.47,0.15,,6,,275,,,reliable,
Goldwood,GW-15PC/4,4,15,,,818,16.5,3.7,,,,173.3,,33.3,125.2,3.4,0.494,0.431,,,6,91.6,275,,,reliable,
Goldwood,GW-15PC/8,8,15,,,823.7,19.7,7.1,,,,145.4,,32.9,153.1,3.59,0.55,0.477,,,6,92.5,275,,,reliable,
Goldwood,GW-1858,8,18,,,1275,9.8,5.26,,,,123.3,,30,520,6.65,1.27,1.066,,,2,94.2,220,,,reliable,
Goldwood,GW-204/4S,4,4.5,,,53.52,2.84,3.7,0.1,,,5.2,,139.8,1.132673864,7.19,2.2,1.69,0.24,,1.5,,40,,,reliable,
Goldwood,GW-204/8S,8,4.5,,,53.52,3.9,7.3,0.2,,,4.9,,136.9,1.132673864,6.82,2.02,1.56,0.28,,1.5,,40,,,reliable,
Goldwood,GW-205/4S,4,5.25,,,96.77,4.44,3.6,0.2,,,9.1,,83.1,5.380200852,3.18,0.87,0.68,0.4,,2,,70,,,reliable,
Goldwood,GW-205/8S,8,5.25,,,96.77,5.62,7.1,0.4,,,9,,86.1,5.097032387,3.18,1.1,0.82,0.38,,2,,70,,,reliable,
Goldwood,GW-206/4,4,6.5,,,136.35,5.19,3.7,0.4,,,14.4,,58.9,13.3089179,3.84,0.73,0.61,0.51,,3.5,,90,,,reliable,
Goldwood,GW-206/8,8,6.5,,,136.35,6.5,7.1,0.5,,,14.2,,64.6,11.04357017,3.39,0.75,0.75,0.43,,2.5,,90,,,unreliable,"qes_inconsistent: stated=0.75 , computed=0.968573 , difference=29.14% (limit 20%)"
Goldwood,GW-208/4,4,8,,,205.9,5.93,3.7,0.4,,,24.9,,51.5,22.93664574,4.11,0.85,0.7,0.38,,3.5,,100,,,reliable,
Goldwood,GW-208/8,8,8,,,205.9,7.01,7.3,0.6,,,21,,56.1,22.93664574,3.96,1.09,0.86,0.38,,3.5,,100,,,reliable,
Goldwood,GW-210/4,4,10,,,344.9,5.31,3.8,0.4,,,37.7,,41.8,64.27924176,5.54,1.32,1.07,0.38,,3.5,90.7,110,,,reliable,
Goldwood,GW-210/8,8,10,,,344.9,6.95,7.1,0.5,,,42.1,,41,59.74854631,4.59,1.61,1.19,0.36,,3.5,,110,,,reliable,
Goldwood,GW-212/4,4,12,,,519.47,4.94,3.6,0.5,,,45,,35.8,166.503058,6.07,1.5,1.2,0.44,,3.5,88.9,120,,,reliable,
Goldwood,GW-212/8,8,12,,,525.9,7.47,7,0.6,,,64.4,,38.8,101.6574793,5.27,1.98,1.44,0.26,,2.5,87.3,120,,,reliable,
Goldwood,GW-215/4,4,15,,,823,5.075,3.6,,,,94.4,,29.6,291.6,7.889,2.435,1.861,,,3,88,135,,,reliable,
Goldwood,GW-215/40/8,8,15,,,823.4,9.93,7.15,0.84,,,99,,30.53,261.0813256,5.15,1.38,1.09,0.27,,3.5,89.8,150,,,reliable,
Goldwood,GW-215/8,8,15,,,823.4,6.1,7.1,,,,75.5,,29.5,366.5,7.087,2.694,1.952,,,3.5,87.9,135,,,reliable,
Goldwood,GW-4028/S,8,4,,,49.5,4.8,7.1,0.4,,,6,,83.1,1.982179261,2.4,1,0.7,0.61,,1.5,,40,,,reliable,
Goldwood,GW-5028/S,8,5.25,,,83.65,5.3,7.1,0.4,,,9,,80.1,4.247526989,3.9,1.2,0.9,0.43,,2,,70,,,reliable,
Goldwood,GW-6024,4,6.5,,,136.35,5.72,3.6,0.4,,,19.1,,53.7,11.89307557,3.05,0.71,0.57,0.46,,2.5,,90,,,reliable,
Goldwood,GW-6028,8,6.5,,,136.35,6.1,7.3,0.5,,,16,,58.1,11.6099071,3.5,1.2,0.9,0.47,,2.5,,90,,,reliable,
Goldwood,GW-8003/8,8,8,,,214.08,6.26,7.3,0.62,,,21.2,,41.5,44.45744915,3.23,1.04,0.79,0.69,,2,,130,,,reliable,
Goldwood,GW-8024,4,8,,,218.2,5.61,3.7,0.4,,,28.5,,44.1,30.58219432,3.42,0.93,0.73,0.46,,2.5,,100,,,reliable,
Goldwood,GW-8028,8,8,,,218.2,6,7.2,0.5,,,26.9,,36,43.60794375,3.9,1.21,0.92,0.73,,2.5,,100,,,reliable,
Goldwood,GW-S525/4,4,5.5,,,82.29,3.9,3.6,0.3,,,10.5,,72.9,4.247526989,3.79,1.15,0.88,0.45,,2,,70,,,reliable,
Goldwood,GW-S525/8,8,5.5,,,82.29,5.41,7,0.4,,,9.7,,81.1,3.681190057,2.87,1.18,0.84,0.4,,2,,70,,,reliable,
Goldwood,GW-S650/4,4,6.5,,,139.7,4.61,3.7,0.3,,,14.6,,55,15.57426563,3.79,0.87,0.71,0.57,,2.5,,80,,,reliable,
Goldwood,GW-S650/8,8,6.5,,,139.7,6.17,7,0.4,,,16.8,,56.2,13.02574943,3.49,1.09,0.83,0.48,,2.5,,85,,,reliable,
Goodmans,AXIOM 150 MK2,16,12,,,552,20.9,11.6,,,,43.3,,37.5,177.6,1.58,0.27,0.231,,,3,95.8,80,,,reliable,
Goodmans,AXIOM 201,8,12,,,549.5,10.6,5.49,,,,37.6,,42.5,157.7,2.891,0.493,0.421,,,2.5,97.5,30,,,reliable,
Goodmans,AXIOM 301,8,12,,,491,11.6,5.71,,,,27.4,,31.7,311,3.41,0.23,0.215,,,2.8,99.8,20,,,reliable,
Goodmans,AXIOM 301,8,12,,,551.1,14,7.51,,,,34.8,,36.4,234.1,3.17,0.304,0.277,,,3.2,98,40,,,reliable,
Goodmans,AXIOM 401,8,12,,,572,12.3,6.73,,,,39.5,,40.3,181.2,1.49,0.447,0.344,,,2.5,97,40,,,reliable,
GOTO,SG38WNS,16,15,,,940,37.4,11.1,,,,114.2,,28.1,348.6,3.89,0.16,0.154,,,4,97.4,200,,,reliable,
GR Research,SW-12-04,4,12,,,490,13.7,3,,,,141.1,,21,137,4.308,0.298,0.279,,,8.3,92.5,200,,,reliable,
GR Research,SW-12-08,8,12,,,490,18,6,,,,138.1,,23.1,115.7,4.04,0.37,0.339,,,8,89.1,200,,,reliable,
GR Research,SW-12-16FR,16,12,,,490,14.5,14,,,,103.2,,23.8,145.9,2.797,1.021,0.748,,,9.8,82.4,200,,,reliable,
Gradient,GCP 312/8,8,12,,,460,11.7,7.16,,,,57.3,,26,194,2.064,0.489,0.395,,,4.8,90.9,100,,,reliable,
Great Plains Audio,212-8A GPA,8,12,,,527.1,11.8,5.83,,,,35.4,,51.2,106.4,10.57,0.48,0.459,,,3,98.1,300,,,reliable,
Great Plains Audio,3124 GPA,8,12,,,506.5,15.3,6.4,,,,72.1,,26,186.9,2.92,0.32,0.288,,,6.4,93.1,250,,,reliable,
Great Plains Audio,3127 GPA,8,12,,,506.5,19.9,6.4,,,,51.5,,50,70.8,1.37,0.26,0.219,,,3.4,98.3,250,,,reliable,
Great Plains Audio,3154 GPA,8,15,,,825.8,16.1,6.4,,,,98.4,,25,393.6,2.12,0.38,0.322,,,6.4,95,250,,,reliable,
Great Plains Audio,3156 GPA,8,15,,,825.8,18.5,6.1,,,,68.1,,38,246.4,1.4,0.29,0.24,,,3.8,99.8,250,,,reliable,
Great Plains Audio,3184 GPA,8,18,,,1141.9,20.9,6.5,,,,116.3,,24,690.9,1.38,0.26,0.219,,,6.4,98.5,300,,,reliable,
Great Plains Audio,414-8B (16B),8,12,,,507.6,16.6,7.28,,,,53.2,,25.6,263.1,7.532,0.227,0.22,,,4,95.3,150,,,reliable,
Great Plains Audio,416-8B GPA,8,15,,,823.7,16.6,7.27,,,,88.9,,22.9,517.7,8.188,0.336,0.323,,,4,95.1,150,,,reliable,
Great Plains Audio,416-8B v2016,8,15,,,820,14.5,6.6,,,,65.9,,21.5,787,8.32,0.28,0.271,,,4,97.2,150,,,reliable,
Great Plains Audio,416-8C GPA,8,15,,,825.8,16.9,6.55,,,,66.6,,22.9,693.8,6.7,0.22,0.213,,,3.8,98.6,150,,,reliable,
Great Plains Audio,515-16G GPA,16,15,,,856,25.3,11.3,,,,55,,37,345.5,5,0.225,0.215,,,3,99.4,75,,,unreliable,"coupling_failed: Mms free-air radiation-mass correction exceeds 50% of Mms (0.525), check Sd/Mms, stated Mms=55 g, computed Mmd=26.1167 g, radiation mass difference=52.52% (limit 50%)"
Great Plains Audio,515-8C GPA,8,15,,,856,17,6.46,,,,79.7,,27.8,422.5,8.25,0.31,0.299,,,4.7,97.6,75,,,reliable,
Great Plains Audio,515-8G GPA,8,15,,,856,16.6,6.2,,,,54.1,,37,351.1,5,0.284,0.269,,,3.5,101.1,75,,,unreliable,"coupling_failed: Mms free-air radiation-mass correction exceeds 50% of Mms (0.534), check Sd/Mms, stated Mms=54.1 g, computed Mmd=25.2167 g, radiation mass difference=53.39% (limit 50%)"
Great Plains Audio,515-8GHP GPA,16,15,,,856,23.8,8.6,,,,55.5,,37,342.6,4.5,0.195,0.187,,,2.8,101.2,75,,,unreliable,"coupling_failed: Mms free-air radiation-mass correction exceeds 50% of Mms (0.520), check Sd/Mms, stated Mms=55.5 g, computed Mmd=26.6167 g, radiation mass difference=52.04% (limit 50%)"
Great Plains Audio,515-8LF GPA,8,15,,,856,18.1,6.7,,,,73.7,,27.4,470.1,11.63,0.261,0.255,,,5.1,98.4,125,,,reliable,
Great Plains Audio,604-8H III,8,15,,,825.8,19.4,7.14,,,,64.6,,33.7,329.9,11.8,0.26,0.254,,,3.8,99.3,100,,,reliable,
Great Plains Audio,604-8H-II,8,15,,,825.8,13.9,4.87,,,,54.8,,30.9,463,8.49,0.27,0.262,,,3.8,101.2,100,,,reliable,
Great Plains Audio,604-D,8,15,,,825.8,20,7,,,,73.9,,27.1,446,7.1,0.22,0.213,,,3.8,98.6,100,,,reliable,
Great Plains Audio,604-H III,8,15,,,825.8,19.4,7.14,,,,64.6,,33.7,329.9,11.8,0.26,0.254,,,3.8,99.3,100,,,reliable,
Great Plains Audio,604E-II v2012,8,15,,,823.7,18,7.31,,,,84.3,,26.2,415.2,6.654,0.315,0.301,,,3.8,96.1,100,,,reliable,
Ground Zero,GZCK 250SPL,4,10,,,346,8.7,3.3,,,,30.4,,45.4,67.9,9.19,0.38,0.36,,,12,94.1,200,,,reliable,
Ground Zero,GZHW 20XSPL-D1,4,10,,,280,17,2.01,,,,353.8,,38.9,5.2,7.47,0.6,0.555,,,5.4,85.1,700,,,reliable,
Ground Zero,GZHW 30X,4,12,,,496.6,15.5,3.6,,,,169.8,,22.6,101,2.87,0.36,0.32,,,12.3,90.6,800,,,reliable,
Ground Zero,GZHW 38X,8,15,,,851,21.1,4.3,,,,342.5,,22.6,147,5.05,0.47,0.43,,,12.5,90.3,1000,,,reliable,
Ground Zero,GZIW 12XSPL-D2,8,12,,,529,16.1,4.33,,,,232.9,,32.5,40.4,10.76,0.79,0.736,,,7.6,87.1,500,,,reliable,
Ground Zero,GZIW 250X,4,10,,,327,11.5,3.35,,,,97.2,,30.1,43.8,7.89,0.466,0.44,,,7.5,85.9,250,,,reliable,
Ground Zero,GZIW 300X,4,12,,,488,11.4,3.49,,,,130.5,,34.9,53.6,6.82,0.768,0.69,,,7.5,86.6,350,,,reliable,
Ground Zero,GZNW 15XMAX,4,15,,,707.5,24.5,2,,,,571.8,,29.5,35.7,5.13,0.352,0.329,,,10.5,92.2,3000,,,reliable,
Ground Zero,GZPW 15SPL,4,15,,,855,31.7,2.3,,,,461.4,,39.1,36.8,4.83,0.26,0.247,,,3.8,96.7,1000,,,reliable,
Ground Zero,GZRW 12XD-AL,8,12,,,462,22.2,7.8,,,,173.3,,29,52,4.57,0.5,0.451,,,9.2,86.1,500,,,reliable,
Ground Zero,GZRW 12XS-AL,4,12,,,489.9,17.4,3.8,,,,182.1,,30,52,4.8,0.43,0.395,,,8.9,90.4,600,,,reliable,
Ground Zero,GZRW 15XSPL D2,4,15,,,831.7,20.6,3.8,,,,333.7,,34.1,63.3,7.56,0.64,0.59,,,11.3,91.1,2400,,,reliable,
Ground Zero,GZRW 30SPL,8,12,,,486.5,17.9,4,,,,145.7,,33.3,52,5.97,0.38,0.357,,,9.1,92,750,,,reliable,
Ground Zero,GZTW 12MK2,8,12,,,505,11.1,4,,,,120.4,,22.5,148.6,4.04,0.55,0.484,,,14.7,89.9,400,,,reliable,
Ground Zero,GZTW 30,4,12,,,526.1,13.2,3.8,,,,143,,25,110,4.579,0.487,0.44,,,11.2,90.7,400,,,reliable,
Ground Zero,GZTW 30T,4,12,,,500,12.5,3.8,,,,129.1,,25,110,4.58,0.49,0.443,,,11.9,90.7,400,,,reliable,
Ground Zero,GZUW 300SQ,8,12,,,524.5,18.9,6,,,,176.2,,25.3,86.6,4.22,0.47,0.423,,,12.9,88,700,,,reliable,
GRS,10PF,8.0,10,,,344.7,6.8,7.56,1.19,,,35.7,,43,64.2792,5.32,1.66,1.27,0.35,,3,87,110,,,reliable,
GRS,10PR,8.0,10,,,345.1,8,7.58,1.12,,,45.7,,37,60.8812,4.8,1.5,1.14,0.34,,3,85,80,,,reliable,
GRS,10PT,8.0,,,,348,13.4,7.1,1.6,,,43,,47,46.1565,11.4,0.5,0.48,0.27,,7.8,93,200,,,reliable,
GRS,10SFPC-B,8,10,,,353.4,7.7,5.8,1.32,,,38.2,,32,137.337,3.01,0.77,0.62,0.53,,4.25,89,75,,,unreliable,"vas_inconsistent: stated=137.337 L, computed=93.7691 L, difference=31.72% (limit 20%)"
GRS,10SMP-4,4,10,,,340,8.2,3.8,0.34,,,63,,28,84.95053978,2.72,0.63,0.51,0.51,,5,,70,,,reliable,
GRS,10SMP-8,8,10,,,340,9.6,6.1,0.46,,,61,,29,80.98618125,2.75,0.73,0.58,0.49,,5,,70,,,reliable,
GRS,10SW,4.0,10,,,344.4,7.1,3.7,1,,,58.1,,43,39.6,4.8,1.16,0.93,0.24,,8.5,90,120,,,reliable,
GRS,10SW-4,8,10,,,336.5,8.3,4.14,,,,60.5,,34,57.5,3.38,0.78,0.634,,,6.3,89.5,120,,,reliable,
GRS,10SW-4HE,4,10,,,346.4,10.8,3.8,3,,,110.7,,25,60.5981,4,0.57,0.5,0.36,,11,87.5,200,,,reliable,
GRS,12PF,8.0,12,,,524.3,6.3,7.56,1.15,,,61.8,,35,149.513,5.97,2.08,1.54,0.29,,3.5,87,120,,,unreliable,"qes_inconsistent: stated=2.08 , computed=2.58867 , difference=24.46% (limit 20%); vas_inconsistent: stated=149.513 L, computed=112.93 L, difference=24.47% (limit 20%)"
GRS,12PT,8.0,12,,,530.9,17.4,7.6,1.9,,,73,,35,112.135,12.1,0.4,0.39,0.28,,7.8,93,350,,,reliable,
GRS,12SFPC-B,8,12,,,500,7.3,5.8,1.28,,,40.9,,34.8,166.22,3.29,0.87,0.69,0.47,,4.25,90,80,,,reliable,
GRS,12SMP,4.0,12,,,516,10.2,3.9,0.41,,,93,,28,132,3.1,0.61,0.51,0.35,,5.5,91.9,90,,,reliable,
GRS,12SMP,8.0,12,,,516,12,5.8,0.54,,,96,,28,127.4,3,0.68,0.56,0.34,,5.5,89.5,90,,,reliable,
GRS,12SW,4.0,12,,,530,9.5,3.7,1.1,,,124.6,,32,69.2,4.51,1.27,0.98,0.2,,8.5,88,120,,,reliable,
GRS,12SW-4HE,4,,,,507.3,16.2,3.9,3.5,,,237,,22,80.4198,4.08,0.48,0.43,0.22,,12.5,84.5,250,,,reliable,
GRS,15PF,8.0,15,,,825.6,9.3,7.21,1.14,,,119.3,,29,265.895,5.09,1.92,1.39,0.23,,4,87,150,,,reliable,
GRS,15PT,8.0,15,,,829.6,20.2,7.4,2.1,,,137,,28,242.109,11.7,0.43,0.41,0.24,,7.8,93,350,,,reliable,
GRS,15SSW-4HE,4,15,,,819.4,16.6,4.2,3.7,,,283.8,,20.7,196.519,4.27,0.55,0.49,0.21,,12.3,90,300,,,reliable,
GRS,15SSW-4HE,8,15,,,819.4,16.8,4.2,,,,283,,20.7,196.6,4.27,0.55,0.487,,,9.5,89.8,300,,,reliable,
GRS,18PT,8.0,18,,,1234,19.5,6.9,1.9,,,218,,23,475.723,9.59,0.58,0.54,0.22,,7.8,93,350,,,reliable,
GRS,3FR,4.0,3,,,31.2,3,4,0.39,,,3,,135,0.849505,4.11,1.11,0.88,0.4,,2,84,10,,,unreliable,"vas_inconsistent: stated=0.849505 L, computed=0.551595 L, difference=35.07% (limit 20%)"
GRS,4FR,8.0,4.5,,,66.1,6.4,8.11,0.71,,,5.8,,100,3.11485,5.14,0.98,0.82,0.27,,1,91,15,,,unreliable,"fs_inconsistent: stated=100 Hz, computed=127.182 Hz, difference=27.18% (limit 20%); qes_inconsistent: stated=0.98 , computed=0.721554 , difference=26.37% (limit 20%); vas_inconsistent: stated=3.11485 L, computed=1.67116 L, difference=46.35% (limit 20%)"
GRS,4PF,8.0,4,,,55.2,3.1,6.8,0.5,,,4.8,,137,1.2,5.81,2.9,1.94,0.28,,1.5,83,40,,,reliable,
GRS,4SMP,4.0,4,,,54,3.9,3.7,0.32,,,7.7,,58,4,3.05,0.67,0.55,0.98,,4,86,30,,,reliable,
GRS,4SMP-8,8,4,,,54,4.2,5.5,0.58,,,6.6,,63,3.992675369,3,0.83,0.65,0.97,,4,,30,,,reliable,
GRS,5PF-8,8,5.25,,,75.2,3.8,7.3,0.5,,,6.1,,162,1.41584233,5.96,3.09,2.04,0.16,,2.5,,90,,,reliable,
GRS,5SMP,4.0,5.25,,,80,4.9,3.7,0.58,,,10.4,,62,6,4.21,0.62,0.54,0.63,,2,88.8,35,,,reliable,
GRS,5SMP,8.0,5.25,,,80,7,6,1,,,12,,55,6.4,3.26,0.51,0.44,0.7,,2,86.4,35,,,reliable,
GRS,6LPSW,4.0,6.5,,,103.8,5.39,3.7,1,,,35.8,,48,7.588914887,5.26,1.35,1.07,0.31,,4,83.2,30,,,unreliable,"vas_inconsistent: stated=7.58891 L, computed=4.73159 L, difference=37.65% (limit 20%)"
GRS,6PF,8.0,6.5,,,140.3,6.5,7.59,1.09,,,12.3,,82,7.07921,3.67,1.3,0.95,0.38,,3,87,90,,,unreliable,"vas_inconsistent: stated=7.07921 L, computed=10.5962 L, difference=49.68% (limit 20%)"
GRS,6PR,8.0,6.5,,,140.3,6.1,7.1,1.1,,,14.2,,69,10.6,3.51,1.16,0.87,0.38,,3,87,60,,,reliable,
GRS,6PT,8.0,,,,136.6,6.4,7.4,1.1,,,8,,94,9.48614,4.74,0.85,0.72,0.36,,4.2,92,100,,,reliable,
GRS,6SMP,4.0,6.5,,,136,7,3.7,0.29,,,21,,45,15,2.73,0.45,0.39,0.6,,5,90.2,50,,,reliable,
GRS,6SMP-8,8,6.5,,,136,8.37,6.1,0.43,,,21,,47,14.49822546,2.7,0.54,0.45,0.55,,5,,50,,,reliable,
GRS,8FR,8.0,8,,,215,8.52,7.3,1.19,,,22.16,,45.1,36.99,4.83,0.63,0.56,0.56,,3,89.7,60,,,reliable,
GRS,8PF,8.0,8,,,215.4,6.5,7.2,1.1,,,23.3,,50,28.9,4.94,1.22,0.98,0.44,,3,87,100,,,reliable,
GRS,8PR,8.0,8,,,209.8,6.9,7.58,1.09,,,23.42,,52,21.5208,4.77,1.45,1.11,0.36,,3,85,65,,,reliable,
GRS,8PT,8.0,,,,212.6,10.2,7.1,1.5,,,23,,59,20.105,9.93,0.59,0.55,0.31,,6.5,92,150,,,reliable,
GRS,8SMP,4.0,8,,,211,7.56,3.8,0.3,,,29,,38,37.6,2.69,0.46,0.39,0.61,,5.5,91.7,60,,,reliable,
GRS,8SMP,8.0,8,,,211,8.95,5.8,0.41,,,29.5,,41,32.5,2.85,0.55,0.46,0.51,,5.5,89.5,60,,,reliable,
GRS,8SW,4.0,8,,,216.8,5.8,3.86,0.84,,,33.2,,49,26.3347,4.22,1.19,0.88,0.33,,6,88,80,,,reliable,
GRS,8SW-4HE,4,8,,,227,10.5,3.8,2.7,,,93.7,,24.9,31.71486818,4.42,0.51,0.45,0.44,,10.8,,150,,,reliable,
GRS,8SW-4HE,8.0,,,,227,10.5,3.8,2.7,,,93.7,,24.9,31.7149,4.42,0.51,0.45,0.44,,10.8,85,150,,,reliable,
GRS,A25-10,6,10,,,346,12,6.6,1.7,,,49.6,,30,90.61390909,2.5,0.43,0.37,0.55,,4.5,,70,,,reliable,
GRS,K-33,4.0,15,,,855.3,10.93,3.52,1.129,,,91.55,,32,274.107,12.61,0.5458,0.52,0.267,,8.25,97,200,,,reliable,
GRS,NRT25-8,8,1,,,3.76,1.62,6.9,0.08,,,0.46,,380,0.008495053978,2.41,2.9,1.32,0.38,,2.5,,5,,,reliable,
GRS,NRT50-8,8,2,,,8.9,2.57,6.2,0.12,,,1.11,,250,0.05663369318,4.43,1.65,1.21,0.36,,2.5,,15,,,unreliable,"vas_inconsistent: stated=0.0566337 L, computed=0.0403955 L, difference=28.67% (limit 20%)"
Hartke,10XL16,16,10,,,344,17.6,11.9,,,,32.1,,69.3,27.3,3.819,0.536,0.47,,,5,92.5,400,,,reliable,
Hartke,VLF1008,8,10,,,344,9.4,6.68,,,,34.8,,68,26.2,7.218,1.114,0.965,,,2.1,91.4,75,,,reliable,
Helix,HXS 1206,4,12,,,510,12.4,2.55,,,,138.1,,25,107,5.35,0.36,0.337,,,7,93.6,350,,,reliable,
Helix,P10W PRECISION,4,10,,,346,13.4,2.8,,,,123,,25,50,3.26,0.306,0.28,,,6.5,85.9,350,,,reliable,
Helix,P12,4,12,,,515.6,15.1,3.2,,,,173.8,,21.4,118.6,3.59,0.33,0.302,,,9.9,91.4,350,,,reliable,
Helix,P12W PRECISION,4,12,,,511,18.1,3,,,,179.1,,27,72,3.81,0.27,0.25,,,8.5,89,400,,,reliable,
Helix,W-12 COMPETITION,4,12,,,519,15.1,3.2,,,,174.9,,21.4,118.6,3.6,0.33,0.3,,,11,87.3,350,,,reliable,
Hertz Audio,DS 25.3,4,10,,,361,8.5,3.41,,,,106,,36,34,5,1.13,0.92,,,9,83.3,150,,,reliable,
Hertz Audio,DS 250.3,4,10,,,354,11.8,3.54,,,,120,,36,29,6.35,0.69,0.62,,,10,84.8,200,,,reliable,
Hertz Audio,DS 30.3,4,12,,,529,11.6,3.43,,,,127,,29,94,3.95,0.59,0.51,,,9,87.7,250,,,reliable,
Hertz Audio,DS 38.3,4,15,,,847,11.4,3.3,,,,198,,23,244,5.4,0.74,0.65,,,9,87.9,300,,,reliable,
Hertz Audio,ES 250,4,10,,,349,10.6,2.6,,,,112,,26.9,54,7.5,0.582,0.54,,,9,84.4,500,,,unreliable,"qes_inconsistent: stated=0.582 , computed=0.438038 , difference=24.74% (limit 20%)"
Hertz Audio,ES 300,4,12,,,548,13.46,2.93,,,,151.2,,28,89.4,3.45,0.43,0.38,,,9,94,350,,,reliable,
Hertz Audio,ES 300.5,4,12,,,507,12.6,3.26,,,,155,,35,48.5,11.4,0.7,0.66,,,9,86.6,350,,,reliable,
Hertz Audio,ES 380.5,4,15,,,811,12.7,3.33,,,,234,,32,98.8,13,0.97,0.9,,,9,87.1,450,,,reliable,
Hertz Audio,ES F25.5,4,10,,,374,10.8,2.84,,,,82,,39,40.2,4.71,0.49,0.44,,,6,88.7,300,,,reliable,
Hertz Audio,ES F30.5,4,12,,,514,10.4,2.84,,,,110,,38,60,4.44,0.69,0.6,,,6,88.6,350,,,reliable,
Hertz Audio,ES380,4,15,,,847,13.2,3.1,,,,204,,24,220,11,0.55,0.52,,,9,93.7,450,,,reliable,
Hertz Audio,ES380.1,4,15,,,847,13.28,2.9,,,,240.2,,24.2,183,3.93,0.6,0.52,,,9,88.2,450,,,reliable,
Hertz Audio,HERTZ DS 300,4,12,,,508,9.1,3.5,,,,66,,28,176,6.4,0.49,0.46,,,4,90.8,150,,,reliable,
Hertz Audio,HX 250,4,10,,,344,13.2,2.8,,,,129,,37,24,4.7,0.49,0.44,,,14,85.8,450,,,reliable,
Hertz Audio,HX 300,4,12,,,502,13.57,2.82,,,,167,,33,49.62,4.4,0.53,0.47,,,14,87.1,600,,,reliable,
Hertz Audio,HX 380,4,15,,,793,13.17,2.8,,,,204,,30,123.2,4.8,0.62,0.55,,,14,89.1,700,,,reliable,
hertz Hertz Audio,ES 250.5,4,10,,,344,11,2.9,,,,123.8,,35,27.7,9.6,0.65,0.609,,,6.6,89,250,,,reliable,
hertz Hertz Audio,ES300,4,12,,,561.9,13.8,2.9,,,,160,,28,89.4,3.45,0.43,0.382,,,7.7,93,350,,,reliable,
hertz Hertz Audio,ES300.5,4,12,,,530.9,12.8,3.1,,,,168.5,,35,48.5,11.4,0.7,0.66,,,6.8,90.8,350,,,reliable,
hertz Hertz Audio,HX250,4,10,,,344,13.3,2.9,,,,127.7,,37,24,4.7,0.49,0.444,,,5.3,90.3,250,,,reliable,
hertz Hertz Audio,HX250,4,10,,,297,13.2,3.2,,,,113.2,,47.5,12.3,2.3,0.62,0.488,,,3.7,89.2,250,,,reliable,
hertz Hertz Audio,HX380D,8,15,,,851,24.9,5.8,,,,270.1,,27,130.6,6.2,0.43,0.402,,,7,91.1,380,,,reliable,
hertz Hertz Audio,ML2500,4,10,,,387.1,16.3,2.6,,,,257.1,,33,19,11,0.52,0.497,,,8,88,700,,,reliable,
hertz Hertz Audio,ML2500.3,4,10,,,344,12,2.75,,,,164.2,,33,23.5,7.5,0.65,0.598,,,10.3,87.8,700,,,reliable,
hertz Hertz Audio,ML5400D,2,21.5,,,1682,13.1,1.1,,,,382.5,,20.7,613,5.73,0.32,0.303,,,8.5,102.9,1000,,,reliable,
hertz Hertz Audio,MPS 250 S4,4,10,,,344.7,16.5,3.3,,,,236.6,,29,21.2,5.6,0.52,0.476,,,8.2,85.8,500,,,reliable,
hertz Hertz Audio,SX380D,8,15,,,851,21.8,4,,,,309.1,,43,45,9.3,0.7,0.651,,,6.1,92.1,1000,,,reliable,
HH Electronics,1200E,16,12,,,452.4,25.6,14.1,,,,36.1,,54,69,3.427,0.263,0.244,,,3.7,95.7,200,,,reliable,
HH Electronics,1201E,8,12,,,459.9,21.3,5.7,,,,49.9,,45.5,72.7,3.3,0.18,0.171,,,3.3,99.3,200,,,reliable,
HH Electronics,1501E,8,15,,,726,19.7,5.68,,,,75.8,,36,190.5,4.96,0.25,0.238,,,4.5,99,200,,,reliable,
HH Electronics,B12L,8,12,,,463.8,16,6.4,,,,41.6,,64,44.8,4.25,0.42,0.382,,,3.4,97.4,200,,,reliable,
HH Electronics,B15L,8,15,,,730.6,14.6,6.73,,,,54.2,,48,151.7,6.09,0.52,0.479,,,3.6,97.8,100,,,reliable,
HH Electronics,DC100LW,8,12,,,463.8,12.6,7.2,,,,37.5,,60,56.6,4.51,0.64,0.56,,,3.2,95.2,100,,,reliable,
Hifonics,CX12D2,8,12,,,510,26.8,4,,,,285.1,,36,25,4.93,0.36,0.336,,,12.5,90.1,4000,,,reliable,
Hifonics,CX15D2,8,15,,,844,27.5,4,,,,370.9,,34,59,5.35,0.42,0.389,,,10,92.4,2250,,,reliable,
Hifonics,MXZ 12D2,8,12,,,500,21.3,4,,,,307.9,,31,30,2.7,0.53,0.443,,,10.3,87.3,1500,,,reliable,
Hifonics,MXZ 12D4,4,12,,,530,5.5,3.2,,,,19.2,,34,450,5.29,0.43,0.398,,,11,102.1,1000,,,unreliable,"coupling_failed: Mms free-air radiation-mass correction exceeds 50% of Mms (0.733), check Sd/Mms, stated Mms=19.2 g, computed Mmd=5.12818 g, radiation mass difference=73.29% (limit 50%)"
Hifonics,OLM800D4,8,12,,,452,22.1,7.2,,,,210.6,,29,41,7.177,0.566,0.525,,,7.5,84.9,800,,,reliable,
Hifonics,ZX1284,4,12,,,498,14.4,3.2,,,,130,,33,63,4.5,0.415,0.38,,,9,89.2,750,,,reliable,
HiVi,12M,4,12,,,515,15.9,3.4,,,,158.7,,27,81.4,4.87,0.36,0.335,,,5.2,92.2,150,,,reliable,
HiVi,B3N,8,3,,,30,3.1,6.5,,,,3.2,,77,1.69901,4.48,1.07,0.86,1.32,,3,81,10,,,reliable,
HiVi,B3S,8,3,,,30,3.06,6.5,,,,2.6,,100,1.132673864,3.75,1.15,0.88,0.99,,3,,15,,,reliable,
HiVi,B4N,8,4,,,53,5.1,6.5,,,,6.8,,56,4.53,3.91,0.63,0.52,1.11,,3.2,85,25,,,reliable,
HiVi,BS10L,4,10,,,363,21.5,3.4,,,,250.5,,43,10.1,5.01,0.5,0.455,,,2.4,87.8,150,,,reliable,
HiVi,CS100B,4,10,,,344,11.6,3.8,,,,127.8,,31,34.2,9.83,0.7,0.653,,,7,86.8,200,,,reliable,
HiVi,D10.8,8,12,,,434,13.4,6.5,,,,75.5,,24,147.248,6.84,0.44,0.41,0.56,,8,90,150,,,reliable,
HiVi,D10G,8,12,,,434,13.4,6.5,,,,84.3,,26,117.3,6.64,0.5,0.465,,,8.3,89,150,,,reliable,
HiVi,D5.4-II,4,5,,,77.52,5.78,3.6,,,,12.5,,60,5.804953551,2.86,0.5,0.42,,,3.5,,40,,,reliable,
HiVi,D5.8,8,13,,,87,9,6,,,,17.3,,52,5.6,3.1,0.421,0.37,,,4.8,84.6,60,,,reliable,
HiVi,D6.8B,8,6,,,121.2,8.7,6.5,,,,21.17,,43,13.59208636,5.21,0.49,0.45,0.647,,5.3,,60,,,reliable,
HiVi,F10,8,10,,,363,16.2,6.5,,,,72.6,,28,78.7208,5.12,0.33,0.31,0.42,,6,89,100,,,reliable,
HiVi,F10 v2009,8,10,,,363,16.2,6.5,,,,75.9,,28,78.6,5.12,0.33,0.31,,,5.5,90.1,100,,,reliable,
HiVi,F12,8,12,,,515,14,6.5,,,,86.6,,25,173.9,2.07,0.45,0.37,,,6,90.7,100,,,reliable,
HiVi,F12 v2009,8,12,,,515,16.1,6.5,,,,95.7,,26,145.6,6.21,0.39,0.367,,,6,91.1,100,,,reliable,
HiVi,M12 8 Ohms,8,12,,,515,22,6.5,,,,158.7,,27,81.4,4.87,0.36,0.335,,,5.2,89.4,150,,,reliable,
HiVi,M12_Le,4,12,,,515,15.9,3.4,,,,158.7,,27,81.4,4.87,0.36,0.335,,,5.2,92.2,150,,,reliable,
HiVi,M12A,8,12,,,515,18.1,4.4,,,,158.7,,27,81.4,4.87,0.36,0.335,,,5.2,91.1,150,,,reliable,
HiVi,M3N,8,3,,,30,3,6.5,,,,2.6,,100,1.41584233,4.2,1.2,0.92,0.82,,3,82,15,,,unreliable,"vas_inconsistent: stated=1.41584 L, computed=1.04546 L, difference=26.16% (limit 20%)"
HiVi,M3N-B,8,3,,,30,3,6.5,,,,2.6,,91,1.5,3.57,1.03,0.8,0.82,,3,82,15,,,unreliable,"vas_inconsistent: stated=1.5 L, computed=1.04546 L, difference=30.30% (limit 20%)"
HiVi,M4N,8,4,,,53,3.1,6.5,,,,4.8,,69,4.5307,5.9,1.35,1.08,1.28,,3,82,15,,,reliable,
HiVi,M5N-B,8,5,,,87,7.5,6.5,,,,10.7,,47,11.3,6.51,0.37,0.35,1.051,,2.7,87,35,,,reliable,
HiVi,M6N,8,6,,,133,7.8,6.5,,,,13.6,,46,21.804,4.69,0.42,0.39,0.871,,4.3,89,45,,,reliable,
HiVi,M6N-B,8,6,,,133,7.8,6.5,,,,13.6,,46,21.80397188,4.69,0.42,0.39,0.871,,4.3,,45,,,reliable,
HiVi,PA18,8,18,,,1288,21.6,5.2,,,,150.3,,41,233.1,3.98,0.43,0.388,,,4.9,99.6,400,,,reliable,
HiVi,S10II,8,10,,,363,12.5,4.2,,,,53.3,,20,219.3,3.61,0.18,0.171,,,7,94.7,150,,,reliable,
HiVi,S10IIP,8,10,,,363,12.5,4.2,,,,65.4,,27,98.1,6.76,0.3,0.287,,,7,92.9,150,,,reliable,
HiVi,SP10,4,10,,,363,16.3,3.4,,,,236.7,,34,17.1,4.83,0.65,0.573,,,6.7,85.8,500,,,reliable,
HiVi,W10,8,10,,,363,12.2,6.5,,,,46.9,,35,81.4,2.02,0.45,0.368,,,6.2,91.8,150,,,reliable,
HiVi,W12,8,12,,,539,13.6,6.5,,,,84.3,,28,156,2.16,0.52,0.419,,,6.9,91.1,150,,,reliable,
Hiwell,15NDF100C1,8,15,,,924,19.4,5,,,,79.6,,45,188,5.62,0.3,0.285,,,6,101.6,750,,,reliable,
HSU Research,VTF-2 10,4,10,,,394,11.5,3.2,,,,82.8,,38.4,38.51,7.2,0.48,0.45,,,8,88.4,200,,,reliable,
Hyper Phase,BF10R,8,10,,,320,6.6,7,,,,23,,45,78,3.84,1.06,0.831,,,3.5,90.8,60,,,reliable,
Hyper Phase,CM10,8,10,,,320,9.7,7.2,,,,19.1,,65,45,3.43,0.6,0.511,,,3.3,95.6,100,,,reliable,
Hyper Phase,CM12,8,12,,,530,13,6.1,,,,46.2,,40,135,3.24,0.42,0.372,,,3.5,96.3,100,,,reliable,
Hyper Phase,CM15S,8,15,,,880,17.3,5.8,,,,77.7,,38,245,11.82,0.36,0.349,,,4.5,99.1,150,,,reliable,
Hyper Phase,CM15T,8,15,,,880,13.5,6.1,,,,72.9,,35,308,8.57,0.54,0.508,,,3.5,97,150,,,reliable,
Hyper Phase,HP15-8,8,15,,,855,13.1,6.8,,,,66.2,,28,500,2.66,0.46,0.392,,,5,96.5,150,,,reliable,
Iconic Speakers,165-16G,16,15,,,855,24.6,11.3,,,,53,,37,357.9,5,0.23,0.22,,,3.1,99.4,75,,,unreliable,"coupling_failed: Mms free-air radiation-mass correction exceeds 50% of Mms (0.544), check Sd/Mms, stated Mms=53 g, computed Mmd=24.1673 g, radiation mass difference=54.40% (limit 50%)"
Iconic Speakers,165-8G,8,15,,,855,16.4,6.2,,,,52.1,,37,363.7,5,0.28,0.265,,,3.5,101.3,75,,,unreliable,"coupling_failed: Mms free-air radiation-mass correction exceeds 50% of Mms (0.553), check Sd/Mms, stated Mms=52.1 g, computed Mmd=23.2673 g, radiation mass difference=55.34% (limit 50%)"
Iconic Speakers,165-8GHP,8,15,,,855,18.6,5.6,,,,53.4,,37,354.9,4.5,0.2,0.191,,,3,103.1,200,,,unreliable,"coupling_failed: Mms free-air radiation-mass correction exceeds 50% of Mms (0.540), check Sd/Mms, stated Mms=53.4 g, computed Mmd=24.5673 g, radiation mass difference=53.99% (limit 50%)"
Iconic Speakers,704-8A,8,15,,,825,16.3,6.8,,,,54.7,,30.9,463,8.49,0.27,0.262,,,5.1,99.7,140,,,reliable,
Image Dynamics,CTX128,8,10,,,545,16.01,7.8,,,,149.91,,23.3,131.01,3.539,0.668,0.562,,,16,85.8,175,,,reliable,
Image Dynamics,IDMAX 12D4V3,8,12,,,545,17.4,6,,,,159.8,,20,165,2.1,0.4,0.336,,,12.3,88.4,400,,,reliable,
Image Dynamics,IDQ10DQV3,8,10,,,399.1,13.1,4.1,,,,122.2,,25.5,71,2.1,0.47,0.384,,,9,88.9,300,,,reliable,
Infinity,1030W,4,10,,,355,14.96,3.48,,,,143.05,,29.62,35.72,6.24,0.42,0.39,,,12.25,88,250,,,reliable,
Infinity,1062W 2-8,2,10,,,363,10.7,1.8,,,,150.3,,30.4,33.7,7.98,0.45,0.426,,,6.5,91.7,275,,,reliable,
Infinity,120.3SE,4,12,,,517,16.2,3.56,,,,211.2,,28.4,55.6,6.82,0.51,0.475,,,6.8,89.5,300,,,reliable,
Infinity,1200WIB,4,12,,,510,7.3,3.5,,,,65,,35,116,4.92,0.94,0.789,,,5.1,92.8,250,,,reliable,
Infinity,120W.IB,4,12,,,510,8.7,3,,,,71,,32,127,6.98,0.57,0.527,,,8.1,94.9,200,,,reliable,
Infinity,1211W,4,12,,,510,10.1,3.17,,,,60.7,,35.1,123.3,7.31,0.42,0.397,,,4.5,97,100,,,reliable,
Infinity,1230W,4,12,,,532,14.6,3.4,,,,172.2,,27.3,78.5,6.14,0.47,0.437,,,7.9,91,300,,,reliable,
Infinity,1240W,4,12,,,532,14.2,3.4,,,,184.6,,25.4,84.4,7.62,0.5,0.469,,,5.8,90.1,300,,,reliable,
Infinity,1260W,4,12,,,531,16.8,3.59,,,,218.5,,23.5,83,6.99,0.41,0.387,,,6.5,89.7,300,,,reliable,
Infinity,1262W DVC,2,12,,,531,10.7,1.8,,,,199.9,,25,80.1,6.84,0.49,0.457,,,6.5,92.5,300,,,reliable,
Infinity,902-3061,4,10,,,344,6.4,3.4,,,,38.9,,27,148,3.48,0.55,0.475,,,4,92.9,150,,,reliable,
Infinity,BETA TWELVE 12,4,10,,,355.8,9.5,2.8,,,,58.8,,22,158,7.88,0.25,0.242,,,10,94.8,500,,,reliable,
Infinity,BETA12,4,12,,,517,13.9,2.8,,,,124.1,,22,158,7.88,0.25,0.242,,,10,94.8,500,,,reliable,
Infinity,BETA15,4,15,,,829,17.5,3.4,,,,141.5,,24.4,289.9,5.82,0.24,0.23,,,7.9,98.1,350,,,reliable,
Infinity,KAPPA 100.9,4,10,,,345,16.54,3.68,,,,188,,33.8,18.05,2.43,0.537,0.44,,,17.5,83,350,,,reliable,
Infinity,KAPPA 1000W,2,10,,,330,12,1.97,,,,155.7,,30.5,27,4,0.408,0.37,,,10.25,84.6,1000,,,reliable,
Infinity,KAPPA 120.1SE,4,12,,,511,12.6,3.32,,,,124.8,,22.5,146.5,12.44,0.37,0.359,,,11.2,92.4,300,,,reliable,
Infinity,KAPPA 120.9W,8,12,,,518.8,18.3,4.3,,,,237.3,,27.2,54.4,2.47,0.52,0.43,,,6.7,87.9,350,,,reliable,
Infinity,KAPPA 1200W,2,12,,,531,11.32,1.94,,,,224,,26.5,64.47,4,0.566,0.496,,,12.75,85.1,500,,,reliable,
Infinity,KAPPA CS 120 BR,4,12,,,510,10.1,3.17,,,,60.6,,35.2,123.2,7.31,0.42,0.397,,,8,97.1,250,,,reliable,
Infinity,KAPPA CS 120 LB,4,12,,,530,9.7,3.6,,,,73.5,,29,161.4,8.757,0.513,0.485,,,6.7,94.3,250,,,reliable,
Infinity,KAPPA PERFECT 10,8,10,,,346,16.5,4.11,,,,164.6,,28.4,32.1,8.83,0.44,0.419,,,7.1,87.1,350,,,reliable,
Infinity,KAPPA PERFECT 10.1,4,10,,,346,16.64,4.11,,,,166.71,,28.35,38.511,8.83,0.441,0.42,,,14.15,84.8,350,,,reliable,
Infinity,KAPPA PERFECT 10D VQ31,2,10,,,323,11.5,1.66,,,,155.8,,25.1,37.7,10.24,0.31,0.301,,,8.4,91.7,350,,,reliable,
Infinity,KAPPA PERFECT 12.1,4,12,,,531,16.9,4,,,,224,,23.32,99.97,10.28,0.46,0.44,,,14.15,86.2,350,,,reliable,
Infinity,KAPPA PERFECT 12.1,8,12,,,531,15.3,4,,,,184.2,,23.3,100,10.28,0.46,0.44,,,7.1,89.4,250,,,reliable,
Infinity,PRIMUS 1270,4,12,,,530,13.4,3.6,,,,149.5,,29.7,75.7,3.9,0.56,0.49,,,11.3,87.3,300,,,reliable,
Infinity,REFERENCE 1060W,4,10,,,363,16.02,3.59,,,,173.364,,29,32.9,7.59,0.44,0.42,,,13.0048,88,275,,,reliable,
Infinity,REFERENCE 1200S,4,12,,,503,12.9,4.2,,,,177,,22.8,97.56,3.6,0.64,0.54,,,7.6,84.4,250,,,reliable,
Infinity,REFERENCE 1240W,4,12,,,534,14.2,3.4,,,,187.6,,25.4,84.4,7.6,0.5,0.47,,,11.5,86.3,300,,,reliable,
Infinity,REFERENCE 1250W,4,12,,,532,14.2,3.4,,,,187.6,,25.4,84.4,7.6,0.5,0.47,,,11.5,86.3,300,,,reliable,
Infinity,REFERENCE 1260W,4,12,,,531,16.9,3.6,,,,222,,23.5,83,6.99,0.41,0.39,,,13,86,300,,,reliable,
Infinity,TWEELVE,8,12,,,517,16.6,4,,,,124.1,,22,158,7.88,0.25,0.242,,,10,93.3,500,,,reliable,
Isophon,37/10,4,12,,,572.6,7,2.58,,,,36.8,,47.1,142.5,11.82,0.568,0.542,,,1.8,101.1,17,,,reliable,
Isophon,BS 35-8,8,10,,,346,6.2,6.3,,,,22.9,,26.8,259,2.07,0.624,0.479,,,4.5,92,50,,,reliable,
Isophon,BS 35-8,8,10,,,346,6,6.35,,,,19.2,,24.6,365,1.917,0.533,0.417,,,4.5,93.1,50,,,reliable,
Isophon,P30/37A,16,12,,,491,16.4,8,,,,63.9,,54.6,45,3.78,0.65,0.555,,,1.4,92.5,25,,,reliable,
Isophon,PSL 300/50,4,12,,,518.7,9.1,2.7,,,,82,,40.3,71.7,4.367,0.672,0.582,,,2.8,95.1,50,,,reliable,
Jamo,20325,4,12,,,517,6.6,3.6,,,,56.7,,32,163.4,7.95,0.95,0.849,,,5,93,100,,,reliable,
Jamo,20388,8,15,,,851,8.4,5.81,,,,71.2,,27,495.6,5.9,0.99,0.848,,,6,93.3,100,,,reliable,
Jamo,20388 - 15,8,15,,,851,8.4,5.81,,,,71.3,,27,495,5.9,0.99,0.848,,,6,93.3,100,,,reliable,
Jamo,22320,4,10,,,344,3.9,3.19,,,,28,,35,122.6,5.92,1.29,1.059,,,4,92.1,80,,,reliable,
JB Systems,153431 SW 15 250,8,15,,,706,19.5,6.47,,,,63.9,,49,115.3,4.218,0.334,0.309,,,4.1,99,250,,,reliable,
JB Systems,PWX10-200,8,10,,,360,11.5,6,,,,39.8,,85,16,3.104,0.971,0.74,,,2.4,93.3,200,,,reliable,
JB Systems,PWX12-200,8,12,,,530.9,14.4,6,,,,51.2,,59.4,55.5,3.41,0.55,0.474,,,3.6,96.5,200,,,reliable,
JB Systems,PWX15-300,8,15,,,855.3,14.5,5.5,,,,95,,40.1,169.9,4.47,0.63,0.552,,,5,96,300,,,reliable,
JB Systems,PWX18-600,8,18,,,1320,31.6,6,,,,171.9,,40,225,4.64,0.26,0.246,,,4.6,100.7,600,,,reliable,
JB Systems,SP12/200,8,12,,,540,7.7,7.12,,,,52.4,,42.9,107.3,7.585,1.694,1.385,,,3,89.5,200,,,reliable,
JB Systems,WHAREFEDALE B-15-250,8,15,,,860,17.9,5.5,,,,87.1,,49.1,125,3.7,0.46,0.409,,,4,98.7,250,,,reliable,
JBL,1000GTI,4,10,,,345,10.04,3.2,,,,58.68,,62,19,5.44,0.73,0.64,,,5.97,86,300,,,reliable,
JBL,10CV5,8,10,,,350,7.7,6.6,,,,43.8,,78,16,7.71,2.42,1.81,,,2.5,86.8,100,,,reliable,
JBL,1200FE-8,8,12,,,515,19.4,5.6,,,,103.3,,27,125,15.57,0.26,0.256,,,10,93.3,600,,,reliable,
JBL,122A,8,12,,,527.1,16,5.7,,,,100.5,,17,339.8,7,0.24,0.232,,,6.9,91.9,100,,,reliable,
JBL,123A,8,12,,,486.5,8.7,4.4,,,,57.2,,25,235,8.5,0.52,0.49,,,7.9,93.1,100,,,reliable,
JBL,124A,8,12,,,527.1,20.9,6.3,,,,96.5,,16,399.3,6,0.14,0.137,,,5.1,93.7,100,,,reliable,
JBL,125A,8,12,,,486.5,10.1,5.2,,,,57.2,,25,235,7.5,0.46,0.433,,,4.8,92.9,50,,,reliable,
JBL,127A,8,12,,,486.5,10.1,5.2,,,,57.2,,25,235,7.5,0.46,0.433,,,4.8,92.9,50,,,reliable,
JBL,127H,8,10,,,316.1,7.3,6.6,,,,23.9,,25,237.9,7.5,0.46,0.433,,,4.8,91.9,50,,,reliable,
JBL,127H-1,8,10,,,320,10.4,6.1,,,,33.8,,31,112,8.077,0.374,0.357,,,5,92.7,50,,,reliable,
JBL,128-H,8,12,,,527.1,15.9,5.7,,,,88,,20,280.3,7,0.25,0.241,,,7.9,93,150,,,reliable,
JBL,128-H,8,12,,,522,16.9,5.4,,,,96.9,,21.2,222.7,4.959,0.245,0.233,,,7.8,93.1,150,,,reliable,
JBL,128-H,8,12,,,522,16.7,5.31,,,,96.8,,21.6,214.6,5.377,0.251,0.24,,,7.7,93.1,150,,,reliable,
JBL,130A,8,15,,,896.1,22.1,5.7,,,,70.1,,37,297.3,4,0.19,0.181,,,2,102.4,100,,,reliable,
JBL,136A,8,15,,,882.6,20.6,6.3,,,,146.8,,16,736.2,5.5,0.22,0.212,,,5.1,94.4,100,,,reliable,
JBL,1400 PRO,8,12,,,640,18.4,4.1,,,,86.3,,52,62.3,4.1,0.34,0.314,,,7.6,99,1400,,,reliable,
JBL,1500 AL,8,15,,,880.8,21.5,5.4,,,,139.7,,27.3,264.6,12.84,0.28,0.274,,,5.5,96.5,750,,,reliable,
JBL,1501AL-1,16,15,,,865.7,25.8,9.54,,,,117,,19,630,4.34,0.2,0.191,,,6.4,94.6,150,,,reliable,
JBL,1501FE,8,15,,,897,24.6,5.42,,,,150.6,,29.5,217.7,4.25,0.25,0.236,,,6.9,97.2,500,,,reliable,
JBL,15SWV3.8,4,15,,,840,20,3.1,,,,201.9,,53.4,43.9,18.9,0.53,0.52,,,11,92.8,1900,,,reliable,
JBL,15WT3000,4,15,,,814,15.9,3,,,,186,,41,76.3,16.3,0.45,0.44,,,10.6,92.5,1500,,,unreliable,"qes_inconsistent: stated=0.45 , computed=0.568596 , difference=26.35% (limit 20%)"
JBL,18SWT3000(TORNADO),4,18,,,1194,15.9,2.3,,,,243,,41,126,17.7,0.57,0.55,,,10.6,93.7,1500,,,reliable,
JBL,2012H,8,10,,,310,15.6,4.7,,,,29.6,,61,31,4,0.22,0.209,,,3.8,99.3,300,,,reliable,
JBL,2022H,8,12,,,517,14,4.6,,,,39.7,,75,42.5,4.3,0.44,0.399,,,3.4,100.5,300,,,reliable,
JBL,2023H,8,12,,,517,16.1,5.25,,,,43.3,,67,48.8,5.5,0.37,0.347,,,3.7,99.8,300,,,reliable,
JBL,2032H,8,15,,,883.2,12.7,4.2,,,,64.1,,57,133.1,5.5,0.6,0.541,,,4.6,100.9,300,,,reliable,
JBL,2033H,8,15,,,910,16,5.2,,,,69.2,,50,170,7.8,0.44,0.417,,,4.9,100.7,300,,,reliable,
JBL,2035H,4,15,,,880,16.7,3.9,,,,84.9,,48,140.5,5,0.36,0.336,,,4.9,101.5,400,,,reliable,
JBL,2035HPL,8,15,,,880,16.9,4.7,,,,80.8,,43,184,4.9,0.36,0.335,,,5.1,100.4,300,,,reliable,
JBL,2042H,8,18,,,1270,16.4,4.3,,,,111.7,,39,337,5,0.44,0.404,,,7.1,101.3,500,,,reliable,
JBL,2043G,4,18,,,1270,15.1,2.7,,,,155.2,,31,384,7.3,0.36,0.343,,,6.6,101.7,350,,,reliable,
JBL,2120,8,10,,,316.1,10.7,6,,,,18.5,,65,45.3,4,0.4,0.364,,,1.5,98.2,75,,,reliable,
JBL,2121,8,10,,,316.1,14,6.8,,,,26.2,,35,110.4,5.5,0.2,0.193,,,1.5,96.4,50,,,reliable,
JBL,2121H,8,10,,,316.1,14.3,6,,,,26.2,,35,110.4,5.5,0.17,0.165,,,1.5,97.7,50,,,reliable,
JBL,2122H,8,10,,,324.5,14.2,5.8,,,,35.9,,40,65.1,1.9,0.26,0.229,,,3.1,95.4,100,,,reliable,
JBL,2123H,6,10,,,314,13,4.18,,,,24.86,,75,25,4,0.29,0.27,,,2.5,97.4,125,,,reliable,
JBL,2123H,8,10,,,316.1,12.3,4.2,,,,24.8,,85,19.8,2.5,0.37,0.322,,,2.5,100,250,,,reliable,
JBL,2123J,16,10,,,316.1,17.6,8.7,,,,24.8,,85,19.8,2.5,0.37,0.322,,,2.5,96.8,250,,,reliable,
JBL,2125,8,12,,,527.1,11,6,,,,35.8,,45,135.9,4.5,0.5,0.45,,,2.5,97.2,50,,,reliable,
JBL,2130,8,12,,,527.1,17.5,6.3,,,,32.4,,50,121.8,4,0.21,0.2,,,1.5,101.6,100,,,reliable,
JBL,2135,8,15,,,894.2,18.7,6.3,,,,59.7,,40,297.3,4,0.27,0.253,,,1.5,101.5,125,,,unreliable,"coupling_failed: Mms free-air radiation-mass correction exceeds 50% of Mms (0.517), check Sd/Mms, stated Mms=59.7 g, computed Mmd=28.8618 g, radiation mass difference=51.66% (limit 50%)"
JBL,2142H,8,12,,,527.1,10.4,5.2,,,,42,,72,45.3,4.2,0.92,0.755,,,2.2,96.5,100,,,reliable,
JBL,2145A,8,12,,,438.1,9.3,5,,,,48.6,,30,155.7,12,0.53,0.508,,,3.6,93,50,,,reliable,
JBL,2150,8,15,,,754.2,13.2,5.5,,,,67.4,,55,99.1,5,0.73,0.637,,,2,97.1,50,,,reliable,
JBL,2152H,8,12,,,527.1,14.2,4.5,,,,37.1,,85,36.8,3.3,0.44,0.388,,,2,101.6,150,,,reliable,
JBL,2155H,8,15,,,896.1,12.8,4.2,,,,61.8,,53,164.2,4.47,0.53,0.474,,,2.5,101.4,150,,,unreliable,"coupling_failed: Mms free-air radiation-mass correction exceeds 50% of Mms (0.501), check Sd/Mms, stated Mms=61.8 g, computed Mmd=30.8635 g, radiation mass difference=50.06% (limit 50%)"
JBL,2202A,8,12,,,527.1,20.8,5.5,,,,45,,50,87.8,3.5,0.18,0.171,,,2.1,101.5,100,,,reliable,
JBL,2202H,8,12,,,527.1,20.8,5.5,,,,45,,50,87.8,3.5,0.18,0.171,,,2.6,101.5,150,,,reliable,
JBL,2202J,16,12,,,527.1,29.4,11,,,,45,,50,87.8,4.3,0.18,0.173,,,2.6,98.4,150,,,reliable,
JBL,2203A,8,12,,,527.1,20.9,6.3,,,,96.5,,16,399.3,6,0.14,0.137,,,5.1,93.7,100,,,reliable,
JBL,2203H,8,12,,,527.1,20.9,6.3,,,,96.5,,16,399.3,6,0.14,0.137,,,5.1,93.7,100,,,reliable,
JBL,2204H,8,12,,,537.4,15.2,6.2,,,,57.7,,45,87.8,1.7,0.44,0.35,,,5.6,95.7,350,,,reliable,
JBL,2204J,16,12,,,537.4,21.4,12.4,,,,57.7,,45,87.8,1.7,0.44,0.35,,,5.6,92.7,350,,,reliable,
JBL,2205A,8,15,,,896.1,22.4,5.5,,,,106.6,,30,297.3,5,0.22,0.211,,,2.5,99.2,100,,,reliable,
JBL,2205H,8,15,,,896.1,22.4,5.5,,,,106.6,,30,297.3,5,0.22,0.211,,,2.5,99.2,150,,,reliable,
JBL,2205H vpjf 11629 110g,8,15,,,876.2,23.9,6.2,,,,109.3,,44.3,126.9,2.14,0.33,0.286,,,2.5,98.3,150,,,reliable,
JBL,2206H,8,12,,,547.7,17.9,5.3,,,,63.2,,52,62.3,4.45,0.34,0.316,,,5.9,97.9,600,,,reliable,
JBL,2213,8,12,,,486.5,8.7,4.4,,,,57.2,,25,235,8.5,0.52,0.49,,,6.8,93.1,50,,,reliable,
JBL,2213H,8,12,,,486.5,8.7,4.4,,,,57.2,,25,235,8.5,0.52,0.49,,,7.9,93.1,75,,,reliable,
JBL,2214H,8,12,,,527.1,16.4,5.6,,,,83.4,,23,223.7,10.5,0.25,0.244,,,6.6,93.9,200,,,reliable,
JBL,2215A,16,15,,,882.6,21.7,8.8,,,,93.9,,20,736.2,5.5,0.22,0.212,,,4.1,95.8,100,,,reliable,
JBL,2215H,8,15,,,896.1,17.8,5.7,,,,96.8,,20,736.2,5.5,0.22,0.212,,,4.1,97.7,100,,,reliable,
JBL,2216Nd,8,15,,,907.9,19.8,5.27,,,,160.5,,36,140.7,4.76,0.49,0.444,,,7.6,95.1,600,,,reliable,
JBL,2216Nd,8,15,,,907,18.3,5.27,,,,135.1,,36,166.8,4.08,0.48,0.429,,,8.1,95.9,600,,,reliable,
JBL,2216ND,8,15,,,855.3,15,4.93,,,,87.9,,30.7,312.7,14.15,0.37,0.361,,,5,98,100,,,reliable,
JBL,2216ND (pour JBL 4367),8,15,,,910,16.6,5.55,,,,110.6,,28.3,333,7.12,0.397,0.376,,,9.5,96.3,600,,,reliable,
JBL,2216ND-1,8,15,,,910,16.1,5.52,,,,102.1,,27.6,378.4,6.589,0.378,0.357,,,9.5,96.8,600,,,reliable,
JBL,2217H,8,14,,,630,18.4,4.76,,,,83,,45,83.8,6,0.33,0.31,,,7.6,95.5,300,,,reliable,
JBL,2220A,8,15,,,896.1,22.1,5.7,,,,70.1,,37,297.3,4,0.19,0.181,,,2,102.4,100,,,reliable,
JBL,2220B,16,15,,,890,33.3,13.2,,,,68.5,,37,300,4,0.19,0.181,,,2,98.8,100,,,reliable,
JBL,2220H,8,15,,,896.1,22.7,5.7,,,,70.1,,37,297.3,5,0.18,0.174,,,2.7,102.7,100,,,reliable,
JBL,2220J,16,15,,,896.1,34.6,13.2,,,,70.1,,37,297.3,5,0.18,0.174,,,2.7,99,100,,,reliable,
JBL,2225H,8,15,,,896.1,23.1,6.3,,,,104.9,,40,169.9,2.5,0.31,0.276,,,5,98.5,400,,,reliable,
JBL,2225J,16,15,,,896.1,33.1,12.9,,,,104.9,,40,169.9,2.5,0.31,0.276,,,5,95.4,400,,,reliable,
JBL,2226G,4,15,,,882.6,13.7,2.5,,,,98.5,,40,175.6,5,0.33,0.31,,,7,102.4,600,,,reliable,
JBL,2226H,8,15,,,882.6,19.4,5,,,,98.4,,40,175.6,5,0.33,0.31,,,7,99.3,600,,,reliable,
JBL,2226H,8,15,,,881.6,18.3,5.51,,,,140.9,,28.1,247.5,2.746,0.408,0.356,,,7,94.9,600,,,reliable,
JBL,2226H,8,15,,,881.6,18.4,5.51,,,,141.1,,28.2,245.4,2.752,0.408,0.356,,,7,94.9,600,,,reliable,
JBL,2226HPL,8,15,,,907.9,17.3,5.28,,,,86.9,,49,140.1,2.51,0.47,0.396,,,5.8,99.2,600,,,reliable,
JBL,2226J,16,15,,,882.6,27.4,10,,,,98.4,,40,175.6,5,0.33,0.31,,,7,96.3,600,,,reliable,
JBL,2231A,8,15,,,882.6,20.6,6.3,,,,146.8,,16,736.2,5.5,0.22,0.212,,,5.1,94.4,100,,,reliable,
JBL,2231H,8,15,,,882.6,20.6,6.3,,,,146.8,,16,736.2,5.5,0.22,0.212,,,5.1,94.4,100,,,reliable,
JBL,2234H,8,15,,,896.1,20.2,6,,,,117.5,,23,458.7,2,0.25,0.222,,,5.1,96.7,150,,,reliable,
JBL,2235H,8,15,,,896.1,20.5,6,,,,155.4,,20,458.7,2.5,0.28,0.252,,,8.4,94.4,300,,,reliable,
JBL,2240G,4,18,,,1297.4,16.1,2.5,,,,138,,30,481.4,2.5,0.25,0.227,,,5.2,104.2,300,,,reliable,
JBL,2240H,8,18,,,1297.4,25,6,,,,138,,30,481.4,2.2,0.25,0.224,,,5.1,100.4,300,,,reliable,
JBL,2240H/G,8,18,,,1250,25,6,,,,130,,30,480,2.2,0.25,0.23,,,5.5,99,300,,,reliable,
JBL,2241G,4,18,,,1240,13.6,2.5,,,,143.8,,35,310,5.7,0.43,0.4,,,7.5,101.9,600,,,reliable,
JBL,2241H,8,18,,,1240,19.2,5,,,,143.8,,35,310,5.7,0.43,0.4,,,7.6,98.9,600,,,reliable,
JBL,2242H,8,18,,,1240,23.7,4.7,,,,157.9,,35,282.3,5,0.29,0.274,,,5.1,100.5,400,,,reliable,
JBL,2243H,8,18,,,1240,29.7,5.2,,,,179.4,,30,338.1,5,0.2,0.192,,,4.3,100.4,300,,,reliable,
JBL,2245H,8,18,,,1297.4,22.2,5.8,,,,182,,20,821.2,2.2,0.27,0.24,,,8.5,97.2,300,,,reliable,
JBL,2251J,16,10,,,310,27.2,12.65,,,,32,,61,28.6,4,0.21,0.2,,,4.1,94.9,400,,,reliable,
JBL,2254J,16,12,,,630,41.2,11.16,,,,88,,46.6,73.6,2.47,0.17,0.159,,,3.9,97,600,,,reliable,
JBL,2255H,8,15,,,880,19.9,5,,,,106.3,,39,170,3.68,0.33,0.303,,,7.1,98.9,650,,,reliable,
JBL,2258H,8,18,,,1240,22.5,5.2,,,,139.6,,31,407,4.82,0.28,0.265,,,8,100.2,800,,,reliable,
JBL,2265 HPL,8,15,,,880,19.4,5.1,,,,114.1,,37,176,3.3,0.36,0.325,,,8,97.9,750,,,reliable,
JBL,2266H,8,15,,,880,24.7,4.8,,,,260.1,,31,110,4.8,0.4,0.369,,,5.5,93.3,700,,,reliable,
JBL,2266H,8,15,,,880,22,4.27,,,,237.2,,24.7,190,3.326,0.324,0.295,,,5.5,94.2,700,,,reliable,
JBL,2267H,8,15,,,880,22.7,4.8,,,,183.8,,41,89,8.3,0.44,0.418,,,5.8,95.6,600,,,reliable,
JBL,2268H,4,18,,,1270,19.2,4.13,,,,168,,33,328,3.8,0.39,0.36,,,25,96.6,800,,,reliable,
JBL,2268H,4,18,,,1269,20,2.94,,,,390.2,,26.9,202.2,9.52,0.486,0.462,,,8,95.4,800,,,reliable,
JBL,2268H,8,18,,,1269,21.2,5.3,,,,160.1,,33,328,3.8,0.39,0.354,,,8,98.6,800,,,reliable,
JBL,2269H,8,18,,,1225,26.2,5.3,,,,286.8,,28,237,4.8,0.39,0.361,,,10.6,95,1200,,,reliable,
JBL,252G,8,12,,,530,16.1,4.4,,,,105.9,,23,178,6.3,0.26,0.25,,,7,93.8,250,,,reliable,
JBL,265H-1,8,15,,,860,19.6,5.4,,,,101.6,,39,170,3.7,0.35,0.32,,,5,98.3,300,,,reliable,
JBL,335151-001,8,12,,,490.9,12.8,5.61,,,,60.7,,28.2,177.3,8.58,0.37,0.355,,,5,93.8,100,,,reliable,
JBL,615H,8,15,,,818.5,14.4,5.56,,,,70.2,,55,112,8.3,0.65,0.603,,,3.7,98.1,175,,,reliable,
JBL,CS-1214,16,12,,,530,21.3,8.85,,,,165.9,,28,76.7,3.6,0.57,0.492,,,6.3,86.2,250,,,reliable,
JBL,CS1014,4,10,,,363,12.1,3.67,,,,96.6,,30,53.8,8.34,0.46,0.436,,,6,90.4,125,,,reliable,
JBL,CS12,4,12,,,517,12.1,3.58,,,,108,,24.7,144,7.34,0.41,0.388,,,6,92.7,250,,,reliable,
JBL,CS1204,4,12,,,531,14.7,3.56,,,,179.4,,24.8,91.1,6.46,0.46,0.429,,,6.3,90.3,250,,,reliable,
JBL,CS1214,4,12,,,551,14.1,3.6,,,,179.3,,28,76.7,8.85,0.57,0.536,,,6.1,90.2,250,,,reliable,
JBL,D123,8,12,,,527.1,11,6,,,,35.8,,45,135.9,4.5,0.5,0.45,,,2.5,97.2,50,,,reliable,
JBL,D130,8,15,,,896.8,18.8,6.3,,,,60,,40,297.3,4,0.27,0.253,,,0.8,101.5,75,,,unreliable,"coupling_failed: Mms free-air radiation-mass correction exceeds 50% of Mms (0.516), check Sd/Mms, stated Mms=60 g, computed Mmd=29.0272 g, radiation mass difference=51.62% (limit 50%)"
JBL,D131,8,12,,,527.1,18.5,6.3,,,,31,,50,127.4,8.5,0.18,0.176,,,0.8,102.5,75,,,reliable,
JBL,E110,8,10,,,316.1,10.7,6,,,,18.5,,65,45.3,4,0.4,0.364,,,2.5,98.2,75,,,reliable,
JBL,E120,8,12,,,527.1,20.8,6.3,,,,34.6,,60,79.3,1.8,0.19,0.172,,,2.2,102.6,150,,,reliable,
JBL,E130,8,15,,,896.1,21.3,6.3,,,,59.9,,40,297.3,1.8,0.21,0.188,,,2.5,102.6,150,,,unreliable,"coupling_failed: Mms free-air radiation-mass correction exceeds 50% of Mms (0.516), check Sd/Mms, stated Mms=59.9 g, computed Mmd=28.9635 g, radiation mass difference=51.65% (limit 50%)"
JBL,E140,8,15,,,896.1,23.3,5.5,,,,93.7,,32,297.3,5,0.19,0.183,,,3.6,100.7,200,,,reliable,
JBL,E140,8,15,,,881.4,24.3,6,,,,104.6,,28.4,328.2,5.84,0.19,0.184,,,6,99.2,300,,,reliable,
JBL,E145,8,15,,,896.1,20.2,5.7,,,,84.7,,35,274.7,6,0.26,0.249,,,4.1,100,150,,,reliable,
JBL,E155-4,4,18,,,1140,16.1,2.5,,,,120.7,,30,424.8,2.2,0.22,0.2,,,5.1,104.2,300,,,reliable,
JBL,E155-8,8,18,,,1140,24.9,6,,,,120.7,,30,424.8,2.2,0.22,0.2,,,5.1,100.4,300,,,reliable,
JBL,G125-8,8,12,,,527.1,14.4,5.2,,,,33,,65,70.8,5.5,0.34,0.32,,,2.5,101.4,200,,,reliable,
JBL,G135-8,8,15,,,896.1,15.2,5.2,,,,59.9,,45,235,5.5,0.38,0.355,,,2.5,101.4,200,,,unreliable,"coupling_failed: Mms free-air radiation-mass correction exceeds 50% of Mms (0.516), check Sd/Mms, stated Mms=59.9 g, computed Mmd=28.9635 g, radiation mass difference=51.65% (limit 50%)"
JBL,G135-A,8,15,,,896.1,14.7,6,,,,64.6,,45,218,6.6,0.51,0.473,,,5.2,99.1,200,,,reliable,
JBL,GT 1041D,2,10,,,355,10,1.95,,,,123.5,,26.4,52,10.8,0.4,0.386,,,9,91.9,275,,,reliable,
JBL,GT 120,4,12,,,531,14.7,3.56,,,,179.4,,24.8,91.1,6.46,0.46,0.429,,,8.1,90.3,250,,,reliable,
JBL,GT 120MKII,4,12,,,531,14.7,3.56,,,,179.4,,24.8,91.1,6.46,0.46,0.429,,,8.1,90.3,250,,,reliable,
JBL,GT 122,4,12,,,532,12.4,2.95,,,,91.4,,33,101,9.3,0.364,0.35,,,5.1,96.3,140,,,reliable,
JBL,GT 152,4,15,,,856,10.7,2.2,,,,141.6,,24,319,8.12,0.413,0.393,,,7.6,97.9,300,,,reliable,
JBL,GT2-10,4,10,,,323.6,8.3,3.1,,,,51,,43.9,37.9,6.25,0.63,0.572,,,5.7,93.2,160,,,reliable,
JBL,GT2-12,4,12,,,522.8,11.6,3.3,,,,97.1,,29.5,114.9,9.35,0.44,0.42,,,8,94.1,220,,,reliable,
JBL,GT3-12,4,12,,,527,10.7,3.14,,,,123.5,,28.2,100.5,5.53,0.6,0.541,,,8.2,91.8,225,,,reliable,
JBL,GT3-15,4,15,,,855,12,3.12,,,,122.6,,28.2,266.2,6.55,0.47,0.439,,,9,97.1,300,,,reliable,
JBL,GT4-10,4,10,,,346,14.2,3.63,,,,134.4,,29.6,36.1,6.45,0.45,0.421,,,7.1,88.6,250,,,reliable,
JBL,GT4-12,4,12,,,531,14.7,3.56,,,,179.4,,24.8,91.1,6.46,0.46,0.429,,,8.1,90.3,250,,,reliable,
JBL,GT4-15,4,15,,,855,16.9,3.1,,,,242.5,,28.4,133.1,7.35,0.47,0.442,,,5.8,94.2,250,,,reliable,
JBL,GT5-10,8,10,,,363,15.2,4,,,,165,,30,31.5,6.48,0.54,0.498,,,6.7,87,250,,,reliable,
JBL,GT5-12,8,12,,,530,15.8,4,,,,218.8,,29,54.2,6.39,0.64,0.582,,,6.7,88.1,275,,,reliable,
JBL,GT5-15,4,15,,,855,16.4,3.63,,,,327,,27.3,106.5,5.7,0.76,0.671,,,6.3,90,300,,,reliable,
JBL,GTO 1002D,2,10,,,355,7.6,1,,,,158.6,,27,38.7,6.45,0.46,0.429,,,6.3,93.2,250,,,reliable,
JBL,GTO 1014,4,10,,,330,13.5,3,,,,160.8,,28.7,29.2,9.1,0.48,0.456,,,7.3,87.8,350,,,reliable,
JBL,GTO 1014D,4,10,,,330,14.9,3.76,,,,145.3,,29.7,30.2,9.5,0.46,0.439,,,7.3,87.6,350,,,reliable,
JBL,GTO 1202D,2,12,,,532,7.6,1,,,,186.1,,23.5,97.8,7.14,0.47,0.441,,,6.3,95.3,300,,,reliable,
JBL,GTO 1214,4,12,,,511,16.6,3.76,,,,203.2,,28,58.2,10.7,0.49,0.469,,,7.3,89.4,350,,,reliable,
JBL,GTO 1214D,2,12,,,511,10.8,1.89,,,,175.4,,28.3,66,11.14,0.51,0.488,,,7.3,92.9,350,,,reliable,
JBL,GTO 1264,4,12,,,532,14.3,3.39,,,,169.5,,26.7,83.1,4.77,0.47,0.428,,,6.3,91,300,,,reliable,
JBL,GTO 1502D,1,15,,,855,8.2,0.96,,,,242.9,,25,171,6.08,0.55,0.504,,,8,98.1,300,,,reliable,
JBL,GTO 1514,4,15,,,830,17.1,3.8,,,,252.9,,25.1,153.5,7.08,0.52,0.484,,,7.3,91.9,350,,,reliable,
JBL,K110,8,10,,,316.1,10.7,6,,,,18.5,,65,45.3,4,0.4,0.364,,,2.9,98.2,75,,,reliable,
JBL,K120,8,12,,,530,17.6,6.3,,,,32.8,,50,121.8,4,0.21,0.2,,,2.7,101.6,100,,,reliable,
JBL,K130,8,15,,,900,18.8,6.3,,,,60.5,,40,297.3,4,0.27,0.253,,,3.6,101.5,125,,,unreliable,"coupling_failed: Mms free-air radiation-mass correction exceeds 50% of Mms (0.515), check Sd/Mms, stated Mms=60.5 g, computed Mmd=29.3613 g, radiation mass difference=51.47% (limit 50%)"
JBL,K140,8,15,,,900,22.5,5.5,,,,107.5,,30,297.3,5,0.22,0.211,,,4.1,99.2,150,,,reliable,
JBL,K145,16,15,,,791.6,21.9,8.8,,,,74.6,,35,243.5,6,0.3,0.286,,,4.7,97,150,,,reliable,
JBL,K151,8,18,,,1070,22.3,6,,,,123.7,,30,365.3,6,0.28,0.268,,,4.4,98.7,150,,,reliable,
JBL,LCS1250W,4,12,,,499.4,13.2,3.45,,,,108.2,,27.4,109,3.18,0.37,0.331,,,5.3,93.5,120,,,reliable,
JBL,LE10A,8,10,,,316.1,8.5,4.4,,,,38.7,,30,101.9,6,0.44,0.41,,,6.1,92.5,60,,,reliable,
JBL,LE10H,8,10,,,316.1,10.4,4.8,,,,42.6,,33,76.5,6.9,0.39,0.369,,,5,92.7,60,,,reliable,
JBL,LE10H-1,8,10,,,316,10.4,4.8,,,,42.6,,33,76.5,6.9,0.39,0.369,,,5,92.7,60,,,reliable,
JBL,LE111A,8,10,,,316.1,16.6,5.7,,,,55.7,,25,101.9,6,0.18,0.175,,,4.8,92.9,75,,,reliable,
JBL,LE12C,8,12,,,438.1,9.3,5,,,,48.6,,30,155.7,12,0.53,0.508,,,3.6,93,50,,,reliable,
JBL,LE14-H,8,12,,,660,22.3,5.9,,,,155.4,,26,147.2,2.3,0.3,0.265,,,4.7,92.7,150,,,reliable,
JBL,LE14A,8,12,,,658.7,20.9,6.3,,,,133.5,,28,147.3,6.5,0.34,0.323,,,5.1,92.8,150,,,reliable,
JBL,LE15A,16,15,,,882.6,21.7,8.8,,,,93.9,,20,736.2,5.5,0.22,0.212,,,4.1,95.8,150,,,reliable,
JBL,M110-8,8,10,,,381.5,12.2,5.15,,,,26.5,,57,60,4.7,0.33,0.308,,,4.5,99.2,200,,,reliable,
JBL,M115-8A,8,15,,,845,14.2,5.5,,,,53.3,,46,225,5.1,0.42,0.388,,,5.1,100.8,225,,,unreliable,"coupling_failed: Mms free-air radiation-mass correction exceeds 50% of Mms (0.531), check Sd/Mms, stated Mms=53.3 g, computed Mmd=24.9716 g, radiation mass difference=53.15% (limit 50%)"
JBL,M121-8,8,12,,,527.1,17.4,5.2,,,,38.7,,60,70.8,4,0.25,0.235,,,3.6,101.7,300,,,reliable,
JBL,M151-8,8,15,,,882.6,18.6,4.8,,,,68.9,,45,198.2,4.8,0.27,0.256,,,4.4,102.5,300,,,reliable,
JBL,MI-10,8,10,,,340.6,11.3,5.6,,,,19.9,,75,36.8,1.8,0.41,0.334,,,2.9,99.3,150,,,reliable,
JBL,MI-12,8,12,,,547.7,11.4,5.6,,,,33,,65,76.5,2.2,0.58,0.459,,,3.1,99.1,150,,,reliable,
JBL,MI-15,8,15,,,896.1,11.7,5.6,,,,55.5,,55,169.9,2.8,0.79,0.616,,,3.4,99.1,150,,,unreliable,"coupling_failed: Mms free-air radiation-mass correction exceeds 50% of Mms (0.557), check Sd/Mms, stated Mms=55.5 g, computed Mmd=24.5635 g, radiation mass difference=55.74% (limit 50%)"
JBL,MI-15A,8,15,,,896.1,14,5.6,,,,65.6,,40,271.8,4,0.47,0.421,,,4,99.2,150,,,reliable,
JBL,MS-10SD4 slim,4,10,,,330.6,11.3,3.63,,,,202.9,,48,8.3,9.2,1.73,1.456,,,2.8,82.7,500,,,reliable,
JBL,P1000,8,10,,,363,12.3,4.5,,,,73.2,,30,71,5.5,0.41,0.382,,,7.8,91.2,400,,,reliable,
JBL,P1020,4,10,,,314,60.4,2,,,,4902.7,,27.9,0.9,9.69,0.47,0.448,,,1.7,74.3,400,,,reliable,
JBL,P1022,2,10,,,363,9.3,1,,,,278.2,,29,20,8.21,0.58,0.542,,,7,90.3,400,,,reliable,
JBL,P1200,8,12,,,551,13,4.5,,,,97.4,,30,123,5.5,0.49,0.45,,,7.8,92.8,250,,,reliable,
JBL,P1220,2,12,,,482,12.5,1.95,,,,212,,28.7,47.4,6.71,0.48,0.448,,,7.8,91.8,400,,,reliable,
JBL,P1222,2,12,,,562,9.9,1,,,,316.7,,28.6,43.3,9.04,0.58,0.545,,,6.9,93.4,400,,,reliable,
JBL,P1520,4,15,,,780,17.8,3.81,,,,282,,25.4,118.9,7.2,0.54,0.502,,,8.1,90.8,400,,,reliable,
JBL,P1520e,4,15,,,780,17.8,3.81,,,,282,,25.4,118.9,7.2,0.54,0.502,,,8.1,90.8,400,,,reliable,
JBL,S2-1224,8,12,,,522.8,13.9,4.4,,,,154.9,,32.4,59.7,3.02,0.72,0.581,,,5.3,89.1,275,,,reliable,
JBL,S3 1024,8,10,,,346.4,15.3,4.06,,,,185.1,,30.2,25.3,2.17,0.61,0.476,,,6,85.5,450,,,reliable,
JBL,S3-1224,8,12,,,530.9,17,4.07,,,,225.2,,29.1,52.6,2.56,0.58,0.473,,,6,88.4,500,,,reliable,
JBL,SB210,4,10,,,340,9.9,3.32,,,,87.3,,25.4,73,3.31,0.47,0.412,,,7.5,89.8,200,,,reliable,
JBL,STADIUM 1224,8,12,,,530,16.8,4.07,,,,215,,29.7,52.6,2.56,0.58,0.473,,,6,88.7,500,,,reliable,
JBL,STAGE 1010,4,10,,,366.4,12.3,3.6,,,,83.5,,37.1,41.5,5.92,0.46,0.427,,,6.1,92.1,225,,,reliable,
JBL,STAGE 1210,4,12,,,530.9,13.6,3.6,,,,154.2,,31.7,64.6,6.64,0.6,0.55,,,6.6,90.8,250,,,reliable,
JBL,W12GTI,4,12,,,480,14.5,3.2,,,,180.4,,31.8,44.8,6.68,0.55,0.508,,,9.9,90.1,700,,,reliable,
JBL,W12GTi MKII,4,12,,,480,14.5,3.2,,,,180.4,,31.8,44.8,6.68,0.55,0.508,,,9.9,90.1,700,,,reliable,
JBL,W12GTIe,4,12,,,480,14.5,3.2,,,,180.4,,31.8,44.8,6.68,0.55,0.508,,,9.9,90.1,700,,,reliable,
JBL,W15GTI,4,15,,,780,15.4,2.95,,,,257.3,,25.2,132.2,7.2,0.51,0.476,,,10.2,92.5,800,,,reliable,
JBL,W15GTI MK2,4,15,,,780,15.4,2.95,,,,257.3,,25.2,132.2,7.2,0.51,0.476,,,10.2,92.5,800,,,reliable,
Jensen,12 TORNADO CLASSIC 100,8,12,,,490.9,12.9,6.81,,,,29.5,,72,55.9,9.51,0.55,0.52,,,1,98.5,100,,,reliable,
Jensen,15 LL _ 15V,16,15,,,858.5,24.3,10.5,,,,79.3,,46.3,154,10.2,0.409,0.393,,,3,96.5,200,,,reliable,
Jensen,15 LL _ 20V,16,15,,,858.5,29.6,10.5,,,,78.6,,46.3,155,9.305,0.275,0.267,,,3,98.3,200,,,reliable,
Jensen,15 LL _ 25V,16,15,,,858.5,34.2,10.5,,,,78.5,,46.5,154,8.296,0.206,0.201,,,2.8,99.6,200,,,reliable,
Jensen,B 12,4,10,,,409.1,10.4,3.28,,,,34.2,,46.2,81.3,9.05,0.3,0.29,,,2.5,100.1,150,,,reliable,
Jensen,B 15-200,8,15,,,755,14.7,6.3,,,,54.3,,44.3,190,22.1,0.44,0.431,,,2,98.8,200,,,reliable,
Jensen,BLUES 1200,4,12,,,539.1,9.1,3.2,,,,50.3,,46,96.9,15.02,0.56,0.54,,,3,98.2,300,,,reliable,
Jensen,BN15/350A,8,15,,,855,15.2,5.1,,,,78.6,,45,163.1,7.67,0.49,0.461,,,5.5,98.8,350,,,reliable,
Jensen,BN15/350SB,8,15,,,855,15.1,5,,,,78.6,,45,163,7.67,0.49,0.461,,,5,98.8,350,,,reliable,
Jensen,BP12/250,8,12,,,490.9,16.3,6.21,,,,46.2,,50.2,73.5,5.14,0.34,0.319,,,3.1,97.4,250,,,reliable,
Jensen,BP15/250,8,15,,,754.8,15.3,6.6,,,,68.8,,47,133.1,4.26,0.57,0.503,,,3.4,96.7,250,,,reliable,
Jensen,BS10N/250,8,10,,,346.3,12.7,5.1,,,,41,,58,30.9,6.45,0.47,0.438,,,4.8,95,250,,,reliable,
Jensen,BS10N/250A,8,10,,,346.3,12.7,5.1,,,,41,,58,30.9,6.45,0.47,0.438,,,4.8,95,250,,,reliable,
Jensen,C12N,8,12,,,490.8,10.4,6.5,,,,24.7,,112,27.6,7.01,1.05,0.913,,,1,98.6,50,,,unreliable,"coupling_failed: Mms free-air radiation-mass correction exceeds 50% of Mms (0.508), check Sd/Mms, stated Mms=24.7 g, computed Mmd=12.1601 g, radiation mass difference=50.77% (limit 50%)"
Jensen,C12Q-8,8,12,,,490.8,6.8,6.36,,,,25.4,,87.3,44.1,13.14,1.94,1.69,,,0.8,94.8,35,,,reliable,
Jensen,C15K,8,15,,,754.7,12.1,6.7,,,,43.3,,73,87.6,14.39,0.91,0.856,,,1,98.5,100,,,unreliable,"coupling_failed: Mms free-air radiation-mass correction exceeds 50% of Mms (0.552), check Sd/Mms, stated Mms=43.3 g, computed Mmd=19.389 g, radiation mass difference=55.22% (limit 50%)"
Jensen,C15N,4,15,,,754.7,7.7,3.12,,,,41.1,,74.2,89.4,5.93,1.02,0.87,,,1.5,101.6,50,,,unreliable,"coupling_failed: Mms free-air radiation-mass correction exceeds 50% of Mms (0.582), check Sd/Mms, stated Mms=41.1 g, computed Mmd=17.189 g, radiation mass difference=58.18% (limit 50%)"
Jensen,CR10,8,10,,,330,5.8,6.6,,,,14.1,,96,29.7,10.56,1.66,1.435,,,0.8,94.8,25,,,reliable,
Jensen,J12/200-8,8,12,,,490.9,14.4,6.5,,,,38.5,,50,89,12.03,0.38,0.368,,,2,97.5,200,,,reliable,
Jensen,JB 10/150,8,10,,,330,14.2,6.3,,,,25.6,,60,42,18.35,0.3,0.295,,,3.7,97.8,150,,,reliable,
Jensen,JCH 1035-8,4,10,,,330,4.6,3.3,,,,15.1,,107,22.4,15.65,1.58,1.435,,,0.9,98.2,35,,,reliable,
Jensen,JCH 1270-8,8,12,,,491,8.2,5.3,,,,30.1,,78,46.7,19,1.15,1.084,,,1.5,96.6,70,,,reliable,
Jensen,JN10-100TR,8,10,,,330.1,11.8,6.48,,,,20.6,,82.4,27.6,7.9,0.5,0.47,,,1,97.8,100,,,reliable,
Jensen,JN12-100TR,8,12,,,490.9,13,6.94,,,,33.5,,72.4,48.7,13.6,0.63,0.602,,,1,97.3,100,,,reliable,
Jensen,JN12-100TR 8,8,12,,,490.9,12.9,6.94,,,,33.5,,72.4,48.7,13.6,0.637,0.608,,,1,97.2,100,,,reliable,
Jensen,JP12-100BB,8,12,,,490.8,10.7,6.3,,,,27.5,,95.1,34.4,11.81,0.9,0.836,,,1,98.2,100,,,reliable,
Jensen,MOD 15-200,8,15,,,755,14.7,6.3,,,,54.3,,44.3,190,22.1,0.44,0.431,,,2,98.8,200,,,reliable,
Jensen,NEO 12,8,12,,,490.9,11.5,6.73,,,,25,,92,40.4,15.11,0.74,0.705,,,1,99,100,,,unreliable,"coupling_failed: Mms free-air radiation-mass correction exceeds 50% of Mms (0.502), check Sd/Mms, stated Mms=25 g, computed Mmd=12.4563 g, radiation mass difference=50.17% (limit 50%)"
Jensen,NEO 15-150-16,8,15,,,754.7,14.3,5.68,,,,55.1,,74.8,65.6,10.3,0.72,0.673,,,2,99.3,150,,,reliable,
Jensen,NEO 15-300,8,15,,,754.7,16.9,6.57,,,,56.8,,42.8,194.3,11.43,0.35,0.34,,,2.5,99.2,300,,,reliable,
Jensen,P10/100BB,8,10,,,330,10.4,5.97,,,,21.8,,112.1,14.1,14.73,0.85,0.804,,,1,96.9,100,,,reliable,
Jensen,P10R,8,10,,,330,6.1,6.68,,,,15,,97,27.4,14.83,1.62,1.46,,,0.8,94.6,25,,,reliable,
Jensen,P12N,8,12,,,490.8,10.6,6.2,,,,26.3,,90,40.2,5.72,0.82,0.717,,,1,98.6,50,,,reliable,
Jensen,P12Q,8,12,,,491,5.5,5.72,,,,22.1,,90.4,47.5,10.62,2.38,1.944,,,0.8,95.1,40,,,unreliable,"coupling_failed: Mms free-air radiation-mass correction exceeds 50% of Mms (0.568), check Sd/Mms, stated Mms=22.1 g, computed Mmd=9.55246 g, radiation mass difference=56.78% (limit 50%)"
Jensen,P12R,8,12,,,490.8,5.4,6,,,,20.1,,80,66.4,12.73,2.09,1.795,,,0.8,95.3,25,,,unreliable,"coupling_failed: Mms free-air radiation-mass correction exceeds 50% of Mms (0.624), check Sd/Mms, stated Mms=20.1 g, computed Mmd=7.56012 g, radiation mass difference=62.39% (limit 50%)"
Jensen,P15N,64,15,,,754.7,27.2,50,,,,41.5,,77,82.1,9.63,1.36,1.192,,,1,88.4,50,,,unreliable,"coupling_failed: Mms free-air radiation-mass correction exceeds 50% of Mms (0.576), check Sd/Mms, stated Mms=41.5 g, computed Mmd=17.589 g, radiation mass difference=57.62% (limit 50%)"
Jensen,PUNCH BP 15/250,8,15,,,754.8,15.3,6.6,,,,68.8,,47,133.1,4.26,0.57,0.503,,,3.4,96.7,250,,,reliable,
Jensen,RS12045SW,4,12,,,498,11.2,3.86,,,,64,,25,220,9.71,0.31,0.3,,,11,95.6,250,,,reliable,
Jensen,SMOOTH BS 10N/250A,8,10,,,346.3,12.9,5.1,,,,41,,58,30.9,6.45,0.46,0.429,,,4.7,95.1,250,,,reliable,
Jensen,SMOOTH BS 12N/250A,8,12,,,530.9,14.3,5.5,,,,55.7,,47,81.3,12.58,0.44,0.425,,,5.5,96.4,250,,,reliable,
Jinwey,YDA-250-4,4,10,,,349.5,5.5,3.6,,,,34.9,,58.3,36.6,8.28,1.53,1.291,,,2,92.2,80,,,reliable,
Jinwey,YDA-250-8,8,10,,,350,7,6.9,,,,33.6,,60.1,35.8,7.92,1.81,1.473,,,1.9,89,80,,,reliable,
Jinwey,YDA-300-4,8,12,,,572,7.5,7.1,,,,51.1,,49.4,93.2,7.88,2.01,1.601,,,2.2,90,100,,,reliable,
Jinwey,YDA-300-8,8,12,,,572,7.5,7.1,,,,51.1,,49.4,93.2,7.88,2.01,1.601,,,2.2,90,100,,,reliable,
Jinwey,YDA-380-4,4,15,,,901,7.6,3.8,,,,96.9,,34.3,252.9,8.85,1.37,1.186,,,3,93.9,120,,,reliable,
Jinwey,YDA-380-8,8,15,,,917,11.7,7.4,,,,93.7,,33.8,278.8,6.31,1.08,0.922,,,3,92.3,120,,,reliable,
Jinwey,YDY-250-8,8,10,,,350.4,7,6.9,,,,36,,41.8,69.3,3.31,1.33,0.949,,,2,88.4,80,,,reliable,
JL Audio,10IB4,8,10,,,334,8.3,7.2,,,,34,,37.5,82.9,9.4,0.84,0.771,,,7,89.6,100,,,reliable,
JL Audio,10TW1-2,2,10,,,268,11.51,2.428,,,,146,,41.45,10.31,9.7,0.697,0.65,,,10.31,82.5,300,,,reliable,
JL Audio,10TW1-4,4,10,,,268,13.93,3.516,,,,147.4,,38,12.15,10.07,0.638,0.6,,,10,82.2,300,,,reliable,
JL Audio,10TW3-D4,16,10,,,365,25.3,9.04,,,,228.8,,32.3,19.8,11.35,0.656,0.62,,,7,81.5,400,,,reliable,
JL Audio,10W0-4,4,10,,,353,12.4,3.86,,,,110.1,,24.2,69.4039,8.56,0.42,0.4,,,8.636,85.5,125,,,reliable,
JL Audio,10W0-8,8,10,,,353,15.69,6.43,,,,98.3,,25.6,69.4039,8.564,0.413,0.394,,,8.636,86.3,125,,,reliable,
JL Audio,10W0V3-4,4,10,,,316,12.31,4.28,,,,112.3,,32.09,31,10.752,0.64,0.604,,,11.4,84.07,300,,,reliable,
JL Audio,10W0V3-4,8,10,,,316,12.2,4.28,,,,111,,32.1,31,10.752,0.64,0.604,,,8.7,86.7,300,,,reliable,
JL Audio,10W1V2-4,4,10,,,535,21.93,4.09,,,,320.7,,25.2,50.4601,6.336,0.432,0.405,,,9.906,84.6,300,,,reliable,
JL Audio,10W1V2-8,8,10,,,535,27.52,6.67,,,,321.6,,26.5,49.1009,6.115,0.472,0.438,,,9.906,84.7,300,,,reliable,
JL Audio,10W1V3-2,2,10,,,346,10.8,2.233,,,,153,,25.23,44.15,7.246,0.464,0.436,,,11,83.9,300,,,reliable,
JL Audio,10W1V3-4,4,10,,,346,13.98,3.902,,,,144.7,,26.15,43.41,7.243,0.475,0.446,,,11,84.2,300,,,reliable,
JL Audio,10W3V3-2,2,10,,,345,8.97,1.7,,,,121.8,,33,32.17,7.027,0.533,0.495,,,14,85.37,500,,,reliable,
JL Audio,10W3V3-4,4,10,,,345,13.46,3.567,,,,133.7,,31.5,32.23,7.017,0.521,0.485,,,14,84.87,500,,,reliable,
JL Audio,10W6V2-D4,8,10,,,332,18.1,6.3,,,,144.3,,28.5,33.4,8.458,0.497,0.469,,,11.9,84.9,600,,,reliable,
JL Audio,10W6V3-D4,8,10,,,318.1,19.6,6.45,,,,170.3,,30.1,23.3,9.228,0.543,0.513,,,10.5,83.6,600,,,reliable,
JL Audio,10W7AE-3,3,10,,,386,12.03,2.75,,,,158.2,,30.6,36.1,7.647,0.578,0.537,,,23,84.4,750,,,reliable,
JL Audio,10W7AE-3,4,10,,,386,12,2.75,,,,156.5,,30.6,36.1,7.647,0.578,0.537,,,12,89.1,750,,,reliable,
JL Audio,10WXV2-4,4,10,,,327,11.43,3.51,,,,94.7,,29.38,47,10.021,0.47,0.45,,,10,86.06,200,,,reliable,
JL Audio,12IB4,8,12,,,506,10.7,6.07,,,,49.3,,40.5,112.4,10.97,0.67,0.631,,,6,93.6,125,,,reliable,
JL Audio,12TW1-2,2,12,,,436,13.07,2.43,,,,195.1,,35,28.54,10.662,0.61,0.577,,,10,85.07,300,,,reliable,
JL Audio,12TW1-4,4,12,,,436,15.71,3.514,,,,193.6,,32.35,33.67,11.066,0.56,0.529,,,10,85.15,300,,,reliable,
JL Audio,12TW3-D4,16,12,,,539,28.9,9.28,,,,302.4,,26.5,48.7,10.766,0.558,0.531,,,7.9,83.4,400,,,reliable,
JL Audio,12W0-8,8,12,,,531,15.7,6.4,,,,117.7,,23.2,159.989,9,0.447,0.426,,,8.636,88.3,125,,,reliable,
JL Audio,12W0V3-4,4,12,,,481,11.67,4.28,,,,112.8,,32.09,71.64,10.709,0.715,0.67,,,11.4,85.64,300,,,reliable,
JL Audio,12W0V3-4,8,12,,,481,12.3,4.28,,,,141.9,,28.4,71.6,10.709,0.715,0.67,,,9.3,88.3,300,,,reliable,
JL Audio,12W1-4,4,12,,,506,10.19,3.65,,,,105.2,,22.3,176.214,8.255,0.518,0.487,,,7.874,87.6,125,,,reliable,
JL Audio,12W1-8,8,12,,,506,14.66,7.03,,,,105.2,,24,177.29,8.897,0.519,0.49,,,7.874,88.6,125,,,reliable,
JL Audio,12W1V2-4,4,12,,,525,15.16,4.104,,,,166.7,,23.68,105.876,6.465,0.443,0.414,,,9.5,86.9,300,,,reliable,
JL Audio,12W1V2-8,8,12,,,525,18.46,6.747,,,,158.6,,24.98,100.15,6.45,0.493,0.458,,,9.5,86.8,300,,,reliable,
JL Audio,12W1V3-2,2,12,,,525,11.41,2.21,,,,195.3,,26.55,72,8.731,0.553,0.52,,,11,85.9,300,,,reliable,
JL Audio,12W1V3-4,4,12,,,525,15.08,3.915,,,,188.1,,26.21,76.63,8.2,0.533,0.5,,,11,86.1,300,,,reliable,
JL Audio,12W3V3-4,4,12,,,520,14.5,3.56,,,,167,,26.7,80.6,7.665,0.474,0.446,,,10.9,90.6,500,,,reliable,
JL Audio,12W6V2-D4,8,12,,,502,19.9,6.75,,,,179.2,,25,79.9,7.2,0.48,0.45,,,12.7,86.9,600,,,reliable,
JL Audio,12W7AE-3,4,12,,,541.9,13.2,2.47,,,,213.5,,27.2,66,7.807,0.514,0.482,,,13.7,91.2,1000,,,reliable,
JL Audio,12WX-4,4,12,,,496,11.3,3.51,,,,126.8,,27,94.5,9.97,0.596,0.562,,,8.5,90.5,200,,,reliable,
JL Audio,13TW5V2-2,4,12,,,634,18.5,3.51,,,,310.4,,27.6,60.3,10.692,0.553,0.526,,,9,89.2,600,,,reliable,
JL Audio,13W6V2-D4,8,12,,,648,22,6.5,,,,226.3,,24.3,111.6,6.7,0.464,0.434,,,10.6,88.3,500,,,reliable,
JL Audio,13W7AE-D1.5,4,15,,,693,14.9,2.41,,,,296.1,,23.5,104.3,7.517,0.476,0.448,,,12.1,91.7,750,,,reliable,
Kartesian,SUB250_VHE,8,10,,,302,14.8,4.1,,,,113.6,,28,36.4,7.15,0.374,0.355,,,5.5,88.2,300,,,reliable,
Kartesian,SUB250_VHE v2022,8,10,,,338,14.8,4.2,,,,104.7,,26,57.3,6.4,0.33,0.314,,,9.3,89.6,300,,,reliable,
Kartesian,SUB265_VKI-S,4,10,,,346,9,3.4,,,,81,,22,108.4,7.6,0.47,0.443,,,16,89.6,500,,,reliable,
Kartesian,WOM250_VHE,8,10,,,327,12.3,6.3,,,,40.5,,34,81.1,6.3,0.359,0.34,,,4.5,92.5,300,,,reliable,
Kartesian,WOM250_VPA,8,10,,,346.5,15,7.6,,,,55.8,,45,37.7,5.42,0.533,0.485,,,4.5,90.3,300,,,reliable,
Kartesian,WOM265_VKI-6,8,10,,,390,10.3,4,,,,52.4,,30,114.6,4.8,0.37,0.344,,,10,94.2,350,,,reliable,
Kartesian,WOM300_vDIY,8,12,,,511,15.5,5.3,,,,73.9,,37,91.7,7.2,0.381,0.362,,,6.4,94.6,250,,,reliable,
Kartesian,WOM380_vTLHP-8,8,15,,,830,18.1,4.8,,,,120.6,,36,156.6,14.88,0.4,0.39,,,7,96.8,400,,,reliable,
KEF,B139 SP1044,8,10,,,354,10.6,6.6,,,,43.4,,25,164,5.5,0.4,0.373,,,6,90.9,50,,,reliable,
Kenford,HW-1006,8,10,,,335,8,7.1,,,,38.8,,37,75,3.7,1,0.787,,,4.7,88.3,200,,,reliable,
Kenford,HW-1206,8,12,,,520,9,7.1,,,,58.8,,31,170,4,1,0.8,,,3,89.5,100,,,reliable,
Kenford,PA380,8,15,,,846,12.5,5.5,,,,84.6,,34,260,2.83,0.64,0.522,,,3.5,95.6,200,,,reliable,
Kenwood,KFC-PS2516W,4,10,,,415,11.8,4,,,,121.7,,27.3,68.1,6.1,0.675,0.608,,,11,85,300,,,reliable,
Kenwood,KFC-W112S,4,12,,,480,12.2,3.7,,,,109.4,,28,95.4,9.49,0.48,0.457,,,4,91.7,200,,,reliable,
Kenwood,KFC-W2502,4,10,,,348,9.6,3.3,,,,60.9,,39.8,44.9,7.8,0.55,0.514,,,8.4,89,150,,,reliable,
Kenwood,KFC-W2509,4,10,,,363,13.2,4.03,,,,86,,35,44,10.55,0.437,0.42,,,8,88.2,175,,,reliable,
Kenwood,KFC-W2511,4,10,,,350,13.9,3.9,,,,123,,60,9.38,8.6,0.931,0.84,,,7,85.2,300,,,reliable,
Kenwood,KFC-W2512,4,10,,,350,7.5,3.5,,,,99.2,,48,19.7,14,1.821,1.612,,,12.9,82.6,300,,,reliable,
Kenwood,KFC-W3002,4,12,,,515,13.4,3.6,,,,142.9,,35,53.8,10.3,0.63,0.594,,,2.8,91.1,150,,,reliable,
Kenwood,KFC-W3009,4,12,,,491,15.8,4.19,,,,129,,32,63.93,12.11,0.435,0.42,,,8,88.7,200,,,reliable,
Kenwood,KFC-W3010,4,12,,,490,15.8,4.23,,,,129.1,,32,63.93,12.11,0.44,0.42,,,8,88.6,200,,,reliable,
Kenwood,KFC-W3011,4,12,,,507,10.1,3,,,,171.9,,45,26.6,3.839,1.519,1.088,,,11,83.9,400,,,reliable,
Kenwood,KFC-W3013,4,12,,,510,10.2,3.4,,,,176.5,,25,83.7,8.25,0.91,0.82,,,7.6,87.3,400,,,reliable,
Kenwood,KFC-W3013PS,4,12,,,517,10.5,3.5,,,,183,,25,83.7,8.3,0.91,0.82,,,15,83.4,400,,,reliable,
Kenwood,KFC-WPS1000F,4,10,,,340,10.7,3,,,,127,,38.6,21.05,5.3,0.836,0.722,,,8,83.4,250,,,reliable,
Kenwood,KFC-WPS1200F,4,12,,,490,12.93,3.21,,,,224,,24.8,62.685,2.897,0.67,0.544,,,8.5,91,350,,,reliable,
Kenwood,KFC-XW100F,4,10,,,340,10.7,3,,,,127,,38.6,21.05,5.279,0.84,0.72,,,7.5,83.4,250,,,reliable,
Kenwood,KFC-XW1200F,4,12,,,490,12.9,3.2,,,,224,,24.8,62.69,2.9,0.67,0.544,,,8.5,83.4,350,,,reliable,
Kenwood,RD 30 FU 120-F,8,12,,,490.9,7.2,7.29,,,,41.7,,31.6,206.3,3.53,1.17,0.879,,,8,89.8,150,,,reliable,
Kenwood,TRIO,8,15,,,824.5,14.9,4.7,,,,94.6,,27,350,1.3,0.34,0.27,,,5,97.4,300,,,reliable,
Kenwood,W1024DB,4,12,,,510,13.4,3.1,,,,165.3,,33,51.3,14.85,0.59,0.567,,,6.9,91,300,,,reliable,
Kenwood,XR-W1204,4,12,,,601,17.6,3.65,,,,223.8,,21.5,125.386,8.143,0.356,0.341,,,10.8,87.3,400,,,reliable,
Kicker,43CV152,4,15,,,839.8,21.9,3.93,,,,297.1,,26.4,121.4,10.457,0.404,0.389,,,7.5,92.5,500,,,reliable,
Kicker,COMPVX 10,4,10,,,344,16.2,3.4,,,,145.8,,35.4,23,10.754,0.419,0.403,,,5.2,89.6,250,,,reliable,
Kicker,COMPVX 38,8,15,,,842.9,28.4,4.2,,,,286.6,,23.7,156.7,7.521,0.222,0.216,,,6.7,94.5,500,,,reliable,
Kicker,ES124,4,12,,,519,11.3,3.65,,,,105.9,,30.4,97.7,11.99,0.575,0.549,,,6.2,92.2,125,,,reliable,
Kicker,S15L7,8,18,,,1156,30.7,7,,,,460.3,,26.3,149.1,11.868,0.565,0.539,,,7.3,89.4,500,,,reliable,
Klipsch,K1089-AV,8,10,,,369.8,16,6.04,,,,47.6,,31,106.2,10.99,0.22,0.216,,,4.4,94.8,80,,,reliable,
Klipsch,K24K,8,12,,,530,11.9,5.3,,,,61.7,,24,281,4.76,0.347,0.323,,,4,94.3,80,,,reliable,
Klipsch,K28E,4,12,,,613,8.6,3,,,,70.8,,35.1,152.7,1.47,0.63,0.441,,,4,96.5,100,,,reliable,
Klipsch,K31,8,12,,,530,15.9,5.7,,,,71.6,,19,386,4.41,0.193,0.185,,,5,94.8,250,,,reliable,
Klipsch,K34E,4,15,,,890,10.3,3.9,,,,104.6,,28,343,8.5,0.68,0.63,,,4,95.5,150,,,reliable,
Klipsch,SPL-120,8,12,,,518.8,17.3,5.03,,,,169,,31.1,58.4,5.994,0.554,0.507,,,5.7,89,200,,,reliable,
Lanzar,OPTI1535D,8,15,,,779,21.5,4,,,,432.2,,30,55.4,3.587,0.702,0.587,,,10.4,88.3,1600,,,reliable,
Lanzar,VW124/12D,4,12,,,531,6.6,3.7,,,,42.5,,40,147.4,5,0.9,0.763,,,10,95.5,800,,,reliable,
Lautsprecher Technik,MHB-12,8,12,,,573,8.2,7.5,,,,60.2,,38.2,132.7,3.578,1.603,1.107,,,5,88.9,300,,,reliable,
Lautsprecher Technik,MHB18,8,18,,,1275.6,13.4,6.94,,,,154.4,,33.8,327.9,5.979,1.266,1.045,,,6.1,92.6,400,,,reliable,
LaVoce,CPF082.00K,4.0,,,,220,8.48,3.2,0.25,,,18.8,,93,10.66,5.72,0.49,0.45,,,3.3,95.5,200,,,reliable,
LaVoce,FBASS08-18,8,8,,,235.06,11.42,5.6,,,,30.1,,53,23.64,6.89,0.43,0.4,,,4.5,92.5,150,,,reliable,
LaVoce,FBASS10-18,8.0,10.0,,,353.0,12.48,5.6,0.49,,,32.18,,65.0,32.4,4.84,0.48,0.43,,,4.5,96.0,150.0,,,reliable,
LaVoce,FBASS10-18-16,16,10,,,353,15.9,12.2,,,,32.1,,70,28.39,3.88,0.67,0.57,,,4.8,95,125,,,reliable,
LaVoce,FBASS12-20,8.0,12.0,,,543.0,13.26,5.3,0.6,,,50.73,,53.0,75.41,4.71,0.51,0.46,,,4.3,97.0,200.0,,,reliable,
LaVoce,FBASS15-20,8.0,15.0,,,855.0,12.78,5.2,0.69,,,70.34,,40.0,234.41,8.71,0.57,0.53,,,4.3,98.0,200.0,,,reliable,
LaVoce,FSF030.70,8.0,2.76,,,33,3.47,6.3,0.06,,,2.2,,123,1.17,5.87,0.89,0.77,0.9,,2.1,86.5,30,,,reliable,
LaVoce,FSF041.00,8.0,3.94,,,56,4.27,5.8,0.05,,,4.1,,132,1.57,4.09,1.07,0.85,0.51,,2.2,89,40,,,unreliable,"vas_inconsistent: stated=1.57 L, computed=2.26567 L, difference=44.31% (limit 20%)"
LaVoce,FSF122.02,8.0,12.0,,,531.0,14.76,5.9,0.55,,,42.5,,59.0,68.7,5.18,0.43,0.39,,,3.2,98.5,150.0,,,reliable,
LaVoce,FSN020.71F,8.0,1.97,,,18,3.24,6.4,0.062,,,1.17,,212,0.22,6.36,0.95,0.82,,,2.4,86.5,15,,,reliable,
LaVoce,FSN020.72,8.0,1.97,,,18,3.19,6.2,0.063,,,1.44,,210,0.18,4.42,1.16,0.92,0.4,,2.3,84.5,15,,,reliable,
LaVoce,FSN021.00,8,2,,,19,3.6,5.7,0.07,,,1.25,,220,0.2831684659,3,0.73,0.59,0.4,,1.8,,20,,,unreliable,"vas_inconsistent: stated=0.283168 L, computed=0.204559 L, difference=27.76% (limit 20%)"
LaVoce,FSN021.02,8.0,1.97,,,18,3.44,5.7,0.1,,,1.7,,151,0.3,5.5,0.77,0.68,,,2.3,85,25,,,reliable,
LaVoce,FSN030.71,8.0,2.76,,,33,3.82,6.2,0.07,,,2.08,,134,1.04,6.2,0.74,0.67,0.79,,2.1,88.5,30,,,reliable,
LaVoce,FSN030.72,8.0,2.76,,,33,4.99,6.2,0.2,,,2.16,,127,1.12,7.53,0.43,0.41,0.7,,2.1,90.5,30,,,reliable,
LaVoce,FSN041.00,8.0,3.94,,,56,6.87,6,0.06,,,4.71,,114,1.84,3.64,0.43,0.38,0.45,,2.2,91.5,40,,,reliable,
LaVoce,LBASS12-15,8.0,12.0,,,535.0,10.08,5.4,0.7,,,44.3,,38.0,160.93,3.43,0.56,0.48,,,4.7,95.5,100.0,,,reliable,
LaVoce,LBASS15-15,8.0,15.0,,,855.0,9.89,5.6,0.88,,,66.8,,37.0,284.84,4.72,0.88,0.74,,,4.7,96.0,100.0,,,reliable,
LaVoce,MAF061.50,8.0,6.5,,,132.0,10.54,5.5,0.29,,,10.4,,177.0,1.9,5.77,0.57,0.52,,,3.6,96.5,120.0,,,reliable,
LaVoce,MAF082.00,8.0,8.0,,,220.0,17.2,5.7,0.46,,,21.2,,85.0,11.3,3.11,0.22,0.2,,,2.6,98.5,200.0,,,reliable,
LaVoce,MAF082.00-16,16,8,,,220,20.87,10.2,,,,20.6,,88,10.89,2.47,0.27,0.24,,,2.3,98.5,200,,,reliable,
LaVoce,MAF103.00,8.0,10.0,,,350.0,20.62,5.2,0.58,,,41.0,,85.0,14.88,5.77,0.27,0.25,,,2.2,99.0,350.0,,,reliable,
LaVoce,MAN061.80,8.0,6.5,,,132.0,11.03,5.56,0.09,,,13.26,,172.0,1.59,4.69,0.65,0.57,0.07,,3.0,94.5,150.0,,,reliable,
LaVoce,MAN062.00,8.0,6.5,,,132.0,12.72,5.7,0.31,,,14.5,,103.0,4.07,2.83,0.33,0.3,,,3.9,95.0,250.0,,,reliable,
LaVoce,MAN062.00,16.0,6.5,,,132.0,15.9,9.5,,,,15.6,,103,3.77,3.28,0.38,0.34,,,3.9,94.5,250.0,,,reliable,
LaVoce,NBASS08-20,8,8,,,235.1,11.33,5.2,,,,35.6,,55,18.4,9.92,0.5,0.48,,,6.5,92,200,,,reliable,
LaVoce,NBASS08-20-32,32,8,,,235.1,19.25,25.8,,,,29.4,,57,20.73,7.93,0.73,0.67,,,6.4,90,200,,,reliable,
LaVoce,NBASS10-20,8.0,10.0,,,353.0,12.5,5.2,0.75,,,38.2,,52.0,43.38,5.52,0.42,0.39,,,6.6,95.5,150.0,,,reliable,
LaVoce,NBASS10-20-16,16,10,,,353,16.9,13.3,,,,37.6,,53,42.15,7.28,0.59,0.54,,,6.3,93,150,,,reliable,
LaVoce,NBASS10-20-32,32,10,,,353,20.45,25.9,,,,30.9,,57,44.44,5.4,0.69,0.61,,,6.4,94,150,,,reliable,
LaVoce,NBASS12-30,8.0,12.0,,,531.0,19.53,5.2,1.0,,,69.7,,46.0,68.63,5.56,0.27,0.26,,,6.6,97.5,400.0,,,reliable,
LaVoce,NBASS12-30-16,16,12,,,531,25.75,12.3,,,,63.2,,48,69.83,7.98,0.35,0.34,,,7.3,97.5,400,,,reliable,
LaVoce,NBASS15-30,8.0,15.0,,,855.0,19.2,5.1,1.05,,,102.1,,42.0,143.06,8.56,0.38,0.36,,,6.6,98.5,400.0,,,reliable,
LaVoce,SAF184.01,8.0,18.11,,,1150,25.15,4.8,1.52,,,199.82,,35,192.78,4.22,0.33,0.31,0.11,,6.6,98,700,,,reliable,
LaVoce,SAF184.02,8.0,18.11,,,1150,25.5,4.9,1.69,,,239.2,,38,136.63,6.48,0.43,0.41,0.07,,8.4,96.5,1200,,,reliable,
LaVoce,SAF184.03,8.0,18.11,,,1220,28.6,5.7,1.97,,,265.6,,30,223.28,6.73,0.35,0.33,0.11,,12.1,96,1500,,,reliable,
LaVoce,SAF184.04,8.0,18.11,,,1220,26.54,5.7,1.9,,,275.55,,38,134.81,7.65,0.53,0.50,,,12.5,95,1500,,,reliable,
LaVoce,SAF184.05,8.0,18.11,,,1150,25.59,5.7,1.51,,,220.7,,40,134.76,5.42,0.48,0.44,,,7.7,96,1000,,,reliable,
LaVoce,SAF184.50,8.0,18.11,,,1220,30.9,5.4,2.5,,,300.11,,36,136.92,5.59,0.38,0.36,,,12.5,96,1800,,,reliable,
LaVoce,SAF214.50,8.0,20.87,,,1690,30.21,5.5,2.67,,,397.88,,32,250.6,5.16,0.48,0.44,,,12.5,96,2000,,,reliable,
LaVoce,SAF214.50,8,21.5,,,1662,29.3,5.6,,,,350.4,,30,311,6,0.43,0.401,,,11.6,96.4,2000,,,reliable,
LaVoce,SAN184.02,8.0,18.11,,,1220,26.95,5.4,1.88,,,245.9,,38,149.55,4.99,0.44,0.40,,,8.6,96.5,1200,,,reliable,
LaVoce,SAN184.03,8.0,18.11,,,1220,27.75,5.7,2.13,,,259.28,,36,157.98,5.64,0.44,0.41,0.07,,12.5,96,1500,,,reliable,
LaVoce,SAN184.50,8.0,18.11,,,1220,38.0,5.4,4.2,,,325.3,,36,123.74,7.27,0.28,0.27,,,15.4,97,1700,,,reliable,
LaVoce,SAN184.51,2.0,18.11,,,1220,18.79,1.2,0.38,,,306.6,,36,132.7,5.04,0.24,0.23,,,19.5,97.6,1700,,,reliable,
LaVoce,SAN214.50,8.0,20.87,,,1690,39.62,5.2,4.65,,,426.9,,33,218.27,6.14,0.29,0.28,0.06,,15.4,98,1700,,,reliable,
LaVoce,SAN214.50LD,8,21.5,,,1661,43.5,5.3,,,,435.4,,30,250,7,0.23,0.223,,,7.2,98.4,1700,,,reliable,
LaVoce,SAN215.30,8.0,20.87,,,1690,38.34,5.4,2.76,,,464.4,,33,204.15,5.48,0.35,0.33,,,14.9,97,2000,,,reliable,
LaVoce,SSF082.00L,4,8,,,220,12.79,3.2,,,,72.5,,49,9.93,7.54,0.44,0.41,,,10.3,87.5,350,,,reliable,
LaVoce,SSF082.00L,8.0,7.87,,,220,14.67,5.2,2.51,,,66.3,,52,9.84,9.94,0.52,0.49,0.144,,9.2,88,350,,,reliable,
LaVoce,SSF102.40,8.0,10.0,,,350.0,14.01,6.7,2.42,,,73.4,,39.0,39.54,8.96,0.61,0.57,,,8.3,88.5,250.0,,,reliable,
LaVoce,SSF102.50L,8.0,10.0,,,350.0,14.71,5.7,1.33,,,74.54,,44.0,30.68,5.6,0.54,0.49,0.137,,11.4,90.5,400.0,,,unreliable,"vas_inconsistent: stated=30.68 L, computed=23.7743 L, difference=22.51% (limit 20%)"
LaVoce,SSF102.50L,8,10,,,363,14.8,5.6,,,,78.1,,48,26,5.8,0.6,0.544,,,6.3,90.3,400,,,reliable,
LaVoce,SSF102.50L V2,8,10,,,350,14.6,5.7,,,,73.2,,44,30.7,5.6,0.54,0.493,,,7.1,90.3,400,,,reliable,
LaVoce,SSF122.50L,8.0,12.0,,,531.0,17.64,5.5,1.21,,,99.39,,42.0,57.79,5.36,0.46,0.43,0.154,,11.5,93.5,400.0,,,reliable,
LaVoce,SSF153.00,4.0,15,,,855,16.7,3.4,1.05,,,111,,42,134,4.66,0.36,0.33,,,7,107.6,400,,,reliable,
LaVoce,SSF153.00,8.0,15.0,,,855.0,18.65,5.1,1.06,,,103.7,,47.0,116.92,5.19,0.44,0.41,,,6.7,98.0,400.0,,,reliable,
LaVoce,TN100.70,8.0,0.98,,,5.6,1.75,5.9,0.03,,,0.16,,1500,,2,2.9,1.2,,,,89,,,,reliable,
LaVoce,TN101.00,8.0,1.02,,,6.6,2.5,5.6,,,,0.21,,1600,,4.03,1.92,1.3,,,,91.5,,,,reliable,
LaVoce,TN131.00,8.0,1.26,,,8.8,2.9,5.8,0.03,,,0.34,,1250,,2.3,1.84,1.00,,,,92,,,,reliable,
LaVoce,WAF061.80,8.0,6.5,,,132.0,9.46,4.7,0.34,,,20.1,,65.0,7.26,8.82,0.44,0.42,0.3,,4.9,91.0,150.0,,,reliable,
LaVoce,WAF061.80-16,16,6,,,132,12.77,11.4,,,,20.5,,66,7.05,7.84,0.59,0.55,,,4.8,89,150,,,reliable,
LaVoce,WAF082.00,8.0,7.87,,,220,12.51,5.5,0.185,,,23.6,,78,11.92,3.66,0.41,0.37,,,6.3,95,200,,,reliable,
LaVoce,WAF082.01,8,8,,,220,17.95,5.1,,,,29.3,,76,10.21,3.84,0.22,0.21,,,5.8,97,250,,,reliable,
LaVoce,WAF102.50,8.0,10.0,,,350.0,14.62,5.7,0.68,,,33.7,,74.0,23.66,4.01,0.42,0.38,0.14,,5.1,97.0,250.0,,,reliable,
LaVoce,WAF102.50A,8.0,10.0,,,350.0,15.8,5.5,0.8,,,38.4,,73.0,21.68,5.34,0.38,0.36,,,4.8,97.0,250.0,,,reliable,
LaVoce,WAF102.51,8.0,10.0,,,350.0,15.6,5.7,0.9,,,42.5,,70.0,21.4,7.16,0.44,0.42,,,5.95,95.5,350.0,,,reliable,
LaVoce,WAF102.52,8,10,,,346,13.8,4.9,,,,41.5,,66,23.5,6.4,0.44,0.412,,,4.5,96,350,,,reliable,
LaVoce,WAF122.50,8.0,12.0,,,531.0,17.9,5.6,0.94,,,62.1,,56.0,50.95,6.41,0.39,0.36,,,6.1,97.5,350.0,,,reliable,
LaVoce,WAF123.00,8.0,12.0,,,531.0,18.08,4.7,0.82,,,61.8,,50.0,65.04,4.93,0.28,0.26,,,7.0,99.0,500.0,,,reliable,
LaVoce,WAF123.01,8.0,12.0,,,531.0,17.08,4.8,0.75,,,63.2,,65.0,38.24,6.32,0.42,0.4,0.1,,7.5,98.0,500.0,,,reliable,
LaVoce,WAF123.02,8.0,12.0,,,531.0,18.25,5.2,0.48,,,56.5,,47.0,80.41,5.29,0.26,0.25,,,4.4,99.0,500.0,,,reliable,
LaVoce,WAF123.03,8,12,,,556,17.4,4.6,,,,62.7,,50,70,6.6,0.3,0.287,,,5.5,99,500,,,reliable,
LaVoce,WAF124.01,8.0,12.0,,,531.0,25.4,5.2,1.45,,,102.6,,43.0,51.87,4.1,0.23,0.22,0.129,,8.3,96.5,1000.0,,,reliable,
LaVoce,WAF124.02,8.0,12.0,,,531.0,18.23,5.0,0.9,,,76.9,,49.0,53.65,5.08,0.36,0.33,,,8.2,96.5,600.0,,,reliable,
LaVoce,WAF153.00,8.0,15.0,,,855.0,17.88,4.7,0.91,,,99.2,,43.0,146.26,9.0,0.39,0.37,0.14,,7.0,99.0,500.0,,,reliable,
LaVoce,WAF153.02,8.0,15.0,,,855.0,18.51,5.1,0.49,,,86.6,,36.0,229.13,8.72,0.3,0.29,,,4.9,99.5,500.0,,,reliable,
LaVoce,WAF153.03,8.0,15.0,,,855.0,25.26,5.2,1.09,,,106.5,,44.0,127.0,4.93,0.24,0.23,,,6.7,100.5,500.0,,,reliable,
LaVoce,WAF154.00,8.0,15.0,,,855.0,27.35,5.8,1.88,,,167.3,,38.0,109.68,5.74,0.31,0.29,0.1,,12.1,96.0,1500.0,,,reliable,
LaVoce,WAF154.01,8.0,15.0,,,855.0,26.29,5.4,1.7,,,160.5,,40.0,101.39,7.04,0.32,0.3,,,9.1,97.0,1000.0,,,reliable,
LaVoce,WAF154.02,8.0,15.0,,,855.0,22.95,5.8,1.75,,,148.6,,41.0,104.65,9.51,0.42,0.4,0.1,,7.6,96.0,800.0,,,reliable,
LaVoce,WAF154.03,8.0,15.0,,,855.0,23.51,6.2,0.17,,,98.0,,40.0,166.56,5.29,0.28,0.26,,,5.2,99.0,850.0,,,reliable,
LaVoce,WAN061.80,8.0,6.5,,,132.0,10.88,5.8,0.28,,,15.5,,60.0,11.18,6.91,0.29,0.27,,,5.2,93.0,200.0,,,reliable,
LaVoce,WAN061.80,16.0,6.5,,,132.0,13.9,10.4,,,,15.8,,62,10.26,5.55,0.33,0.31,,,5.2,92.5,200.0,,,reliable,
LaVoce,WAN082.01,8.0,7.87,,,220,14.45,5.1,0.36,,,26.5,,85,9,4.8,0.35,0.32,,,5.8,96,200,,,reliable,
LaVoce,WAN082.02,8.0,7.87,,,220,17.76,5.2,0.02,,,29.9,,80,8.97,4.88,0.25,0.23,,,5.8,96.5,200,,,reliable,
LaVoce,WAN082.50,8,8,,,227,16.4,6.8,0.8,,,30,,75,9.910896307,3.7,0.36,0.33,0.14,,4.1,,250,,,reliable,
LaVoce,WAN102.50,8.0,10.0,,,350.0,15.3,5.6,0.52,,,32.6,,78.0,22.4,4.73,0.38,0.35,0.13,,5.1,97.0,300.0,,,reliable,
LaVoce,WAN102.50,16.0,10.0,,,350.0,18.98,11.3,,,,31.5,,76,24.11,5.37,0.47,0.43,,,5.1,97,300.0,,,reliable,
LaVoce,WAN102.50LD,8.0,10.0,,,350.0,19.64,7.3,1.27,,,67.6,,52.0,23.88,7.84,0.42,0.4,,,11.5,91.5,300.0,,,reliable,
LaVoce,WAN103.01,8.0,10.0,,,350.0,20.57,5.5,0.72,,,39.6,,70.0,22.29,5.94,0.23,0.22,,,5.0,99.0,450.0,,,reliable,
LaVoce,WAN103.01,16.0,10.0,,,350.0,25.52,10.6,,,,41.5,,70,21.5,3.99,0.3,0.28,,,5.0,98,450.0,,,reliable,
LaVoce,WAN123.00,8.0,12.0,,,531.0,17.9,4.8,0.69,,,61.5,,49.0,68.8,6.54,0.28,0.27,0.17,,6.9,99.0,500.0,,,reliable,
LaVoce,WAN123.01,8.0,12.0,,,531.0,24.02,5.2,0.96,,,76.8,,57.0,40.0,6.6,0.25,0.24,,,6.6,98.5,500.0,,,reliable,
LaVoce,WAN124.01,8.0,12.0,,,531.0,26.0,5.2,1.57,,,103.2,,39.0,57.27,5.09,0.22,0.21,,,8.3,95.5,1000.0,,,reliable,
LaVoce,WAN143.00,8.0,13.5,,,713.0,18.7,5.3,0.8,,,87.0,,45.0,102.88,4.96,0.38,0.35,,,7.5,98.0,500.0,,,reliable,
LaVoce,WAN153.00,8.0,15.0,,,855.0,17.33,4.7,0.76,,,101.4,,43.0,139.2,9.49,0.43,0.41,0.13,,7.0,98.5,500.0,,,reliable,
LaVoce,WAN153.01,8.0,15.0,,,855.0,24.79,5.34,1.06,,,107.6,,44.0,126.2,4.3,0.26,0.24,,,6.6,100.0,600.0,,,reliable,
LaVoce,WAN154.00,8.0,15.0,,,855.0,24.88,5.1,1.48,,,197.78,,40.0,82.76,4.48,0.41,0.38,,,12.4,95.0,1500.0,,,reliable,
LaVoce,WAN154.01,8.0,15.0,,,855.0,26.47,5.3,1.65,,,156.8,,39.0,109.66,6.8,0.29,0.28,,,8.6,97.5,1000.0,,,reliable,
LaVoce,WSF030.70,8.0,2.76,,,33,4.65,6.3,0.32,,,3.5,,112,0.89,4.33,0.71,0.61,0.6,,3.3,85.5,30,,,reliable,
LaVoce,WSF051.02,8.0,5.12,,,86,6.4,5.6,0.27,,,7.26,,106,3.26,7.02,0.66,0.6,0.312,,3.1,91.5,60,,,reliable,
LaVoce,WSF051.02-16,16,5,,,86,8.27,11.9,,,,6.9,,98,4.02,6.54,0.74,0.66,,,3.2,90.5,60,,,reliable,
LaVoce,WSF061.52,8.0,6.5,,,143.0,10.81,5.5,0.42,,,13.3,,91.0,6.62,5.42,0.36,0.34,,,3.8,95.0,125.0,,,reliable,
LaVoce,WSF061.52,16.0,6.5,,,143.0,14.99,14.5,,,,12.2,,93,6.92,4.88,0.46,0.42,,,3.8,93.5,125.0,,,reliable,
LaVoce,WSF081.82,8.0,7.87,,,220,11.25,5.7,0.49,,,19.4,,79,14.3,2.95,0.43,0.38,0.209,,6.2,95.5,150,,,reliable,
LaVoce,WSF081.82-16,16,8,,,220,14.68,11.3,,,,18.68,,81,14.17,3.7,0.5,0.44,,,4.5,95.5,150,,,reliable,
LaVoce,WSF101.70G,8.0,10.0,,,356.0,11.9,7.5,0.51,,,20.7,,78.0,36.0,11.4,0.53,0.5,,,2.7,98.0,60.0,,,reliable,
LaVoce,WSF101.82,8,10,,,363,11.7,5.6,,,,27.5,,64,41.6,3.6,0.45,0.4,,,3.6,97.4,150,,,reliable,
LaVoce,WSF102.00,8.0,10.0,,,350.0,11.62,5.2,0.5,,,30.4,,65.0,34.03,5.73,0.48,0.45,0.196,,5.2,97.0,175.0,,,reliable,
LaVoce,WSF102.50,8.0,10.0,,,350.0,15.06,5.6,0.82,,,33.0,,64.0,32.69,5.32,0.33,0.31,,,4.8,97.5,250.0,,,reliable,
LaVoce,WSF121.70G,8.0,12.0,,,506.0,13.6,6.6,0.58,,,33.9,,82.0,41.0,11.7,0.62,0.59,,,2.7,99.0,100.0,,,reliable,
LaVoce,WSF122.02,8.0,12.0,,,531.0,12.81,5.2,0.53,,,44.8,,51.0,88.39,4.02,0.45,0.41,,,4.3,98.0,200.0,,,reliable,
LaVoce,WSF122.50,8.0,12.0,,,531.0,17.2,5.6,0.82,,,59.5,,49.0,70.23,6.64,0.35,0.33,,,4.7,97.5,250.0,,,reliable,
LaVoce,WSF152.02,8,15,,,855,12.7,5.3,,,,66.9,,43,210,4.9,0.59,0.527,,,4.3,98.3,200,,,reliable,
LaVoce,WSF152.50,8.0,15.0,,,855.0,16.16,5.6,0.77,,,90.3,,46.0,137.9,5.12,0.56,0.5,,,4.7,97.5,250.0,,,reliable,
LaVoce,WSN041.00,8.0,3.94,,,56,8.3,5.6,0.28,,,5.9,,104,1.79,7.06,0.32,0.30,0.4,,4,91.5,40,,,reliable,
LaVoce,WSN041.00-16,16,4,,,56,10.39,12,,,,5.12,,106,1.96,6.47,0.38,0.36,,,4.3,91,40,,,reliable,
LaVoce,WSN061.52,4.0,6.5,,,132.0,8.65,3.5,,,,14.9,,90,5.15,5.49,0.39,0.37,,,3.8,92.5,125.0,,,reliable,
LaVoce,WSN061.52,8.0,6.5,,,132.0,9.88,5.6,0.42,,,12.86,,90.0,5.92,5.31,0.42,0.39,,,3.8,94.0,125.0,,,reliable,
LaVoce,WSN061.52,16.0,6.5,,,132.0,12.56,11.8,,,,12,,108,4.46,3.94,0.61,0.53,,,3.8,93,125.0,,,reliable,
LaVoce,WSN102.50,8.0,10.0,,,350.0,14.05,4.9,0.61,,,36.05,,76.0,20.71,4.85,0.43,0.39,,,2.9,97.5,300.0,,,reliable,
LaVoce,WSN122.50,4.0,12.0,,,531.0,13.64,3.1,,,,60.6,,49,64.43,4.29,0.34,0.29,,,4.7,97,250.0,,,reliable,
LaVoce,WSN122.50,8.0,12.0,,,531.0,15.85,5.7,0.77,,,52.3,,53.0,69.44,4.31,0.39,0.36,,,4.7,97.5,250.0,,,reliable,
LaVoce,WSN122.50-16,16,12,,,531,23.03,13.1,,,,54.7,,53,65.84,3.88,0.45,0.4,,,4.6,96.5,250,,,reliable,
LaVoce,WSN152.50,8.0,15.0,,,855.0,16.24,5.6,0.773,,,90.5,,43.0,159.9,10.22,0.52,0.49,,,4.7,97.5,250.0,,,reliable,
LaVoce,WXF15.350-8,8,15,,,855,19.5,5.5,,,,88,,50,118,7.6,0.4,0.38,,,4.6,99.3,350,,,reliable,
LaVoce,WXF15.400,8.0,15.0,,,855.0,18.92,5.6,0.84,,,78.9,,44.0,170.04,3.55,0.34,0.31,,,5.2,99.5,400.0,,,reliable,
LaVoce,WXF15.800,8.0,15.0,,,855.0,22.62,5.1,0.92,,,130.6,,47.0,90.34,6.14,0.39,0.36,,,7.7,98.0,800.0,,,reliable,
LII Audio,CRYSTAL-10,8,10,,,356.4,6.3,5.76,,,,17.7,,31.5,256.5,7.75,0.51,0.479,,,3,95.4,20,,,reliable,
LII Audio,CRYSTAL-10 v2021,8,10,,,356.4,6.5,5.76,,,,17.7,,31.5,256.5,7.75,0.48,0.452,,,3,95.6,20,,,reliable,
LII Audio,F-15,8,15,,,938.2,13.7,6.56,,,,71.2,,49.6,178.5,7.45,0.78,0.706,,,2,97.3,40,,,reliable,
LII Audio,F-18,8,18,,,1194.6,9.5,7.2,,,,51.2,,38.7,661.8,18.656,0.985,0.936,,,3.2,98.3,40,,,unreliable,"coupling_failed: Mms free-air radiation-mass correction exceeds 50% of Mms (0.930), check Sd/Mms, stated Mms=51.2 g, computed Mmd=3.5821 g, radiation mass difference=93.00% (limit 50%)"
LII Audio,FAST-15,16,15,,,938.2,19.3,8.18,,,,64,,36.5,366.4,7.583,0.324,0.311,,,2,99.3,40,,,unreliable,"coupling_failed: Mms free-air radiation-mass correction exceeds 50% of Mms (0.518), check Sd/Mms, stated Mms=64 g, computed Mmd=30.8579 g, radiation mass difference=51.78% (limit 50%)"
LII Audio,SILVER-10,8,10,,,346.4,8,7.2,,,,16,,28.3,333.4,11.173,0.321,0.312,,,3,96.2,20,,,reliable,
Mach 5 Audio,FTW-LTE-21,4,21.5,,,1640.3,17.9,3.9,,,,463.2,,19.8,526.1,7.92,0.7,0.643,,,10,92.8,450,,,reliable,
Mach 5 Audio,FTW21,4,21.5,,,1640.3,22.2,3.2,,,,492.4,,19.7,499.9,8.56,0.395,0.378,,,7.5,95.8,600,,,reliable,
Mach 5 Audio,MAC MAH CWA46,8,18,,,1280,17.6,5.5,,,,169.7,,27,470.3,3.69,0.51,0.448,,,10,96.2,500,,,reliable,
Mach 5 Audio,UXL-18,4,18,,,1029.2,22.2,3.2,,,,380.8,,18.6,285.5,9.7,0.29,0.282,,,10,94,600,,,reliable,
MAG Audio,CX15-2,8,15,,,860,17.8,5.9,,,,106.6,,38.7,164.5,9.7,0.48,0.457,,,4.4,96.3,350,,,reliable,
MAG Audio,M 1805,8,18,,,1244,31.1,5.35,,,,282.1,,37.5,138.5,13.2,0.367,0.357,,,7.1,96.7,1200,,,reliable,
MAG Audio,SUB 300,4,12,,,538.9,13.5,3.38,,,,101.6,,30.3,110.7,3.315,0.358,0.323,,,7.4,95.1,300,,,reliable,
Magnat,300,4,12,,,527,11.4,2.8,,,,85.5,,31,120,1.794,0.36,0.3,,,7.1,96.5,300,,,reliable,
Magnat,AD 300 S&eacute;ries II,4,12,,,500,12.8,2.9,,,,137,,30,72,3.9,0.46,0.411,,,7.3,92.6,300,,,reliable,
Magnat,AD300,4,12,,,500,12.5,2.8,,,,137,,30,72,3.9,0.46,0.411,,,7.3,92.8,300,,,reliable,
Magnat,AGRESSOR 5000,4,18,,,1340,15.6,2.8,,,,341.6,,24,324,1.6,0.59,0.431,,,10.6,95.3,1000,,,reliable,
Magnat,OMEGA 380,4,15,,,824.5,16.2,3.6,,,,142.4,,21.3,375,4.97,0.26,0.247,,,12,96.9,500,,,reliable,
Magnat,POWER BULL 300,4,12,,,500,11.9,3.6,,,,99.4,,33,82,6,0.52,0.479,,,8.1,93,300,,,reliable,
Magnat,SUB 300 SUPREME,4,12,,,500,13.6,3.4,,,,89.7,,30,110,4.3,0.31,0.289,,,7.6,95.5,300,,,reliable,
Magnat,SUB 400 SUPREME,4,15,,,840,17.9,3.4,,,,172.2,,21,330,4.6,0.24,0.228,,,9.5,96.7,400,,,reliable,
Magnat,SUPREME 3000,4,12,,,500,11.2,2.8,,,,80.6,,29,131,5.2,0.33,0.31,,,8,96.4,300,,,reliable,
Magnat,SUPREME 3800,4,15,,,900,15.6,3,,,,169.8,,25,271,5.2,0.33,0.31,,,8.6,97.3,380,,,reliable,
Magnat,XPRESS 1500,4,15,,,829.6,14.5,3,,,,141.8,,26,255,5.6,0.33,0.312,,,7.9,97.6,300,,,reliable,
Magnat,XTC300,4,12,,,510,15.9,3.5,,,,126.7,,30,81,8,0.33,0.317,,,6.9,93.8,300,,,reliable,
Markaudio,Alpair-11MSGold,8,,,,111,7.8,7.2,,,,12,,44,17.698,2.22,0.41,0.34,,,8,88.1,35,,,reliable,
Markaudio,Alpair-11MSGrey,8,,,,111,7.8,7.2,,,,12,,44,17.698,2.22,0.41,0.34,,,8,88.1,35,,,reliable,
Markaudio,Alpair-5Grey,4,,,,28.27,2.49,3.4,0.39,,,1.93,,94.54,1.7845,,0.6366,0.4986,1.6,,3,85.45,5,,,reliable,
Markaudio,Alpair-7MSGold,8,,,,50.27,3.9,7.2,,,,3.3,,75,4.95545,2.35,0.74,0.57,,,4.5,86.3,15,,,reliable,
Markaudio,Alpair-7MSGrey,8,,,,50.27,3.9,7.2,,,,3.3,,75,4.95545,2.35,0.74,0.57,,,4.5,86.3,15,,,reliable,
Markaudio,CHN-110,8,,,,109,5.8206,6.8,,,,8.77,,44.2,24.7335,2.86,0.4884,0.4172,,,8,88.4,45,,,reliable,
Markaudio,CHN-40P,8,,,,23,3.1,6.8,1.06,,,1.69,,97.48,1.15,3.77,0.77,0.64,1.57,,3.5,83.41,7,,,reliable,
Markaudio,CHN-50P,4,,,,2.8,2.69,3.4,0.06,,,2.09,,113.15,,2.83,0.69,0.55,0.98,,3.5,87.5,7,,,reliable,
Markaudio,CHN-70,8,,,,50.27,3.4,5,0.17,,,3.4,,71.6,5.32357,1.85,0.65,0.48,,,4,86.7,16,,,reliable,
Markaudio,CHN-719,6,,,,50,3.9577,5.4,0.1666,,,4.0311,,68.5,4.7247,2.9476,0.5981,0.4972,1.3392,,4.3,,20,,,reliable,
Markaudio,CHP-70Khaki,8,,,,50.2,4.2,7.2,,,,3.7,,50.2,,2.3,0.76,0.52,,,4,86.5,20,,,unreliable,"qes_inconsistent: stated=0.76 , computed=0.476342 , difference=37.32% (limit 20%)"
Markaudio,CHR-70Champagne,8,,,,50.2,4.2,7.2,,,,3.9,,65.4,5.09703,2.66,0.69,0.55,1.44,,4,85.4,20,,,reliable,
Markaudio,MA200-MCopper,8,,,,206,8.546,6.8,0.2283,,,21.1652,,33,65.1957,,0.4086,0.3455,1.099,,9,90.26,50,,,reliable,
Markaudio,MA200-MGrey,8,,,,206,8.546,6.8,0.2283,,,21.1652,,33,65.1957,,0.4086,0.3455,1.099,,9,90.26,50,,,reliable,
Markaudio,MA200-PMICA,8,,,,206,7.02,6.2,0.16,,,14.11,,39,66.5,2.29,0.44,0.37,1.121,,7,92.77,50,,,reliable,
Markaudio,MAOP-11,8,,,,111,8.0545,6.8,69.3,,,12.0624,,44.3,18.4,2.0043,0.3523,0.2996,1.068,,,88.6,35,,,reliable,
Markaudio,MAOP-7.2white,6,,,,50.2,4.09,5.4,0.02,,,3.88,,76.5,3.96,1.98,0.6,0.465,1.1,,2.25,85.8,15,,,reliable,
Markaudio,PLUVIA-7HDChrome,8,,,,50,3.6297,5.4,0.1652,,,3.839,,72.5,4.4227,3.1446,0.7173,0.584,1.2536,,4,85.74,20,,,reliable,
Markaudio,PLUVIA-7HDGold,8,,,,50,3.6297,5.4,0.1652,,,3.839,,72.5,4.4227,3.1446,0.7173,0.584,1.2536,,4,85.74,20,,,reliable,
Markaudio,PLUVIA-7PHD,8,,,,50,2.9146,3.5,0.0274,,,3.2888,,77.8,,2.7968,0.6623,0.54,1.2728,,4,87,15,,,reliable,
Martin Audio,L-1530,8,15,,,890,21.1,6.5,,,,142.1,,30,220,2.2,0.39,0.331,,,5,94.7,250,,,reliable,
Massive Audio,HIPPO XL 152,1,15,,,804,17.3,0.9,,,,475.1,,43.1,26,5.972,0.386,0.363,,,5.7,98.8,2000,,,reliable,
Massive Audio,REBEL 124,2,12,,,507,12.5,1.8,,,,226,,32.6,38,5.5,0.532,0.485,,,7.1,92.4,500,,,reliable,
Master Audio,HPLSN12-500,8,12,,,564,21.3,6.5,,,,64.3,,52,65,4.9,0.3,0.283,,,5,97.7,500,,,reliable,
Max Speaker,CA-1060/4,4,10,,,314,14.1,2.8,,,,106.6,,34,28.4,7.8,0.32,0.307,,,6.1,92,300,,,reliable,
Max Speaker,MF300/77S4,4,12,,,487,18.2,3.7,,,,227.6,,26.4,53.1,4.33,0.42,0.383,,,6.7,89,300,,,reliable,
Max Speaker,PR1566,8,15,,,841,16.6,5.6,,,,74,,36,262,2.3,0.34,0.296,,,8.6,99.1,600,,,reliable,
Max Speaker,PV-1230 4 Ohms,4,12,,,531,7.5,2.9,,,,79,,20,317,4,0.51,0.452,,,4,93.4,125,,,reliable,
Max Speaker,PV-1230 8 Ohms,8,12,,,531,10.4,5.6,,,,79,,20,317,4,0.51,0.452,,,4,90.5,125,,,reliable,
Max Speaker,PV-1250 4 Ohms,4,12,,,531,10.6,3.1,,,,95.4,,21,238,5.9,0.35,0.33,,,6,94.1,275,,,reliable,
Max Speaker,PV-1250 8 Ohms,8,12,,,531,14.2,5.6,,,,95.4,,21,238,5.9,0.35,0.33,,,6,91.5,275,,,reliable,
MC Kenzie,C12.200L,8,12,,,530,16,5.6,,,,54.7,,45,90,2.3,0.34,0.296,,,4.2,97.4,200,,,reliable,
MC Kenzie,C15.200,8,15,,,845,23,6,,,,98.4,,40,161,8.03,0.28,0.271,,,3.8,98.9,200,,,reliable,
MC Kenzie,C15.400BR,8,15,,,850,30,6.8,,,,174.3,,29,175,4.25,0.24,0.227,,,5.8,95.2,400,,,reliable,
MC Kenzie,C15.400BS,8,15,,,850,22.1,6,,,,74.6,,40,215,4.64,0.23,0.219,,,5.4,101,400,,,reliable,
MC Kenzie,C15.500BS,8,15,,,800,18.7,5.9,,,,77.4,,45,145,6.5,0.37,0.35,,,6.5,98.8,500,,,reliable,
MC Kenzie,C18.500BS,8,18,,,1250,20.3,6.4,,,,160.8,,37,252,2.91,0.58,0.484,,,6.5,96.4,500,,,reliable,
MC Kenzie,FRL-115/500-LF,8,15,,,907.9,26.5,5.8,,,,144.7,,34,175,1.99,0.256,0.227,,,5.4,97.7,500,,,reliable,
MC Kenzie,FRL-15/500-LF,8,15,,,907.9,26.5,5.8,,,,144.7,,34,175,1.99,0.256,0.227,,,5.4,97.7,500,,,reliable,
MC Kenzie,FRL-21/1200-LF,8,21.5,,,1730,27.3,5,,,,315.7,,30,374,6.8,0.4,0.378,,,9.5,98,1200,,,reliable,
MC Kenzie,MK C12-200BS,8,12,,,539.1,19.9,6.5,,,,52.3,,72.1,38,3.01,0.39,0.345,,,2.3,98.5,200,,,reliable,
MC Kenzie,MK C15-250BS,8,15,,,848,21,6,,,,99.7,,40,160,4.78,0.34,0.317,,,0.5,98,250,,,reliable,
McCauley,6152-8,8,18,,,1220,18.2,5,,,,165.9,,30,354,5.6,0.47,0.434,,,12,97.1,900,,,reliable,
McCauley,6174,8,18,,,1283.9,19.2,5.6,,,,199.5,,20,733.4,2.9,0.38,0.336,,,15.2,95.4,800,,,reliable,
McCauley,6222,8,10,,,349.7,15.3,5.9,,,,64.7,,40,41.9,7.9,0.41,0.39,,,7,91.5,300,,,reliable,
McCauley,6232,8,12,,,532.9,15.3,5.9,,,,77.5,,35,106.2,9.06,0.43,0.411,,,8.4,93.6,400,,,reliable,
McCauley,6234,8,12,,,532,18.6,5.1,,,,67,,50,60,7.3,0.31,0.297,,,4.2,97.8,300,,,reliable,
McCauley,6242,8,15,,,877.4,23.6,6,,,,154.8,,39,116.1,10.5,0.41,0.395,,,5.8,95.5,450,,,reliable,
McCauley,6244,8,15,,,890,25.6,6,,,,121.7,,40,144.4,9.7,0.28,0.272,,,4.6,98.4,400,,,reliable,
McCauley,6260-8,8,18,,,1280,22.7,6,,,,189.8,,28,391,13.5,0.39,0.379,,,8,96.7,400,,,reliable,
McCauley,6342,8,15,,,877.2,24.7,6,,,,85.3,,40,200.2,7.4,0.21,0.204,,,4.6,101.1,400,,,reliable,
McCauley,B1240,8,12,,,530,17.3,6,,,,62.8,,38,110,6.18,0.3,0.286,,,6.5,96.3,350,,,reliable,
McCauley,B1840,8,18,,,1290,28.4,5.8,,,,186.1,,28,405,10.8,0.236,0.231,,,4.8,99.1,400,,,reliable,
McCauley,B1860,8,18,,,1283.2,23,6.2,,,,141.5,,23.9,723.6,9.49,0.25,0.244,,,5.5,99.1,400,,,reliable,
McCauley,MK 12-100TC,8,12,,,450,15.1,5.8,,,,42,,69,36,13.8,0.46,0.445,,,2,97.5,100,,,reliable,
MCM Electronics,55-1220,8,12,,,503,15.7,6.8,,,,75.6,,26,175.9,2.33,0.34,0.297,,,2.3,92.3,80,,,reliable,
MCM Electronics,55-1255,8,12,,,517,9,7.1,,,,39.2,,35,197.6,2.05,0.76,0.554,,,3.5,93,80,,,reliable,
MCM Electronics,55-1465 DVC 8 Ohms en s&eacute;rie 16 Oh,16,12,,,517,20.6,11.6,,,,74.5,,25,203.8,3.13,0.32,0.29,,,5,90.3,100,,,reliable,
MCM Electronics,55-2952,8,12,,,517,16.5,7.2,,,,60.9,,38,108,2.8,0.385,0.338,,,3.8,94.3,175,,,reliable,
MCM Electronics,55-2953,8,15,,,851,18.2,7.2,,,,108.2,,32,232,2.9,0.475,0.408,,,3.8,94.5,200,,,reliable,
MCM Electronics,55-2962,8,12,,,517,14.9,7.2,,,,43.6,,48,94.5,4.5,0.428,0.391,,,4.8,96.3,175,,,reliable,
MCM Electronics,55-2963,8,15,,,851,17.1,7.2,,,,87.8,,32,286,3.3,0.437,0.386,,,6.5,95.8,200,,,reliable,
MCM Electronics,55-2964,8,18,,,1232,19.5,6.8,,,,117.2,,27,630.6,2.63,0.355,0.313,,,6,98.1,300,,,reliable,
MCM Electronics,55-2973,8,12,,,517,12.1,7.2,,,,43.9,,42,122.6,3.24,0.565,0.481,,,5,94.5,120,,,reliable,
MCM Electronics,55-2974,8,15,,,840,13.9,7.2,,,,73.6,,32.5,322.2,3.085,0.559,0.473,,,6,95.4,200,,,reliable,
MCM Electronics,55-2981,8,10,,,363,10.8,6.3,,,,46.1,,41.8,58.1,3.08,0.655,0.54,,,3.9,91.1,70,,,reliable,
MCM Electronics,55-2982,8,12,,,517,13.4,6.3,,,,59.4,,36.2,121.7,2.823,0.476,0.407,,,7,93.9,350,,,reliable,
MCM Electronics,55-2983,8,15,,,850,18.6,6.5,,,,108.8,,43,127.5,2.894,0.554,0.465,,,4,95.5,200,,,reliable,
MCM Electronics,55-2985,8,21.5,,,1706,22.9,6.3,,,,218.5,,25.9,705,3.509,0.426,0.38,,,6.9,97.6,300,,,reliable,
MCM Electronics,55-2992,8,12,,,543,19.9,6.6,,,,82.2,,53.6,44.4,3.2,0.46,0.402,,,4.1,94.5,350,,,reliable,
MCM Electronics,55-2993,8,15,,,919,19.1,6.6,,,,125.7,,44,123.2,3.485,0.63,0.534,,,2.9,95,120,,,reliable,
MCM Electronics,55-3212,4,12,,,531,9,3.4,,,,55.1,,38.5,122.6,3.059,0.565,0.477,,,4.7,96.6,100,,,reliable,
MCM Electronics,55-3213,4,15,,,840,9.6,3.4,,,,73.7,,32.5,322.2,3.085,0.559,0.473,,,6,98.7,200,,,reliable,
MCM Electronics,55-3233,4,12,,,531,8.8,3.4,,,,46.3,,42,122.6,3.345,0.532,0.459,,,4.9,98,120,,,reliable,
MCM Electronics,55-3234,4,15,,,840,9.8,3.4,,,,73.6,,32.5,322.2,3.203,0.534,0.458,,,6,98.9,200,,,reliable,
MCM Electronics,55-3243,4,15,,,855,13.4,3.4,,,,107.2,,43.6,127.5,2.894,0.554,0.465,,,6.2,98.5,500,,,reliable,
MCM Electronics,55-5725,8,12,,,530.9,13.2,7.6,,,,121.3,,39.3,53.4,1.56,1.3,0.709,,,2.5,86.2,100,,,reliable,
Mercuriale,HTR 276 G0,8,10,,,350,14.4,6.2,,,,56.8,,27,105,2.13,0.29,0.255,,,3,91.6,160,,,reliable,
Mercuriale,HTR 386 M0,8,15,,,852,6.6,6.8,,,,58.7,,32,428.8,4.04,1.82,1.255,,,3.6,91.6,250,,,reliable,
Mercuriale,PAR 260 M0,8,10,,,344,22.6,6.8,,,,54.5,,55,25.5,2.51,0.25,0.227,,,1.8,95,100,,,reliable,
Mercuriale,PAR 312 M0,8,12,,,517,17.2,5.7,,,,66,,49,59.9,1.88,0.39,0.323,,,3.4,96,200,,,reliable,
Mercuriale,PAR 465 M0,8,18,,,1200,29.8,6.8,,,,166.3,,35,251,4.98,0.28,0.265,,,6,98.5,600,,,reliable,
Mercuriale,PTR 256 M0,8,10,,,326,10.1,6.5,,,,26.5,,50,56.9,8.3,0.53,0.498,,,3.5,94.2,100,,,reliable,
Mercuriale,PTR 306 M0,8,12,,,515,10.1,6.5,,,,40,,58,70.1,6.16,0.93,0.808,,,3.9,94.6,150,,,reliable,
Mercuriale,PTR 385 M0,8,15,,,851,21.5,6.4,,,,93.7,,33,252,11.27,0.27,0.264,,,3.5,98.2,200,,,reliable,
Mercuriale,PTR 460 M0,8,18,,,1164.8,18.4,6.2,,,,116.1,,33,380.9,8.91,0.44,0.419,,,4,98,200,,,reliable,
MISCO,250-SW04D-01,2,10,,,330,10.2,1.9,,,,117.9,,29,39,6.96,0.39,0.369,,,4.7,92.1,100,,,reliable,
Mivoc,AW 3000,4,12,,,507,14.1,3,,,,129.1,,27,97,4.1,0.33,0.305,,,5.9,93.9,180,,,reliable,
Mivoc,AWM 104,4,10,,,346,16.4,3.1,,,,119.6,,31,37,7.4,0.27,0.26,,,5.2,92.2,220,,,reliable,
Mivoc,AWM 124,4,12,,,507,18.3,3.1,,,,149.1,,30,68,7.5,0.26,0.251,,,4.7,94.6,220,,,reliable,
Mivoc,AWX 184,4,18,,,1188,17.8,3.2,,,,202.9,,28,315,2.4,0.36,0.313,,,6,98.8,600,,,reliable,
Mivoc,AWX 184 MKII,4,18,,,1232,18.5,3.5,,,,188,,32,280,6.1,0.38,0.36,,,5.5,98,600,,,reliable,
Mivoc,WS 1865 C-4,4,18,,,1307,16,3,,,,185,,35,270,5.4,0.48,0.44,,,5,95.7,300,,,reliable,
Mivoc,XAW 320 HC,4,12,,,499,13.5,3.2,,,,163.3,,22.6,106,4.2,0.41,0.374,,,8.4,90.7,220,,,reliable,
Monacor,BLACKBASS 10,16,10,,,325,20.7,8,,,,122.1,,32,30,7.2,0.46,0.432,,,6.8,85.3,250,,,reliable,
Monacor,BLACKBASS-12 4 Ohms,4,12,,,490,14.6,3.6,,,,166.2,,29,61,8.8,0.51,0.482,,,7.5,90.1,300,,,reliable,
Monacor,BLACKBASS-12 8 Ohms,8,12,,,490,20.7,7.2,,,,166.2,,29,61,8.8,0.51,0.482,,,7.5,87.1,300,,,reliable,
Monacor,CRB-10TC s&eacute;rie,8,10,,,330,15.9,7.8,,,,88,,34,38,5.82,0.58,0.527,,,4.9,86.2,100,,,reliable,
Monacor,CRB-12TC,2,12,,,503,8.3,1.9,,,,124.6,,31,75,6.98,0.67,0.611,,,4.9,93.5,100,,,reliable,
Monacor,CRB-12TC,8,12,,,503,16.8,7.8,,,,124.6,,31,75,6.98,0.67,0.611,,,4.9,87.3,100,,,reliable,
Monacor,CRB-30HQ,4,12,,,492,14.8,3.3,,,,162.6,,31,55,3.66,0.48,0.424,,,5,91.2,250,,,reliable,
Monacor,CRB-38HQ,4,12,,,492,14.8,3.3,,,,162.6,,31,55,3.66,0.48,0.424,,,6,91.2,300,,,reliable,
Monacor,PREDATOR 12,4,12,,,530,14.3,3.6,,,,143.1,,33,64,4.2,0.52,0.463,,,5.9,91.9,250,,,reliable,
Monacor,RAPTOR 12,4,12,,,469.9,14.3,3.4,,,,154.2,,43,27.5,6.5,0.69,0.624,,,8.5,90.7,1000,,,reliable,
Monacor,RAPTOR 12 MK2,4,12,,,470,16.6,3.4,,,,212,,34,32,7.87,0.56,0.523,,,10.1,89.2,1000,,,reliable,
Monacor,RAPTOR 12 v2014,4,12,,,470,17,3.3,,,,188.5,,43,22.5,9.04,0.58,0.545,,,7.7,90.7,1000,,,reliable,
Monacor,RAPTOR 12 v2014 2,4,12,,,470,15.1,2.1,,,,238.3,,43,17.8,7.7,0.59,0.548,,,6.8,91.6,1000,,,reliable,
Monacor,RAPTOR 15,4,15,,,810,17.2,3.4,,,,273.5,,39,56,7.24,0.77,0.696,,,7.4,92,1000,,,reliable,
Monacor,RAPTOR 15 MK2,4,15,,,810,17.2,3.4,,,,273.5,,39,56,7.24,0.77,0.696,,,7.4,92,1000,,,reliable,
Monacor,SONIC 12,8,12,,,511,18.6,4,,,,249.4,,27,51,11.2,0.49,0.469,,,6.3,88.1,350,,,reliable,
Monacor,SONIC 12 MK2,4,12,,,511,17.6,3.8,,,,282.4,,24,57,7.75,0.52,0.487,,,6.3,87,350,,,reliable,
Monacor,SONIC 15 MK2,4,15,,,830,18.8,3.8,,,,424.7,,22,119,6.82,0.63,0.577,,,6.3,88.2,350,,,reliable,
Monacor,SP-10/100PA,8,10,,,350,14.7,6.9,,,,32.2,,65,32,4.1,0.42,0.381,,,2.5,95.8,100,,,reliable,
Monacor,SP-10/150PA,8,10,,,350,17.6,6.9,,,,35.5,,60,34,5.36,0.3,0.284,,,3,96.5,150,,,reliable,
Monacor,SP-10/250PRO,8,10,,,380,18.5,7.1,,,,57,,47,40.7,6.16,0.35,0.331,,,4.8,93.3,250,,,reliable,
Monacor,SP-10/500FH,8,10,,,319,17.9,5.1,,,,46.5,,60,21.6,3.28,0.28,0.258,,,4.5,96.2,500,,,reliable,
Monacor,SP-10/700HP,8,10,,,339,26.1,5.5,,,,72.4,,60,15.7,6.01,0.22,0.212,,,3.9,95.5,700,,,reliable,
Monacor,SP-10A/250NEO,8,10,,,347,12.4,5.7,,,,35.2,,80,19,16.59,0.66,0.635,,,3,95.1,250,,,reliable,
Monacor,SP-10A/300PA,8,10,,,346,15.6,6.5,,,,41.3,,55,34,5.87,0.38,0.357,,,3.8,94.6,300,,,reliable,
Monacor,SP-10A/302PA,8,10,,,346,15.8,6.4,,,,35.1,,55,40,7.44,0.31,0.298,,,4,96.3,300,,,reliable,
Monacor,SP-12,8,12,,,535,12.6,6.4,,,,46.5,,45.8,104.3,3.067,0.538,0.458,,,3.9,95.6,100,,,reliable,
Monacor,SP-12/100PA,8,12,,,531,15,6.8,,,,48.7,,55,68,4.34,0.51,0.456,,,2.5,96.1,100,,,reliable,
Monacor,SP-12/100PA v1,8,12,,,539.1,14.3,6.4,,,,48.6,,53.3,74.8,6.36,0.51,0.472,,,3.3,96.4,100,,,reliable,
Monacor,SP-12/100PA v2,8,12,,,539.1,13.8,6.5,,,,45.9,,52.5,81.6,6.34,0.52,0.481,,,3.4,96.4,100,,,reliable,
Monacor,SP-12/100PA v3,8,12,,,539.1,14.4,6.4,,,,48.6,,56.4,66.7,6.61,0.53,0.491,,,3,96.5,100,,,reliable,
Monacor,SP-12/100PA v4,8,12,,,539.1,14.3,6.4,,,,48.4,,52.5,77.3,6.12,0.5,0.462,,,3.3,96.4,100,,,reliable,
Monacor,SP-12/200PA,8,12,,,531,15.4,6.8,,,,43.4,,45,114,5.2,0.35,0.328,,,4,97.4,200,,,reliable,
Monacor,SP-12/300NEO,8,12,,,500,18.1,5.5,,,,46.5,,53,68,7.93,0.26,0.252,,,3.5,99.5,300,,,reliable,
Monacor,SP-12/500FH,8,12,,,490,17.5,5.1,,,,55.3,,45,76.2,6.9,0.26,0.251,,,6.4,98.2,500,,,reliable,
Monacor,SP-12A/300NEO,8,12,,,500,18.1,5.5,,,,46.5,,53,68,7.93,0.26,0.252,,,3.5,99.5,300,,,reliable,
Monacor,SP-12A/300PA,8,12,,,531,15.8,6.5,,,,54.9,,50,73,5.46,0.45,0.416,,,3.8,96,300,,,reliable,
Monacor,SP-12A/302PA,8,12,,,530,17.3,6.4,,,,51.8,,50,77,7.87,0.35,0.335,,,5,97.3,300,,,reliable,
Monacor,SP-15/200PA,8,15,,,855,18.1,6.8,,,,74.7,,42,197,4.37,0.41,0.375,,,4.7,98.2,200,,,reliable,
Monacor,SP-15/300PA,8,15,,,855,20.8,6.8,,,,77.5,,38,232,5.44,0.29,0.275,,,3,99.1,300,,,reliable,
Monacor,SP-15/400PA,8,15,,,855,21.8,6.5,,,,96.3,,35,220,5.1,0.29,0.274,,,2.8,98,400,,,reliable,
Monacor,SP-15/500FH,8,15,,,880,19,5.1,,,,103,,35,218,10.4,0.32,0.31,,,7.8,98.6,500,,,reliable,
Monacor,SP-15A/350NEO,8,15,,,840,23,5.5,,,,81.5,,49,128,7.75,0.26,0.252,,,3.5,101.2,350,,,reliable,
Monacor,SP-15A/400PA,8,15,,,855,21.8,6.5,,,,96.3,,35,220,5.1,0.29,0.274,,,2.8,98,400,,,reliable,
Monacor,SP-15A/402PA,8,15,,,881,20.1,6.5,,,,90.5,,36,235,7.45,0.33,0.316,,,5,98.1,400,,,reliable,
Monacor,SP-18/1000HP,8,18,,,1166,27.1,5.4,,,,179.9,,35,219,9.74,0.29,0.282,,,7.9,98.8,1000,,,reliable,
Monacor,SP-18/600FH,8,18,,,1166,19.4,5.1,,,,132.8,,30,404,8.68,0.34,0.327,,,9.3,99,600,,,reliable,
Monacor,SP-250,8,10,,,346,5.5,6.5,,,,30.5,,30,155,3.29,1.25,0.906,,,3.5,88.1,75,,,reliable,
Monacor,SP-250C,4,10,,,353,8.1,3.7,,,,37.6,,35,96,3.15,0.47,0.409,,,5,94.8,100,,,reliable,
Monacor,SP-250P,8,10,,,346,11,6.5,,,,33.9,,33,115,2.33,0.38,0.327,,,3.5,93.2,100,,,reliable,
Monacor,SP-250PA v2017,8,10,,,346,7.4,6.9,,,,25.6,,48,72,3.8,0.98,0.779,,,4.3,91.7,125,,,reliable,
Monacor,SP-252E,4,10,,,353,8.5,3.75,1.1,,,43,,42,57,3.13,0.6,0.5,0.33,,4,97,75,,,reliable,
Monacor,SP-252PA,8,10,,,350,11.3,7.7,,,,47.9,,55,30,2.13,1,0.681,,,2.4,89.1,75,,,reliable,
Monacor,SP-254TC,8,10,,,353,10.2,6.7,,,,45.1,,30,109,6.17,0.55,0.505,,,5,90,75,,,reliable,
Monacor,SP-25A/200NEO,8,10,,,352,15.2,5.3,,,,37,,69,25,6.04,0.37,0.349,,,3.1,97.2,200,,,reliable,
Monacor,SP-25A/250PA,8,10,,,350,19.8,5.4,,,,55.5,,52,29,6.3,0.25,0.24,,,2.5,95.8,250,,,reliable,
Monacor,SP-25A/250PAM,8,10,,,350,16.5,5.5,,,,35.5,,73,23,5.03,0.33,0.31,,,1.5,97.9,250,,,reliable,
Monacor,SP-30/200NEO,8,12,,,510,13.1,5.5,,,,51,,43,98,5.77,0.44,0.409,,,2,96.1,200,,,reliable,
Monacor,SP-30/200PA,8,12,,,540,14,6.5,,,,44.6,,44,120,6.71,0.41,0.386,,,2.5,96.8,200,,,reliable,
Monacor,SP-300,8,12,,,510,8.8,6.5,,,,54.7,,25,270,2.65,0.726,0.57,,,2.5,90.5,100,,,reliable,
Monacor,SP-300GI,8,12,,,510,7.8,6.5,,,,29.1,,65,75,3.99,1.28,0.969,,,3.2,94.9,150,,,reliable,
Monacor,SP-300P,8,12,,,495,11,6.5,,,,36.3,,30,266,1.74,0.37,0.305,,,2.5,95.8,100,,,reliable,
Monacor,SP-300PA,8,12,,,514,11.4,6.9,,,,39.1,,40,150,2.65,0.52,0.435,,,3.3,95.3,175,,,reliable,
Monacor,SP-302C,4,12,,,531,8,3.7,,,,59.3,,33,155,4.19,0.71,0.607,,,5,94.3,150,,,reliable,
Monacor,SP-302E,4,12,,,518,6.7,3.6,,,,44.4,,39,141,4.24,0.87,0.722,,,4,95.3,100,,,reliable,
Monacor,SP-302PA-8,8,12,,,542,12.2,7.7,,,,101,,45,51,2.2,1.47,0.881,,,2.3,87.1,100,,,reliable,
Monacor,SP-304PA,4,12,,,514,9.2,3.6,,,,62.6,,35.8,117,3.87,0.6,0.519,,,3.3,95,175,,,reliable,
Monacor,SP-305I,8,12,,,495,11.4,6.8,,,,46.1,,40,118,2.25,0.61,0.48,,,4,93.6,175,,,reliable,
Monacor,SP-305PA,8,12,,,495,10,6,,,,22.5,,35,315,4.95,0.3,0.283,,,5.3,99.8,175,,,unreliable,"coupling_failed: Mms free-air radiation-mass correction exceeds 50% of Mms (0.564), check Sd/Mms, stated Mms=22.5 g, computed Mmd=9.79881 g, radiation mass difference=56.45% (limit 50%)"
Monacor,SP-30A/200PAM,8,12,,,530,19.7,6,,,,53.5,,52,69,3.54,0.27,0.251,,,1.5,98.8,200,,,reliable,
Monacor,SP-30A/200PRO,8,12,,,530,14,5.8,,,,43.2,,45,114,4.33,0.36,0.332,,,2,98,200,,,reliable,
Monacor,SP-30A/250PA,8,12,,,530,20.5,5.4,,,,59.5,,52,62,5.55,0.25,0.239,,,3.4,99.1,250,,,reliable,
Monacor,SP-30A/300NEO,8,12,,,530,20.2,5.1,,,,61.5,,52,60,5.36,0.25,0.239,,,3.5,99.2,300,,,reliable,
Monacor,SP-30PACT,8,12,,,510,14.1,5.2,,,,39.1,,47,107,3.69,0.3,0.277,,,2,99.5,200,,,reliable,
Monacor,SP-30PATC,8,12,,,510,14.1,5.2,,,,39.1,,47,107,3.69,0.3,0.277,,,2,99.5,200,,,reliable,
Monacor,SP-30PAX,8,12,,,505,17.5,5.5,,,,32.9,,46,130,4.96,0.17,0.164,,,3.9,102.3,200,,,reliable,
Monacor,SP-310CX,2,,,,346,13.3,5.6,0.65,,,32,,60,41,3.24,0.36,0.32,0.24,,2.5,96,200,,,reliable,
Monacor,SP-310CX,8,10,,,346,13,5.6,,,,28.8,,60,41,3.24,0.36,0.324,,,2.5,97.4,200,,,reliable,
Monacor,SP-310PA,8,12,,,510,16.1,6.4,,,,36.1,,48,111,3.1,0.27,0.248,,,2.5,99.5,200,,,reliable,
Monacor,SP-312CX,8,12,,,540,17,5.6,,,,53.5,,55,64,3.74,0.36,0.328,,,3,98.2,250,,,reliable,
Monacor,SP-330PAX,8,12,,,530,15.9,6.3,,,,48.2,,33,190,5.09,0.25,0.238,,,4.5,97.4,125,,,reliable,
Monacor,SP-38/200PA,8,15,,,855,17,6,,,,62.6,,38,287,5.64,0.31,0.294,,,2,100.3,200,,,reliable,
Monacor,SP-38/300NEO,8,15,,,880,14.3,5.4,,,,80.1,,36,265,4.13,0.48,0.43,,,3.5,97.8,300,,,reliable,
Monacor,SP-38/300PA,8,15,,,855,19.8,5.9,,,,52.9,,48,213,5.68,0.24,0.23,,,4,103.2,300,,,unreliable,"coupling_failed: Mms free-air radiation-mass correction exceeds 50% of Mms (0.545), check Sd/Mms, stated Mms=52.9 g, computed Mmd=24.0673 g, radiation mass difference=54.50% (limit 50%)"
Monacor,SP-380P,8,15,,,840,16.9,6.1,,,,93.8,,23,505,3.92,0.29,0.27,,,4,96.4,250,,,reliable,
Monacor,SP-380P v2000,8,15,,,855,17.4,6.5,,,,144.2,,20,450,2.48,0.39,0.337,,,9.4,92.5,200,,,reliable,
Monacor,SP-380PA,8,15,,,845,14.5,5.9,,,,94.9,,38,185,3.68,0.64,0.545,,,3.3,95.3,250,,,reliable,
Monacor,SP-382PA,8,15,,,825,10.9,7,0.8,,,73,,25,,3.03,0.99,0.75,,,3.5,94,150,,,unreliable,"qes_inconsistent: stated=0.99 , computed=0.675597 , difference=31.76% (limit 20%)"
Monacor,SP-384PA,4,15,,,845,14.7,3.6,,,,150.1,,38,117,3.87,0.6,0.519,,,3.3,95.7,250,,,reliable,
Monacor,SP-385G,8,15,,,880,13.3,5.6,,,,86.3,,35,260,2.23,0.6,0.473,,,4,96.2,175,,,reliable,
Monacor,SP-385PAX,8,15,,,855,18,6.5,,,,79,,30,365,5.86,0.3,0.285,,,4.5,98,175,,,reliable,
Monacor,SP-38A/300NEO,8,15,,,854,18.6,5.2,,,,81.6,,44,164,4.02,0.34,0.313,,,3.5,100,300,,,reliable,
Monacor,SP-38A/300PA,8,15,,,880,24.9,5.4,,,,118.2,,48,101,7.45,0.31,0.298,,,3.4,99.3,300,,,reliable,
Monacor,SP-38A/300PRO,8,15,,,850,18,6,,,,76,,50,135,3.37,0.44,0.389,,,2.5,99.1,300,,,reliable,
Monacor,SP-38A/500BS,8,15,,,855,20.4,6,,,,112.9,,37,168,4.37,0.38,0.35,,,6,96.7,500,,,reliable,
Monacor,SP-400HT,8,15,,,855,22,6.4,,,,143.6,,21,410,6.55,0.25,0.241,,,4,94.8,150,,,reliable,
Monacor,SP-400HT v2,8,15,,,750,16.9,6.4,,,,80.9,,22,510,6.55,0.25,0.241,,,5,96.3,200,,,reliable,
Monacor,SP-450PA,8,18,,,1250,15.5,6.5,,,,132.5,,25,670,3.82,0.56,0.488,,,4.3,95.6,125,,,reliable,
Monacor,SP-46/500PA,8,18,,,1180,25.2,5.7,,,,165,,30,333,8.08,0.28,0.271,,,5,98.5,500,,,reliable,
Monacor,SP-46A/500BS,8,18,,,1163,19.3,6,,,,148.2,,36,250,4.75,0.54,0.485,,,6,96.6,500,,,reliable,
Monacor,SP-46A/500PA,8,18,,,1180,29.9,6.4,,,,192.8,,30,285,6.65,0.26,0.25,,,6,97.7,500,,,reliable,
Monacor,SP-495PA,8,18,,,1250,20.6,6.3,,,,128.7,,25,690,6.22,0.3,0.286,,,4,98.6,200,,,reliable,
Monacor,SP-8/150PRO,8,,,,213,11.96,7.2,2,,,22.8,,56,22,1.52,0.41,0.32,0.35,,6,93,150,,,reliable,
Monacor,SPA-10PA,8,10,,,346,12.5,6.2,,,,39.4,,54,37,2.79,0.53,0.445,,,4,93.5,150,,,reliable,
Monacor,SPA-110PA,8,10,,,364,11.6,5.2,,,,33.3,,61,38,10.7,0.49,0.469,,,4,96.3,150,,,reliable,
Monacor,SPA-112PA,8,12,,,530,12.6,5.4,,,,46.1,,53,77,11.39,0.52,0.497,,,4,97.1,200,,,reliable,
Monacor,SPA-115PA,8,15,,,855,17.7,5.8,,,,88.2,,40,184,12.97,0.41,0.397,,,4,98,250,,,reliable,
Monacor,SPA-12PA,8,12,,,530,15.8,6.3,,,,67.4,,47,67,3.33,0.5,0.435,,,3.8,94.5,150,,,reliable,
Monacor,SPA-25PA,8,10,,,346,10.9,5.7,,,,28.8,,60,41,2.23,0.52,0.422,,,1.5,95.8,150,,,reliable,
Monacor,SPA-30PA,8,12,,,490,13.5,6,,,,53,,49,67,2.71,0.54,0.45,,,3,94.9,175,,,reliable,
Monacor,SPA-38PA,8,15,,,855,14.5,6,,,,82.4,,37,230,2.54,0.55,0.452,,,3,96.5,250,,,reliable,
Monacor,SPA-45PA,8,18,,,1225,17.1,5.8,,,,144,,29,440,3.77,0.52,0.457,,,4,96.5,300,,,reliable,
Monacor,SPA-46,4,18,,,1180,23.5,3.94,,,,192.8,,30,285,6.65,0.26,0.25,,,4,99.8,300,,,reliable,
Monacor,SPH-10M,8,10,,,363,12.2,6.5,,,,75.7,,29,73.5,2.62,0.6,0.488,,,6.3,87.6,120,,,reliable,
Monacor,SPH-170C,8,,,,127,9.44,6,0.8,,,16.4,,38,24,16.43,0.27,0.26,1.06,,4,88,60,,,reliable,
Monacor,SPH-174KE,8,,,,137,5.91,6.39,0.43,,,14.23,,42,26,2.59,0.64,0.51,0.98,,3,88,50,,,reliable,
Monacor,SPH-176,,,,,140,7.7,6.6,0.75,,,14,,39,27,2.27,0.44,0.37,1.01,,5.5,90,70,,,reliable,
Monacor,SPH-200TC bobines en s&eacute;rie,16,12,,,420,34.4,13.6,,,,122.9,,28,65,6.19,0.249,0.239,,,2.9,87.3,60,,,reliable,
Monacor,SPH-220HQ,8,,,,232,7.63,6.1,0.9,,,24.7,,30,80,3.06,0.46,0.4,1.06,,5.5,90,100,,,reliable,
Monacor,SPH-250CTC,4,10,,,343,8.8,3.4,,,,47.5,,20,220,5.12,0.26,0.247,,,4.5,94,100,,,reliable,
Monacor,SPH-250CTC,4,10,,,343,8.8,3.4,,,,47.5,,20,220,5.12,0.26,0.247,,,7.5,94,100,,,reliable,
Monacor,SPH-250KE,8,10,,,346,8.8,6.1,,,,39.4,,23,204,5.25,0.45,0.414,,,4.8,90.6,100,,,reliable,
Monacor,SPH-250TC,8,10,,,346,13.5,6.8,,,,56.8,,24,130,6.2,0.32,0.304,,,4.5,90.2,100,,,reliable,
Monacor,SPH-250TC v2009,4,10,,,346,12.4,3.4,,,,74.9,,26,84,3.31,0.27,0.25,,,4.5,93.1,100,,,reliable,
Monacor,SPH-250TC v2011,4,10,,,346,12.4,3.4,,,,74.9,,26,84,3.31,0.27,0.25,,,4.5,93.1,100,,,reliable,
Monacor,SPH-255,8,10,,,350,11.7,6.1,,,,40.1,,23,205,2.86,0.26,0.238,,,4.5,93,60,,,reliable,
Monacor,SPH-255,8,10,,,346,12.9,6.54,,,,54.6,,32.4,74.1,3.245,0.434,0.383,,,4.5,90.5,100,,,reliable,
Monacor,SPH-265,8,10,,,325,10,6.2,,,,35.6,,23,199,1.95,0.32,0.275,,,5.5,91.9,125,,,reliable,
Monacor,SPH-275C,8,10,,,363,13.9,6.1,,,,48.7,,31,100,6.41,0.3,0.287,,,6,93.1,120,,,reliable,
Monacor,SPH-300CTC,4,12,,,495,14.6,3,,,,119.3,,18,225,6.5,0.19,0.185,,,5.4,94.6,150,,,reliable,
Monacor,SPH-300CTC,16,12,,,510.7,27.1,11.8,,,,66.2,,30,155.9,6.4,0.2,0.194,,,5,93.5,150,,,reliable,
Monacor,SPH-300KE,8,12,,,496,13.1,6.2,,,,72.2,,22,250,4.15,0.36,0.331,,,6.5,91.8,120,,,reliable,
Monacor,SPH-300KE,8,12,,,496,13.7,6.2,,,,71.1,,26.5,175,4.18,0.39,0.357,,,6.5,92.3,120,,,reliable,
Monacor,SPH-300KE,8,12,,,496,13,6.31,,,,82.2,,27.6,139.3,5.891,0.533,0.489,,,6.5,90.4,120,,,reliable,
Monacor,SPH-300TC,4,12,,,495,10,3.2,,,,56.7,,23,290,3.03,0.26,0.239,,,4,97.3,120,,,reliable,
Monacor,SPH-300TC,8,12,,,495,14.1,6.3,,,,56.7,,23,290,3.03,0.26,0.239,,,4,94.3,120,,,reliable,
Monacor,SPH-300TC v1,8,12,,,495,14.7,6.3,,,,52.2,,23,315,2.01,0.22,0.198,,,4,95.4,120,,,reliable,
Monacor,SPH-300TC v2,4,12,,,495,10,3.2,,,,56.7,,23,290,3.03,0.26,0.239,,,4,97.3,120,,,reliable,
Monacor,SPH-315,8,12,,,510,13.7,6.1,,,,57.8,,22,330,2.4,0.26,0.235,,,4.5,94.5,100,,,reliable,
Monacor,SPH-380TC s&eacute;rie,8,15,,,845,25,7.2,,,,199.4,,21.5,275,2.81,0.31,0.279,,,7.4,91.9,250,,,reliable,
Monacor,SPH-390TC,4,15,,,850,15.3,3.6,,,,150,,24,297,4.915,0.348,0.325,,,6.2,96.2,150,,,reliable,
Monacor,SPH-390TC,4,15,,,855,15.2,3.3,,,,143.5,,22.7,351,5.493,0.291,0.276,,,6.4,97.3,150,,,reliable,
Monacor,SPH-390TC 4 Ohms,4,15,,,850,16.6,3.25,,,,170.8,,23,284,6.36,0.29,0.277,,,5.8,96.7,150,,,reliable,
Monacor,SPH-390TC 4 Ohms v2017,4,15,,,850,16.6,3.25,,,,170.8,,23,284,6.36,0.29,0.277,,,5.8,96.7,150,,,reliable,
Monacor,SPH-390TC 8 Ohms,8,15,,,850,16.9,6,,,,99.8,,22,531,4.51,0.29,0.272,,,7,96.1,150,,,reliable,
Monacor,SPH-450TC,8,18,,,1250,31.5,7.4,,,,289,,20,480,2.97,0.27,0.248,,,6.5,93.8,350,,,reliable,
Monacor,SPM-116/8,8,,,,57,4.2,7.2,0.4,,,3.8,,75,,1.9,0.81,0.57,0.98,,1.5,87,40,,,reliable,
Monacor,SPP-250,8,10,,,346,5.5,6.5,,,,30.5,,30,155,3.29,1.25,0.906,,,3.5,88.1,37,,,reliable,
Monacor,SPP-280,8,10,,,350,12.3,6.2,,,,48,,25,145,4.98,0.31,0.292,,,4.6,91.7,75,,,reliable,
Monacor,SPP-300,8,12,,,510,10.3,6.5,,,,62.9,,25,235,2.43,0.6,0.481,,,3.5,90.7,100,,,reliable,
Monacor,SPP-300/AD,8,12,,,530,13.7,6.3,,,,61.8,,23,305,2.25,0.3,0.265,,,5,93.9,100,,,reliable,
Monacor,SPX,32.0,,,,32,3.69,6.6,0.18,,,1.7,,110,1.6,7.66,0.6,0.56,1.11,,1.1,88,20,,,reliable,
Monacor,SPX-200WP,8,,,,213,6.79,7.6,0.35,,,19.7,,36,60.5,4.18,0.69,0.59,0.95,,2,89,50,,,reliable,
Monacor,SPX-30M,8,,,,32,3.05,6.4,0.18,,,2.1,,100,1.8,,0.89,0.71,1.23,,1.1,86,20,,,reliable,
Monacor,SPX-31M,8,,,,32,3.64,6.4,0.18,,,1.9,,110,1.3,,0.69,0.58,0.92,,1.1,86,20,,,reliable,
Morel,CAW 538,8,5,,,90,6.9,5.2,0.47,,,14,,49,8.211885512,1.83,0.48,0.38,0.72,,3,,150,,,reliable,
Morel,CAW 638,8,6,,,119,7.3,6.4,0.63,,,16,,43,15.57426563,2.2,0.58,0.46,0.79,,4.25,,150,,,reliable,
Morel,CAW 938,8,9,,,219,6.88,6.3,0.62,,,27.5,,29,69.94261108,2.32,0.67,0.52,1.07,,4.25,,150,,,reliable,
Morel,EM1308,8,2.125,,,28,5.2,6.2,0.2,,,3,,320,,0.9,1.01,0.47,,,1,88,200,,,unreliable,"qes_inconsistent: stated=1.01 , computed=1.38304 , difference=36.94% (limit 20%)"
Morel,H 10.1,8,10,,,324,8.7,6.6,,,,31.2,,25,191,1.71,0.43,0.344,,,4.3,91.2,200,,,reliable,
Morel,Integra 524,4,5,,,97,5.05,3.63,0.49,,,6.59,,62,13.02574943,1.65,0.36,0.29,0.98,,3,,80,,,reliable,
Morel,Integra624,4,6,,,119,5.4,3.68,0.53,,,9.62,,58,15.35,1.84,0.43,0.35,0.77,,3,90.3,80,,,reliable,
Morel,MDM55,8,2.125,,,28,5.2,6.3,0.19,,,2.8,,380,,1.13,1.75,0.68,,,1,90.5,200,,,reliable,
Morel,MW 1075,8,10,,,324,6.3,6.3,0.63,,,32.6,,29,122.8951142,2.48,0.83,0.62,0.84,,4.3,88.6,180,,,reliable,
Morel,MW 1077,8,10,,,324,7.9,6.8,,,,32.3,,28,147,2.62,0.62,0.501,,,4.3,89.9,200,,,reliable,
Morel,MW-266,8,8,,,219,6.25,6.3,0.54,,,24.9,,30,80.13667586,2.45,0.73,0.56,1.19,,4.3,,150,,,reliable,
Morel,MW1054,4,,,,346,11.1,2.82,1.07,,,104.6,,26,60.0317,1.5,0.4,0.31,0.35,,10,88,500,,,reliable,
Morel,MW1058,8,10,,,346,15.3,6.8,1.33,,,99.3,,26,,1.72,0.58,0.43,,,12.5,85.8,500,,,reliable,
Morel,MW1254,4,,,,457.5,11.81,2.95,1.15,,,90,,30.9,,2.34,0.54,0.44,,7.98,10,87,500,,,unreliable,"qes_inconsistent: stated=0.54 , computed=0.369575 , difference=31.56% (limit 20%)"
Morel,MW1258,8,12,,,457.5,15.25,5.89,1.98,,,118.6,,33.6,56.0674,2.29,0.63,0.49,0.19,7.98,10,87.1,500,,,reliable,
Morel,PowerSlim6Carbon,4,,,,141,4.64,0.17,,,,20,,66,7.7,2.47,1.55,0.95,0.28,,2.75,84,80,,,unreliable,"qes_inconsistent: stated=1.55 , computed=0.0654888 , difference=95.77% (limit 20%)"
Morel,PRIMO 10,4,10,,,320,8.7,3,,,,78.1,,35,38,3.1,0.68,0.558,,,8,90,300,,,reliable,
Morel,PRIMO 104,4,10,,,320,10.5,3,,,,70,,35,38,3.1,0.68,0.56,,,8,85.6,300,,,unreliable,"qes_inconsistent: stated=0.68 , computed=0.418879 , difference=38.40% (limit 20%)"
Morel,PRIMO 12,4,12,,,434,9.7,3,,,,100.4,,28,85,3.1,0.56,0.474,,,8,91.5,350,,,reliable,
Morel,PRIMO 124,4,12,,,463,10.23,3,,,,111,,28,85,3.1,0.56,0.47,,,8,87.1,350,,,reliable,
Morel,Supreme SCW 636,6,6,,,119,7.2,4.5,0.29,,,16,,40,18.40595028,1.76,0.35,0.29,0.97,,5,,150,,,reliable,
Morel,TiCW1058Ft,8,10,,,346,15.86,6.3,0.52,,,106,,24,82,4.95,0.4,0.37,0.48,,10.5,86,600,,,reliable,
Morel,TiCW1258Ft,8,12,,,437,15.25,6.4,0.62,,,110,,19,170.467,4.03,0.38,0.34,,,10.5,88,600,,,reliable,
Morel,TiW634Ft,4,6,,,119,5.6,3.6,0.45,,,15.7,,34,26.0515,4.5,0.43,0.39,,,4.25,88,150,,,reliable,
Morel,TSCM 634,4,6.5,,,119,5.09,3.3,0.11,,,15.3,,49,13.3089179,4.25,0.56,0.53,0.86,,5.25,,150,,,unreliable,"vas_inconsistent: stated=13.3089 L, computed=17.2521 L, difference=29.63% (limit 20%)"
Morel,TSCW 636,6,6.5,,,119,7.9,4.5,0.26,,,19,,43,13.3089179,3.8,0.39,0.36,,,5,,150,,,reliable,
Morel,TSCW938,8,,,,249,9.85,6.4,0.36,,,33,,29,82,6.3,0.38,0.36,0.97,0.92,6,89,180,,,reliable,
Morel,Ultimate UW 1058,8,10,,,346,15.3,6.8,1.33,,,99.3,,26,40.77625909,1.72,0.58,0.43,0.24,,12.5,,500,,,unreliable,"fs_inconsistent: stated=26 Hz, computed=32.6017 Hz, difference=25.39% (limit 20%)"
Morel,ULTIMO 102,2,10,,,346,7.8,1.7,,,,123,,27,47.4,1.2,0.58,0.391,,,13.4,90.8,1000,,,reliable,
Morel,ULTIMO 124,4,12,,,448,12.4,3.7,,,,142.9,,26,73.8,1.69,0.56,0.421,,,14.6,89,1000,,,reliable,
Morel,UW1054,4,,,,346,11.8,3.55,1,,,102,,,86.5,1.43,0.35,0.29,,9.78,12,88,500,,,reliable,
Morel,UW1058,8,10,,,346,0.64,6.8,1.33,,,99.3,,26,,1.72,0.58,0.43,,11.69,12.5,85.8,500,,,unreliable,"qes_inconsistent: stated=0.58 , computed=269.309 , difference=46332.65% (limit 20%)"
Morel,UW1258,8,12,,,437,0.64,6.8,1.33,,,104.49,,21,138.38,1.88,0.56,0.43,0.44,8.15,12.5,87,800,,,unreliable,"qes_inconsistent: stated=0.56 , computed=228.888 , difference=40772.84% (limit 20%)"
Morel,UW958,8,,,,243,0.64,6.2,1.32,,,65.5,,28,39.5,1.61,0.45,0.35,0.47,7.37,11.5,85.8,500,,,unreliable,"qes_inconsistent: stated=0.45 , computed=174.426 , difference=38661.31% (limit 20%)"
MTX Audio,5510-44,2,10,,,380.1,8.4,1.71,,,,155.6,,33.6,29.2,3.102,0.791,0.63,,,7.2,90.1,400,,,reliable,
MTX Audio,812,32,12,,,497.4,52.8,20,,,,291.5,,35,24.6,5.12,0.46,0.422,,,10,81.6,1800,,,reliable,
MTX Audio,BG104A,4,10,,,355.8,11.4,3.33,,,,91.4,,26,72.8,6.55,0.38,0.359,,,9.7,91.1,250,,,reliable,
MTX Audio,RFL12,4,12,,,497.7,24.2,2,,,,491.8,,35,14.6,7.61,0.37,0.353,,,9.3,90.3,3000,,,reliable,
MTX Audio,RFL15,4,15,,,838,21.5,2,,,,462.6,,35,44,7.03,0.44,0.414,,,11.1,94.3,3500,,,reliable,
MTX Audio,RT10-04,4,10,,,360.5,12.8,3.1,,,,138.3,,32,32.6,6.58,0.53,0.49,,,6.7,89.1,250,,,reliable,
MTX Audio,RT10-04,4,10,,,356,12.1,3.53,,,,142.2,,38.3,21.6,5.36,0.82,0.711,,,5.1,87.2,250,,,reliable,
MTX Audio,RT12-04,4,12,,,510,13,3.2,,,,173.2,,28,68,6.87,0.58,0.535,,,7.5,90.1,250,,,reliable,
MTX Audio,RT12-44,2,12,,,510,7.9,1.6,,,,173.2,,28,68,6.6,0.78,0.698,,,7.6,91.8,250,,,reliable,
MTX Audio,RT15-04,4,15,,,829,15.4,3.6,,,,273.6,,20,223,6.07,0.52,0.479,,,10.3,90.8,300,,,reliable,
MTX Audio,RTL12-44 DVC,4,12,,,530.9,8,2.03,,,,146.3,,30.4,74,5.804,0.876,0.761,,,7.1,91.7,250,,,reliable,
MTX Audio,RTS12-04,4,12,,,517.9,12.1,3.87,,,,145.3,,33.5,58.4,2.857,0.81,0.631,,,5.8,89.5,250,,,reliable,
MTX Audio,RTX108,8,10,,,356.3,9.6,5.5,,,,35.2,,58.7,37.1,12.875,0.771,0.727,,,5.7,93.5,250,,,reliable,
MTX Audio,T3154,4,15,,,856,11.3,3.29,,,,159.8,,22.7,315.9,11.48,0.59,0.561,,,9.4,93.8,200,,,reliable,
MTX Audio,T41012,16,10,,,360,14.8,9.48,,,,73.2,,40.1,39.1,10.68,0.8,0.744,,,6.2,86.2,200,,,reliable,
MTX Audio,T4124A,4,12,,,530,10,3.29,,,,97.8,,29.3,118.8,7.97,0.59,0.549,,,8.4,92.9,200,,,reliable,
MTX Audio,T5512-04,4,12,,,545.4,12.9,3.3,,,,184.4,,29.3,66.9,4.48,0.67,0.583,,,7.3,89.8,300,,,reliable,
MTX Audio,T610-44,8,10,,,350,20,6.87,,,,170.1,,28.4,31.7,6.94,0.52,0.484,,,7.8,84.1,300,,,reliable,
MTX Audio,T612S-22,4,15,,,702,16.8,3.3,,,,263.2,,33.6,58.9,8.18,0.65,0.602,,,7.4,91.2,600,,,reliable,
MTX Audio,T615-22,4,15,,,876,19.9,3.07,,,,375,,25.7,110,5.2,0.47,0.431,,,7.1,92.1,450,,,reliable,
MTX Audio,T615-44,8,15,,,876,25.4,6.12,,,,351.3,,26.2,113,5.3,0.55,0.498,,,5.6,88.8,250,,,reliable,
MTX Audio,T6154,4,15,,,905,15.4,3.32,,,,244.3,,27.3,159.7,6.1,0.59,0.538,,,9.2,93.2,500,,,reliable,
MTX Audio,T6154A,4,15,,,905,15.5,3.24,,,,244.4,,30,132.2,4.87,0.62,0.55,,,7.9,93.5,500,,,reliable,
MTX Audio,T815-22,4,15,,,804.2,17.9,3.14,,,,386.2,,32.3,57,3.768,0.764,0.635,,,6.1,90,600,,,reliable,
MTX Audio,T8500,2,12,,,558.7,9.1,1.57,,,,212.1,,35.5,41.5,4.18,0.89,0.734,,,5.4,92.2,350,,,reliable,
MTX Audio,T9922-44,2,21.5,,,1642,20.4,1.66,,,,1425.4,,16.8,239.1,5.319,0.6,0.539,,,22.2,91.5,4000,,,reliable,
MTX Audio,TH6000 6124,4,12,,,552,11.5,3.28,,,,156.5,,29.7,78.4,6.84,0.73,0.66,,,7.4,90.3,250,,,reliable,
MTX Audio,TH9515.44,2,15,,,867.2,12.7,1.71,,,,374.6,,31.9,70,3.78,0.79,0.653,,,6.3,93.3,600,,,reliable,
MTX Audio,TX612,4,12,,,500.5,15.2,2,,,,285.7,,27,42.7,6.17,0.42,0.393,,,9.7,91,800,,,reliable,
MTX Audio,TX615,4,15,,,838.2,16.5,2,,,,354.4,,28,89.8,5.54,0.46,0.425,,,9.5,94.3,1000,,,reliable,
MTX Audio,TX812,4,12,,,497.4,16.7,2,,,,291.5,,35,24.6,5.12,0.46,0.422,,,10,91.6,1800,,,reliable,
MTX Audio,TX815,4,15,,,793.4,17.9,2,,,,408.2,,35,44.7,5.46,0.56,0.508,,,9.6,93.3,2000,,,reliable,
MTX Audio,XT12-04,4,12,,,543,13.1,3.4,,,,145.7,,33,66,8.5,0.6,0.56,,,6.5,91.7,250,,,reliable,
MTX Audio,XT12-44,2,12,,,543,8.1,1.5,,,,154.3,,34.5,57,9.2,0.76,0.702,,,4.3,94.1,250,,,reliable,
Nakamichi,SP-W30S,4,12,,,547.4,12.8,3.4,,,,149.6,,27.8,92.3,3.26,0.541,0.464,,,6.6,91.3,200,,,reliable,
Next Audio,AL 38,4,15,,,824,15.6,3.5,,,,270.9,,16,347.7,6.91,0.39,0.369,,,7.5,91.2,200,,,reliable,
NHT,1259,4,12,,,507,9.8,3.4,,,,133.1,,19,190,2.6,0.56,0.461,,,12,89.4,200,,,reliable,
NHT,MAD1259,4,12,,,493,8.6,3.52,,,,109.2,,20.1,195.1,4.413,0.663,0.576,,,13,89.3,200,,,reliable,
Oberton,10B100,8,10,,,317.3,11.8,5.2,,,,45.6,,44,40.5,9.13,0.47,0.447,,,4.4,92.5,100,,,reliable,
Oberton,10B200,8,10,,,317.3,14.69,5.3,,,,49.25,,48.06,31.94,7.862,0.365,0.349,,,5.75,93,200,,,reliable,
Oberton,10M150,8,10,,,317.3,11.62,5.15,,,,25.54,,74,25.9,8.89,0.45,0.43,,,3.25,99,150,,,reliable,
Oberton,10M250,8,10,,,317.3,16.61,6.09,,,,26.82,,76.65,23.05,14.62,0.285,0.28,,,2.75,97,250,,,reliable,
Oberton,10MB300,8,10,,,317.3,18.32,5.43,,,,38.13,,64.7,22.75,9.66,0.251,0.244,,,5.25,99,400,,,reliable,
Oberton,10NCX1,8,10,,,344,20.1,5.35,,,,76,,68,12,9.96,0.428,0.41,,,2.4,93.2,200,,,reliable,
Oberton,10NM300,8,10,,,317.3,20.12,5.58,,,,34.62,,71.36,20.61,9.15,0.214,0.209,,,5.25,100,400,,,reliable,
Oberton,10NMB200,8,10,,,317.3,14.07,5.82,,,,30.21,,58.67,34.93,8.92,0.327,0.316,,,4.25,98,200,,,reliable,
Oberton,12B400,8,12,,,514.7,18.4,5.55,,,,49.22,,50.47,74.74,9.69,0.256,0.249,,,5.25,98,400,,,reliable,
Oberton,12B401,8,12,,,514.7,19.95,5.48,,,,61.9,,46.63,69.6,13.93,0.25,0.245,,,6.75,97,400,,,reliable,
Oberton,12B450,8,12,,,514.7,19.31,5.07,,,,60.97,,46.29,71.75,9.56,0.241,0.235,,,7.75,99,450,,,reliable,
Oberton,12B45V,8,12,,,514.7,16.65,4.9,,,,69.86,,47.88,58.51,7.37,0.371,0.354,,,10.5,94,450,,,reliable,
Oberton,12L300,8,12,,,514.7,16.78,5.35,,,,40.65,,53.8,79.63,9.98,0.261,0.254,,,3.25,100.5,300,,,reliable,
Oberton,12MB35,8,12,,,514.7,20.5,5,,,,70.76,,51.43,50.07,13.58,0.272,0.267,,,6.75,98,700,,,reliable,
Oberton,12NB400,8,12,,,514.7,20.34,5,,,,59.82,,43.58,70.45,10.39,0.183,0.18,,,5.25,98,450,,,reliable,
Oberton,12NB450,8,12,,,514.7,20.34,5,,,,59.82,,46.46,72.57,10.53,0.208,0.204,,,7.75,100,500,,,reliable,
Oberton,12NB601,8,12,,,514.7,22.91,5.48,,,,95.03,,50.47,38.71,10.02,0.315,0.305,,,8.75,99,600,,,reliable,
Oberton,12NMB35,8,12,,,514.7,17,5.5,,,,58.28,,54.42,54.29,7.41,0.38,0.36,,,6.75,99,600,,,reliable,
Oberton,12NMB600,8,12,,,514.7,27.77,5.23,,,,78.61,,41.03,70.8,4.77,0.137,0.134,,,5.25,99,600,,,reliable,
Oberton,12NXL400,8,12,,,514.7,20.57,5.7,,,,50.06,,48.6,79.24,11.9,0.207,0.203,,,5.25,101,450,,,reliable,
Oberton,15B450,8,15,,,829.6,20.5,5.32,,,,82,,45.1,146.9,9.6,0.294,0.285,,,5.4,100.3,450,,,reliable,
Oberton,15B450 / 15B450A / 15B450A2,8,15,,,829.6,20.43,5.32,,,,81.56,,45.08,146.85,9.6,0.294,0.286,,,6.75,100,450,,,reliable,
Oberton,15B500,8,15,,,829.6,22.91,5.23,,,,114.4,,38.2,145.82,12.06,0.274,0.268,,,7.25,99,500,,,reliable,
Oberton,15CX,8,15,,,829,18.5,5.18,,,,102.1,,38.2,163.8,5.61,0.372,0.349,,,6.8,97.8,450,,,reliable,
Oberton,15L400,8,15,,,829.6,16.87,5.45,,,,56.6,,43.25,229.9,11.56,0.294,0.287,,,3.25,102.5,400,,,reliable,
Oberton,15LX400,8,15,,,829.6,19,5.6,,,,73.4,,48.8,140,9.3,0.35,0.337,,,5.2,100.2,400,,,reliable,
Oberton,15LX600,8,15,,,829.6,24.8,5.4,,,,97.2,,40.9,150.3,10.9,0.22,0.216,,,5.3,100.4,600,,,reliable,
Oberton,15MB35,8,15,,,829.6,20.07,5.06,,,,92.95,,47.7,115.1,8.38,0.35,0.336,,,6.75,100,700,,,reliable,
Oberton,15MB500,8,15,,,829.6,18.54,5.25,,,,87.5,,41.5,161.54,12.85,0.349,0.339,,,7.75,100,500,,,reliable,
Oberton,15MB600,8,15,,,829.6,26.5,5.23,,,,114.1,,32.4,204,10.94,0.173,0.17,,,5.5,99.9,600,,,reliable,
Oberton,15MB601,8,15,,,829.6,27.1,5.15,,,,106.41,,40.57,138.98,7.29,0.19,0.185,,,5.5,98,600,,,reliable,
Oberton,15MB701,8,15,,,829.6,26.05,5.4,,,,124.1,,44.24,100.22,12.03,0.274,0.268,,,9.25,97.5,700,,,reliable,
Oberton,15NB451,8,15,,,829.6,22.87,5.5,,,,100.63,,39.57,145.21,10.54,0.263,0.257,,,7,99,450,,,reliable,
Oberton,15NB500,8,15,,,829.6,24.31,5.23,,,,109.57,,42.77,121.46,11.97,0.26,0.255,,,7.25,99,500,,,reliable,
Oberton,15NCX,8,15,,,829,18.6,5.1,,,,92.1,,43.7,138.5,10.02,0.375,0.361,,,6.1,98.8,450,,,reliable,
Oberton,15NMB35,8,15,,,829.6,18.54,5.4,,,,90.52,,38.93,177.47,8.88,0.348,0.335,,,6.75,99.5,600,,,reliable,
Oberton,15NMB500,8,15,,,829.6,21.34,5.1,,,,95.03,,44.74,127.95,12.4,0.298,0.292,,,7.75,100.5,500,,,reliable,
Oberton,15NMB601,8,15,,,830,27.43,5.49,,,,89.65,,43.25,145.15,7.22,0.178,0.174,,,5.25,100,600,,,reliable,
Oberton,15NXB1000,8,15,,,829.6,25.99,5.23,,,,156.94,,38.34,105.5,8.75,0.293,0.283,,,9,97,1000,,,reliable,
Oberton,15NXB1201,8,15,,,829.6,23.62,5.3,,,,146.79,,38.49,111.94,8.255,0.337,0.324,,,12,97,1200,,,reliable,
Oberton,15NXL701,8,15,,,829.6,21.71,5.3,,,,101.61,,43.4,127.09,8.45,0.312,0.3,,,9.25,99,700,,,reliable,
Oberton,15PD601,8,15,,,829.6,28.7,6.35,,,,125.14,,38.2,133.31,13.41,0.232,0.228,,,8.5,98,600,,,reliable,
Oberton,15XB1000,8,15,,,829.6,25.64,5.19,,,,158.39,,37.2,111.02,9.2,0.292,0.283,,,9,97,1000,,,reliable,
Oberton,15XB700,8,15,,,830,25.6,5.2,,,,158.4,,37.2,111.02,9.2,0.292,0.283,,,9,94.8,1000,,,reliable,
Oberton,15XL400,8,15,,,829.6,18.92,5.6,,,,73.05,,48.78,140,9.3,0.35,0.337,,,5.25,102,400,,,reliable,
Oberton,15XL601,8,15,,,829.6,24.7,5.4,,,,96.91,,40.9,150.32,10.9,0.22,0.216,,,5.25,100,600,,,reliable,
Oberton,15XL701,8,15,,,829.6,23.07,5.3,,,,101.61,,45.25,116.99,10.07,0.288,0.28,,,8.75,98,700,,,reliable,
Oberton,18B450,8,18,,,1110,22.12,5.29,,,,152.76,,34.38,241.55,8.03,0.357,0.342,,,7.25,98,500,,,reliable,
Oberton,18B500,8,18,,,1110,24.1,5.1,,,,147.3,,34.9,243.9,9.24,0.284,0.276,,,6.7,99.6,600,,,reliable,
Oberton,18FBR700,8,18,,,1110,25.17,5.26,,,,149.08,,35.56,231.3,12.63,0.277,0.271,,,8,98,700,,,reliable,
Oberton,18NXB1600,8,18,,,1158,29.58,5.3,,,,261.56,,32.37,173.11,5.11,0.332,0.303,,,13.5,97,1600,,,reliable,
Oberton,18NXB1601,8,18,,,1158,31.9,5.18,,,,271.4,,34.6,146.2,5.75,0.301,0.286,,,8.2,96.9,1600,,,reliable,
Oberton,18NXB700,8,18,,,1110,27.82,5.17,,,,213.6,,36.24,155.46,7.94,0.325,0.312,,,9,98,1000,,,reliable,
Oberton,18XB1201,8,18,,,1158,26.71,5.25,,,,188.94,,38.05,159.37,6.92,0.332,0.317,,,10.5,98.5,1200,,,reliable,
Oberton,18XB1300,8,18,,,1158,29.6,5.2,,,,225.3,,35.2,170.9,9.56,0.296,0.287,,,8,97.8,1300,,,reliable,
Oberton,18XB1301,8,18,,,1158,28.1,5.13,,,,216.1,,35.7,172.9,6.79,0.316,0.302,,,8.2,97.9,1300,,,reliable,
Oberton,18XB1301DS,8,18,,,1158,26.86,5.13,,,,197.95,,35.7,172.9,6.79,0.316,0.302,,,12,97.5,1300,,,reliable,
Oberton,18XB700,8,18,,,1110,26.1,5.17,,,,182.62,,36.1,183.22,9.26,0.314,0.304,,,9,98,1000,,,reliable,
Oberton,6B150,8,6.5,,,127,10.11,5.6,,,,16.38,,55.04,14.61,4.72,0.311,0.292,,,5.5,92,150,,,reliable,
Oberton,6M150,8,6.5,,,139,10.02,6.21,,,,10.22,,115.1,5.35,5.46,0.457,0.422,,,2.25,96,150,,,reliable,
Oberton,6NB150,8,6.5,,,127,10.77,5.57,,,,15.72,,62.32,9.3,5.22,0.296,0.28,,,5.5,92,150,,,reliable,
Oberton,6NM150,8,6.5,,,139,11.58,6.25,,,,11.08,,124,4,5.96,0.403,0.377,,,2.25,97,150,,,reliable,
Oberton,8M150,8,8,,,202,11.62,5.05,,,,14.07,,68.2,21.62,6.07,0.225,0.217,,,3.25,98,150,,,reliable,
Oberton,8M250,8,8,,,202,13.7,5,,,,16.38,,74.37,15.63,14.01,0.204,0.201,,,2.75,99.5,250,,,reliable,
Oberton,8MB201,8,8,,,200,12.54,5.8,,,,21,,67.7,14.74,6.24,0.33,0.314,,,7,93,200,,,reliable,
Oberton,8NB201,8,8,,,202,14.41,5.27,,,,22.67,,70.56,12.54,5.97,0.255,0.245,,,5.25,95,200,,,reliable,
Oberton,8NM201,8,8,,,202,13.71,5.15,,,,16.6,,102.81,8.07,10.97,0.294,0.286,,,2.75,98,200,,,reliable,
Oberton,8NMB250v4,8,8,,,202,14.26,5.5,,,,19.32,,82.03,10.89,6.379,0.269,0.258,,,4.5,96,250,,,reliable,
OmnesAudio,SW12HEX,8,12,,,522.8,22,6.84,,,,202.8,,26.4,68.7,9.77,0.475,0.453,,,7,86.9,250,,,reliable,
Orion Audio,2NT 15,8,15,,,825.8,22.6,6.6,,,,178.3,,18,419.1,5.53,0.26,0.248,,,10.5,92.5,1000,,,reliable,
Orion Audio,H2 12.4,8,12,,,440,21.6,7.4,,,,214,,33.9,28.35,7.2,0.66,0.61,,,29,84.1,2000,,,reliable,
Orion Audio,HCCA 102,4,10,,,333.3,23.2,3.9,,,,248.3,,42.5,8.8,7.16,0.48,0.45,,,8.9,86.6,2000,,,reliable,
Orion Audio,HCCA 154,8,15,,,962.1,32.1,7.3,,,,456.1,,30,80,4.38,0.61,0.535,,,12.7,87.9,2500,,,reliable,
Oxygen,AIR 15.1,4,15,,,845.7,13,3.6,,,,155,,25,262.1,4.776,0.515,0.465,,,11.1,94.5,400,,,reliable,
Oxygen,AIR2 250,4,10,,,326,14.1,3.7,,,,127.2,,36.4,22.4,7.15,0.54,0.502,,,5.8,88.3,250,,,reliable,
Oxygen,AIR2 300,4,12,,,451,14.5,3.6,,,,161.1,,26.7,62.9,14.58,0.466,0.452,,,8.8,89.5,300,,,reliable,
Oxygen,AIR2 300,4,12,,,451,16.1,3.6,,,,182,,22,82,12.5,0.35,0.34,,,9.6,89.4,300,,,reliable,
Oxygen,AIR2 300 v2015,4,12,,,451,15.2,3.6,,,,179.1,,22.7,78,12.976,0.4,0.388,,,9.9,89.1,300,,,reliable,
Oxygen,AIR2 380,4,15,,,829,14.6,3.6,,,,235.3,,22.7,202.2,12.12,0.569,0.543,,,11.5,91.6,400,,,reliable,
Oxygen,ALIUM 253,4,10,,,380,8.1,3.6,,,,60.5,,34,73.4,7.44,0.7,0.64,,,5.7,91.6,85,,,reliable,
Oxygen,ALIUM 300,4,12,,,552,18.8,3.6,,,,212.9,,22,105,8.9,0.3,0.29,,,6,91.2,180,,,reliable,
Oxygen,ALIUM 380,4,15,,,908,19.2,3.6,,,,280.6,,18,322,9.55,0.31,0.3,,,7.9,93.3,200,,,reliable,
Oxygen,ALIUM 380,4,15,,,872.9,16.8,3.6,,,,244.5,,22.2,223.9,3.9,0.437,0.393,,,6.8,93,200,,,reliable,
Oxygen,IN12 300,4,12,,,539,14.1,3.6,,,,123.2,,27,114.8,7.54,0.38,0.362,,,8.7,93.2,300,,,reliable,
Oxygen,JET 18,8,15,,,960,20.5,5.52,,,,139.3,,32.9,217,4.26,0.38,0.349,,,10,96.7,1000,,,reliable,
Oxygen,JET 2 15,4,15,,,760,13.9,2.3,,,,105.8,,33,178,4.14,0.26,0.245,,,11,101.3,1200,,,reliable,
Oxygen,SPHERE 380,4,10,,,330,5.3,3.7,,,,22.9,,24,293,4.98,0.46,0.421,,,7,94.8,330,,,reliable,
Oxygen,SPIRAL 12.1,4,12,,,490,9.3,3.6,,,,124.4,,27,94,4.872,0.885,0.749,,,7,88.7,150,,,reliable,
Oxygen,SPIRAL 300,4,12,,,510,11,3.4,,,,111.4,,32,81,5.247,0.627,0.56,,,7.6,92,250,,,reliable,
P.Audio,12BM-300B,8,12,,,550,17.1,5.5,,,,58.1,,48,81.27,4.4,0.33,0.31,,,3.3,96.2,300,,,reliable,
P.Audio,15BM-200B,8,15,,,834,18.7,6.2,,,,71.4,,42.9,188,7.44,0.34,0.325,,,1.5,99.5,200,,,reliable,
P.Audio,15BM-300B,8,15,,,834,17.9,5.2,,,,85.3,,50.6,113,4.92,0.44,0.404,,,3.5,99.1,300,,,reliable,
P.Audio,15BM-500B,8,15,,,880,17.6,5.5,,,,89.2,,41,183.4,4.21,0.41,0.374,,,4.8,98.5,500,,,reliable,
P.Audio,18 S 400,8,18,,,1134,20.9,6.2,,,,137.6,,36,256,5.37,0.44,0.407,,,5,97.4,400,,,reliable,
P.Audio,BM-12CX38,8,12,,,510,19.4,5.2,,,,55,,48,72.9,5.99,0.23,0.221,,,4.5,99.3,500,,,reliable,
P.Audio,BM-12W,4,12,,,509,12.3,3.4,,,,71.4,,38,90.27,2.5,0.386,0.335,,,4.5,92.9,400,,,reliable,
P.Audio,BM-15LF,8,15,,,829,13.8,5.1,,,,89.6,,47,123.4,11.34,0.71,0.668,,,7.1,96.5,500,,,reliable,
P.Audio,BM-15W,8,15,,,829,15.8,6.9,,,,77,,39.8,200.1,4.39,0.53,0.473,,,5,96.4,400,,,reliable,
P.Audio,BM-18LF,8,18,,,1164,22.5,5.1,,,,178.8,,39.8,169.9,11.09,0.45,0.432,,,5.8,97.7,500,,,reliable,
P.Audio,BM15CX38,8,15,,,830,21.3,7,,,,65.8,,36,287,5.53,0.23,0.221,,,4.5,100.2,500,,,reliable,
P.Audio,C12-300MB,8,12,,,550,18.4,5.4,,,,54.1,,50,79.4,4.99,0.27,0.256,,,3.5,99.3,300,,,reliable,
P.Audio,C12-300MB v2012,8,12,,,510,16.6,5.4,,,,55.4,,41,99.2,4.92,0.28,0.265,,,3.5,97.6,300,,,reliable,
P.Audio,C12-500MB,8,12,,,550,21.7,6,,,,66.6,,47,73,4.92,0.25,0.238,,,4.5,98,500,,,reliable,
P.Audio,C15-300MB,8,15,,,855,16.1,5.3,,,,73.8,,42,199.5,6.08,0.4,0.375,,,3.5,99.4,300,,,reliable,
P.Audio,C15-400B,8,15,,,829,17.5,5.3,,,,74.8,,42.9,177.3,5.46,0.35,0.329,,,3.3,99.8,400,,,reliable,
P.Audio,C15-500LF,8,15,,,855,21.7,5.2,,,,103.4,,39,165,3.76,0.28,0.261,,,5,99.3,500,,,reliable,
P.Audio,C15-600EL,8,15,,,829,18.9,5.3,,,,88.1,,44.9,137.4,7.45,0.37,0.352,,,5,99,600,,,reliable,
P.Audio,C18-600LF,8,18,,,1225,28.6,5.4,,,,183.6,,38,201,7.11,0.29,0.279,,,5.3,99.5,1200,,,reliable,
P.Audio,C18-650EL,8,18,,,1225,27.7,5.4,,,,177.7,,42,170,5.45,0.33,0.311,,,5.3,99.5,1200,,,reliable,
P.Audio,C18-650EL v2009,8,18,,,1250,25.8,5.3,,,,173.1,,45,158.3,9.57,0.39,0.375,,,5.3,99.4,1200,,,reliable,
P.Audio,E 300S,8,15,,,855,19.8,6.4,,,,74.9,,39,228,6.66,0.3,0.287,,,4.3,99.5,300,,,reliable,
P.Audio,E-18ELF,8,18,,,1117,21.5,6,,,,188.3,,30,263.57,7.4,0.47,0.44,,,7.5,93.6,800,,,reliable,
P.Audio,E10-150S,8,10,,,363,9.48,5.8,,,,20.4,,53,84.09,5.15,0.55,0.5,,,4.1,95.4,150,,,unreliable,"qes_inconsistent: stated=0.55 , computed=0.438427 , difference=20.29% (limit 20%)"
P.Audio,E10-200S v2006,8,10,,,363,14,6.7,,,,35.6,,53,46.9,2.085,0.402,0.337,,,4.1,95.1,200,,,reliable,
P.Audio,E10-200S v2011,8,10,,,340,14.6,6.3,,,,30,,55.4,44.6,2.25,0.31,0.272,,,4,96.9,200,,,reliable,
P.Audio,E12-200S,8,12,,,551,16.2,5.7,,,,61.7,,59.7,49.1,9.43,0.5,0.475,,,3.5,96.6,200,,,reliable,
P.Audio,E12-200S v2024,8,12,,,531,12.6,5.8,,,,46.4,,59,62,5.83,0.63,0.569,,,4.1,96.4,200,,,reliable,
P.Audio,E12-300S,8,12,,,531,14.8,5.6,,,,53.2,,62,49.05,6.5,0.53,0.49,,,3.4,95.3,200,,,reliable,
P.Audio,E15-150S,8,15,,,830,11.7,5.2,,,,54.1,,42.9,245.7,12.98,0.55,0.528,,,2.5,99.3,150,,,unreliable,"coupling_failed: Mms free-air radiation-mass correction exceeds 50% of Mms (0.510), check Sd/Mms, stated Mms=54.1 g, computed Mmd=26.5226 g, radiation mass difference=50.97% (limit 50%)"
P.Audio,E15-200S,8,15,,,830,16.7,6.5,,,,70.7,,39.8,218.5,6.74,0.41,0.386,,,2.5,98.1,200,,,reliable,
P.Audio,E15-200S v2016,8,15,,,830,14.4,6.3,,,,84.7,,37.8,202.1,8.87,0.61,0.571,,,2.5,95.5,200,,,reliable,
P.Audio,E15-300S,8,15,,,830,28.5,6.2,,,,120,,55.4,66.4,8.19,0.32,0.308,,,2.8,98.6,300,,,reliable,
P.Audio,E15-300S v2015,8,15,,,855,19.7,6.4,,,,74.6,,39,228.8,6.66,0.3,0.287,,,4.3,99.5,300,,,reliable,
P.Audio,E15-300S2,8,15,,,855,19.9,6.4,,,,74.3,,39,228.84,6.7,0.3,0.29,,,4.3,98.4,300,,,reliable,
P.Audio,E15-350N,8,15,,,855,18.6,6.5,,,,80.6,,40,201.4,6.61,0.38,0.359,,,5.3,98.2,350,,,reliable,
P.Audio,E15-LF,8,15,,,845,21.8,6.1,,,,111.6,,50,92.17,5.3,0.45,0.42,,,6,95.9,800,,,reliable,
P.Audio,E18-400S,8,18,,,1225,20.1,6,,,,172.1,,33,284.4,8.25,0.53,0.498,,,5,96.1,400,,,reliable,
P.Audio,E18-600A,8,18,,,1164,21.7,5.8,,,,134.2,,30.9,375.4,9.08,0.32,0.309,,,5,98.8,600,,,reliable,
P.Audio,EM12-LB600,8,12,,,531,17.6,5.6,,,,65.5,,62,39.8,6.86,0.46,0.431,,,4,96.7,600,,,reliable,
P.Audio,FL-18ELF,8,18,,,1203,25.2,6.1,,,,191.2,,36,209.8,7.7,0.41,0.39,,,8,95.6,800,,,reliable,
P.Audio,GST-181200,8,18,,,1208,22.2,5.6,,,,238.91,,35,180.2,13.73,0.57,0.54,,,6,93.2,1200,,,reliable,
P.Audio,HP-10T,8,10,,,340,10.81,6.84,,,,40,,70,21.46,2.39,1.03,0.72,,,1,90.4,200,,,reliable,
P.Audio,HP-10W,8,10,,,340,12.08,6.5,,,,32.01,,48.43,55.35,5.9,0.44,0.4,,,3,93.4,200,,,reliable,
P.Audio,HP-12W,8,12,,,551,10.9,5.5,,,,46.9,,48,99.8,4.99,0.65,0.575,,,2,95.9,100,,,reliable,
P.Audio,HP-15W,8,15,,,855,13.7,6,,,,88.3,,34,254.3,2.74,0.6,0.492,,,3.5,95.4,300,,,reliable,
P.Audio,IMF HP-15W,8,15,,,829,13.3,6.6,,,,84.4,,30.8,304.7,3.41,0.61,0.517,,,3.5,94.5,300,,,reliable,
P.Audio,IMF HP-21W,8,21.5,,,1661,21.6,5.5,,,,192.3,,36.4,384.4,4.22,0.52,0.463,,,6.6,99.1,850,,,reliable,
P.Audio,IMF-HP15W MKII,8,15,,,869,14.4,6.39,,,,105.75,,43,139.37,3.08,0.88,0.68,,,3.5,92.8,300,,,reliable,
P.Audio,P-12N,8,12,,,552,20.9,5.1,,,,78.6,,57,42.4,9.29,0.33,0.319,,,2.5,97.7,1000,,,reliable,
P.Audio,P-15N,8,15,,,880,24.7,5.3,,,,120.1,,39.8,144.6,10.41,0.26,0.254,,,7.5,99.2,1000,,,reliable,
P.Audio,P10/100MB,8,10,,,340,18.5,6.5,,,,28.8,,73,26.7,3.63,0.25,0.234,,,2.5,99.1,200,,,reliable,
P.Audio,P150/2226,8,15,,,880,18.9,5.1,,,,105.7,,41,154.8,5.9,0.39,0.366,,,5.5,98.3,1000,,,reliable,
P.Audio,P180/2242,8,18,,,1281,22,5.7,,,,185.81,,37,231.72,6.33,0.51,0.48,,,7,95.5,1000,,,reliable,
P.Audio,R15/64W,8,15,,,830,16.4,6.3,,,,84.1,,41.1,172.2,3.99,0.51,0.452,,,5,96.7,250,,,reliable,
P.Audio,R15/76MB,8,15,,,880,20.9,5.8,,,,84.4,,62.5,83.4,9.92,0.44,0.421,,,4.2,100,500,,,reliable,
P.Audio,R18/100B,8,18,,,1164,24.2,6.6,,,,158.5,,50.7,118.1,13.01,0.57,0.546,,,5.9,97.1,800,,,reliable,
P.Audio,S15-100LF,8,15,,,855,18.5,5,,,,106.3,,38,169.1,6.55,0.37,0.35,,,7.8,98,600,,,reliable,
P.Audio,SD-15,8,15,,,855,23.1,5.4,,,,144,,44.9,89.4,9.72,0.41,0.393,,,5,96.6,600,,,reliable,
P.Audio,SD-18,8,18,,,1250,27.4,5.1,,,,190.4,,33.2,264.3,7.11,0.27,0.26,,,5,99.5,800,,,reliable,
P.Audio,SD-21,8,21.5,,,1730,31.6,5.3,,,,315.1,,41,200.6,9.89,0.43,0.412,,,5.7,98.8,1000,,,reliable,
P.Audio,SD18-1700EL,8,18,,,1225,25.9,5.2,,,,307.7,,42,99.72,11.1,0.623,0.59,,,4.8,92.6,1700,,,reliable,
P.Audio,SN-10MB,8,10,,,340,15.8,5.4,,,,44.1,,70,19,7.3,0.42,0.397,,,5,95.6,600,,,reliable,
P.Audio,SN-12B,8,12,,,526,24.5,5.2,,,,62.5,,48.4,68,6.5,0.164,0.16,,,3.5,98.6,300,,,reliable,
P.Audio,SN-12LF,8,12,,,550,16.3,5.5,,,,68.7,,48,67.9,5.56,0.43,0.399,,,7.2,96,600,,,reliable,
P.Audio,SN-12MB,8,12,,,530,15.5,5.7,,,,41.9,,50,95.3,6.55,0.31,0.296,,,5,99.3,600,,,reliable,
P.Audio,SN-12MB mk2,8,12,,,550,17.2,5.2,,,,64,,62,43.6,6.7,0.44,0.413,,,5,97.6,600,,,reliable,
P.Audio,SN-15B,8,15,,,907,17.7,5.3,,,,67.6,,42.9,234.7,6.32,0.31,0.296,,,3.3,101.5,200,,,reliable,
P.Audio,SN-15MB,8,15,,,907,18.6,5.3,,,,74.8,,47,176.8,9.84,0.34,0.329,,,3.3,101.1,200,,,reliable,
P.Audio,SN10-300MBF,8,10,,,346,16.5,5.7,,,,36.9,,62,30,4.9,0.3,0.283,,,2.5,97.2,300,,,reliable,
P.Audio,TM-10,4,10,,,340,16.7,3.6,,,,136.5,,55,9.9,9.26,0.61,0.572,,,4,89.8,400,,,reliable,
P.Audio,WN-12R,8,12,,,540,16.1,5.4,,,,59.6,,50.3,68.7,6.649,0.392,0.37,,,4.5,97.2,250,,,reliable,
P.Audio,WN-15N,8,15,,,907,18.3,5.4,,,,64.3,,39.8,286.8,7.56,0.26,0.251,,,3.5,102.1,150,,,reliable,
PAD,12.0033,16,10,,,345,9.5,8,,,,49.8,,40,53,4.17,1.1,0.87,,,4,86.9,100,,,reliable,
PD,153ERC002,8,15,,,853,18.5,5.6,,,,68,,38,263,4.03,0.265,0.249,,,6.8,100.9,550,,,reliable,
PD,1550/2,8,15,,,908,26.4,6.6,,,,108.9,,46.2,126,13.87,0.3,0.294,,,5.3,99,600,,,reliable,
PD,184C002,8,18,,,1152,20,5.2,,,,109.9,,40,268,5.67,0.36,0.339,,,8.5,100.6,900,,,reliable,
PD,P12/150,8,12,,,531,16.8,6.1,,,,48.1,,51,80,6.18,0.335,0.318,,,2.3,98.2,150,,,reliable,
PD,PC.15DS,8,15,,,790,28.2,7.2,,,,155.4,,48,61.8,7.247,0.424,0.401,,,6.9,94.5,1200,,,reliable,
PD,PD 102ER,8,10,,,346,11.7,6.2,,,,24.4,,81.8,26,6.37,0.57,0.523,,,1.3,97.1,100,,,reliable,
PD,PD 121,8,12,,,530,23.1,5.7,,,,53.1,,59,54,4.96,0.21,0.201,,,2.7,100.7,300,,,reliable,
PD,PD 122,8,12,,,550,22.7,5.9,,,,64.8,,42.9,90,10.81,0.2,0.196,,,4.7,98.8,400,,,reliable,
PD,PD 1225C001,8,12,,,549.9,17.2,5.2,,,,45.3,,39,156,5.9,0.195,0.189,,,5.6,100.6,300,,,reliable,
PD,PD 123C001,8,12,,,547,24.2,5.5,,,,71.1,,35,122,7.5,0.147,0.144,,,6.4,99.1,600,,,reliable,
PD,PD 123ER,8,12,,,530,20.9,5.6,,,,53.4,,60.5,51,6.62,0.26,0.25,,,2.5,99.9,400,,,reliable,
PD,PD 123ER v2024,8,12,,,530.9,21.5,6.74,,,,58.8,,55.9,54.5,13.03,0.3,0.293,,,2.5,97.7,400,,,reliable,
PD,PD 124NR1,8,12,,,540,19.4,6.1,,,,62.8,,58,49,8.2,0.37,0.354,,,7.4,97.3,1100,,,reliable,
PD,PD 152,8,15,,,890,23,5.7,,,,103.4,,40,170,5.25,0.28,0.266,,,5.1,99.3,400,,,reliable,
PD,PD 153 C01,8,15,,,907,21.6,5.22,,,,98.5,,39,195,13.13,0.27,0.265,,,5.5,100.2,400,,,reliable,
PD,PD 153ER,8,15,,,830,24.7,5.7,,,,100.5,,39,160,4.45,0.23,0.219,,,4.8,99.6,400,,,reliable,
PD,PD 153ER v2018,8,15,,,855.3,22.3,5.87,,,,74.2,,40,218.8,8.65,0.22,0.215,,,5.4,101.4,400,,,reliable,
PD,PD 154,8,15,,,890,29.5,6.2,,,,124.1,,39,149,4.32,0.216,0.206,,,4.6,99.2,500,,,reliable,
PD,PD 1550,8,15,,,890,26.2,6.4,,,,120.9,,31,242,5.55,0.22,0.212,,,7.4,98.1,600,,,reliable,
PD,PD 1550 v2015,8,15,,,907.9,26.3,6.59,,,,108.6,,46.2,126.4,13.87,0.3,0.294,,,5.3,99,600,,,reliable,
PD,PD 155N01,8,15,,,907.9,26.9,6.42,,,,127.4,,45,113.4,13.41,0.32,0.313,,,5.7,98,700,,,reliable,
PD,PD 156,8,15,,,800,18.4,5.74,,,,75.2,,50.2,120.2,6.94,0.4,0.378,,,6.6,99.2,650,,,reliable,
PD,PD 156 v2014,8,15,,,908,21.1,5.69,,,,124.1,,50.3,93.4,7.45,0.5,0.469,,,5.7,97.2,650,,,reliable,
PD,PD 158,8,15,,,881.4,25.2,5.9,,,,107.3,,39.9,161.9,6.94,0.25,0.241,,,5.9,99.4,600,,,reliable,
PD,PD 15BR40,8,15,,,855.3,19.2,4.97,,,,109.5,,38.7,158.3,6.13,0.36,0.34,,,7.9,98.1,700,,,reliable,
PD,PD 182,8,18,,,1150,25.2,5.9,,,,153.2,,28,391,4.85,0.25,0.238,,,8.2,98.7,600,,,reliable,
PD,PD 184,8,18,,,1164,24.3,5.36,,,,141.9,,33.4,304,16.47,0.27,0.266,,,7.2,99.9,600,,,reliable,
PD,PD 1845-1N,8,18,,,1158.1,26.5,4.7,,,,232.7,,34.1,176,10.961,0.333,0.323,,,9.5,97.5,1500,,,reliable,
PD,PD 184C01,8,18,,,1164.2,25,4.81,,,,158.6,,30,337.1,15.2,0.23,0.227,,,7.8,100.2,700,,,reliable,
PD,PD 1850,8,18,,,1150,31.1,5.4,,,,209.5,,30,249,6.04,0.22,0.212,,,6.9,98.5,800,,,reliable,
PD,PD 1851/2,8,18,,,1164.2,30.3,5.23,,,,218.7,,37,160.5,18.49,0.29,0.286,,,6.7,98.3,1000,,,reliable,
PD,PD 1852,8,18,,,1164,31.8,5.87,,,,232.9,,40,129.1,11.18,0.34,0.33,,,6.2,97.2,1000,,,reliable,
PD,PD 185C003,8,18,,,1164,31.1,5.4,,,,197.2,,33,224,10.6,0.229,0.224,,,8.8,99.1,1500,,,reliable,
PD,PD 185N002,8,18,,,1163,24.7,5.4,,,,164,,36,226,3.1,0.329,0.297,,,7.8,98.7,1000,,,reliable,
PD,PD 185N01,8,18,,,1164.2,25,5,,,,217.6,,35.6,174.5,21.47,0.39,0.383,,,8.4,97.1,1000,,,reliable,
PD,PD 185NR1,8,18,,,1164,40.3,5.4,,,,408,,34,102,6.17,0.29,0.277,,,6.3,95.1,1400,,,reliable,
PD,PD 186,8,18,,,1150,22.9,5.5,,,,182.5,,27,353,7.75,0.326,0.313,,,10.2,96.9,700,,,reliable,
PD,PD 186/2,8,18,,,1134.1,22.2,6.19,,,,203.4,,34.2,192.2,10.77,0.55,0.523,,,8.7,94.5,700,,,reliable,
PD,PD 188,8,18,,,1134.1,25.7,5.58,,,,145.4,,37.4,224.4,8.406,0.289,0.279,,,6,99.6,600,,,reliable,
PD,PD 18BR40,8,18,,,1134.1,21.9,5.11,,,,163.9,,30,309,10.21,0.33,0.32,,,9.3,98,700,,,reliable,
PD,PD 2150,8,21.5,,,1630,34.3,5.48,,,,310.4,,22,628,5.51,0.2,0.193,,,6,98.9,400,,,reliable,
PD,PD 2450,8,25,,,2248,32.3,5.58,,,,341.6,,30.5,565.4,6.89,0.35,0.333,,,7.6,100.1,1000,,,reliable,
PD,PD 24603BR,8,25,,,2239,39.2,5.3,,,,433.8,,34,355,9.92,0.32,0.31,,,7.1,100.2,1600,,,reliable,
PD,PD 912,8,12,,,530.9,20,6.96,,,,60,,41.3,97.9,3.95,0.27,0.253,,,5,96.7,400,,,reliable,
PD,PD 915,8,15,,,881.4,24.9,5.77,,,,115.7,,42.9,129.5,7.31,0.29,0.279,,,5.5,98.9,600,,,reliable,
PD,PDN 10MH25,8,10,,,346.4,21.8,5.87,,,,37.2,,79.7,18,6.22,0.229,0.221,,,2.4,99.3,300,,,reliable,
PD,PDN 12MH25,8,12,,,530.9,22,5.74,,,,50.4,,58.2,58.7,5.811,0.219,0.211,,,2.6,100.6,300,,,reliable,
PD,PDN 12SB40,8,12,,,530.9,19.5,5.44,,,,99.6,,47.2,45.1,4.166,0.421,0.382,,,6,94.2,600,,,reliable,
PD,PDN 15BR40,8,15,,,855.4,17,5.11,,,,90.8,,35.7,224.8,5.727,0.359,0.338,,,9.8,98.5,700,,,reliable,
PD,PDN 15BR40-V2,8,15,,,829.6,19.2,5.13,,,,113.4,,39.2,140.1,10.77,0.39,0.376,,,8.2,97.3,700,,,reliable,
PD,PDN 15SB40,8,15,,,829.6,26.2,5.2,,,,104.8,,50,93.2,8.87,0.25,0.243,,,4.3,100.5,600,,,reliable,
PD,PDN 18SB40,8,18,,,1134,25.7,6.02,,,,152.9,,38.5,201.3,10.52,0.336,0.326,,,6,98.6,600,,,reliable,
PD,PDN 2151,8,21.5,,,1698.2,35.9,5.35,,,,341.5,,31.4,303.4,18.3,0.28,0.276,,,6.7,99,1000,,,reliable,
PD,PDN 2450,8,25,,,2290,34.2,5.58,,,,395.6,,32,459.7,7.8,0.38,0.362,,,6.9,99.5,1000,,,reliable,
Peavey,1201-8 v1993,8,12,,,515,19.1,6.1,,,,44.8,,59.7,59,6.6,0.28,0.269,,,2.6,99.7,350,,,reliable,
Peavey,1202-4 v1993,8,12,,,515,14.7,4.5,,,,42.5,,47.1,100,8.2,0.26,0.252,,,2.6,100.5,350,,,reliable,
Peavey,1203-4 v1993,4,12,,,515,10.5,3,,,,39.2,,57.8,72,7.5,0.39,0.371,,,1,101.8,350,,,reliable,
Peavey,1203-8 v1993,8,12,,,515,14.8,6.1,,,,38.7,,59.4,69,8.1,0.4,0.381,,,1,98.7,350,,,reliable,
Peavey,1205-8 v1993,8,12,,,515,16.6,5.2,,,,44.2,,55.6,69,8.7,0.29,0.281,,,4.5,100,350,,,reliable,
Peavey,121-4,4,10,,,335,8.2,3.25,,,,38.6,,44.7,51.7,4.18,0.52,0.462,,,2.5,95.4,50,,,reliable,
Peavey,15,8,15,,,840,22.6,6.21,,,,140.4,,33.9,155.1,10.669,0.364,0.352,,,5.8,95.3,300,,,reliable,
Peavey,15 LOW MAX,8,15,,,840,23.4,6.1,,,,136.7,,38.2,125.6,11.018,0.364,0.352,,,9.8,96,1200,,,reliable,
Peavey,15 PRO RIDER CU CP SUBWOOFER,8,15,,,840,22.6,5.7,,,,99.5,,34.8,208,8.78,0.242,0.236,,,4.6,99,600,,,reliable,
Peavey,1501-4 DT v1993,4,15,,,800,11.5,3.2,,,,57.1,,46,188,2.4,0.4,0.343,,,1,102.6,250,,,reliable,
Peavey,1502-4DT,4,15,,,890,13.4,3.2,,,,78.9,,43.1,192,7.9,0.38,0.363,,,2.8,102,350,,,reliable,
Peavey,1502-8 BW,8,15,,,840,20.1,6.83,,,,68.4,,47.8,162.6,5.23,0.346,0.325,,,2.6,98.9,350,,,reliable,
Peavey,1502-8 V1982,8,15,,,840,18.3,4.9,,,,81.8,,47,138.7,1.157,0.352,0.27,,,3,100.2,350,,,reliable,
Peavey,1502-8DT,8,15,,,890,19.1,6.1,,,,76.3,,42.4,205,7.5,0.34,0.325,,,2.8,99.8,350,,,reliable,
Peavey,1504 v1981,4,15,,,800,14.8,3.2,,,,59.5,,35,312,1.615,0.19,0.17,,,4,104.4,200,,,reliable,
Peavey,1504-4DT,4,15,,,800,11.4,3.5,,,,60.3,,31.3,385,6.2,0.32,0.304,,,3,101.2,200,,,reliable,
Peavey,1505 DT,8,15,,,854,16.2,5.2,,,,55.8,,52,171.5,2.696,0.361,0.318,,,4.7,102.1,350,,,unreliable,"coupling_failed: Mms free-air radiation-mass correction exceeds 50% of Mms (0.516), check Sd/Mms, stated Mms=55.8 g, computed Mmd=27.0178 g, radiation mass difference=51.58% (limit 50%)"
Peavey,1505 DT,8,15,,,854,32.5,5.2,,,,260.8,,37.9,69.1,3.919,0.306,0.284,,,3.3,94.7,350,,,reliable,
Peavey,1505 DT,8,15,,,840,15.6,5.2,,,,111.3,,39.5,144.3,2.78,0.588,0.485,,,5.1,95.6,350,,,reliable,
Peavey,1505 DT,8,15,,,840,17.4,5.2,,,,76.8,,43.6,171.5,2.696,0.361,0.318,,,5.1,99.8,350,,,reliable,
Peavey,1505 DT,8,15,,,840,32,5.2,,,,252.4,,37.9,69.1,3.919,0.306,0.284,,,3.4,94.7,350,,,reliable,
Peavey,1505 DT,8,15,,,840,19.4,5.2,,,,102.8,,44.2,124.7,4.395,0.395,0.362,,,4.8,98.2,350,,,reliable,
Peavey,1505 KADT,8,15,,,800,15.7,5.3,,,,61.9,,44.3,187,8.1,0.37,0.354,,,0.9,100.2,350,,,reliable,
Peavey,1505-4 DT v1993,4,15,,,800,12,3.2,,,,62.8,,44.6,182,8.8,0.39,0.373,,,5.1,102.1,350,,,reliable,
Peavey,1505-8 DT,8,15,,,840,16.8,5.67,,,,70.5,,46.5,164.3,6.5,0.414,0.389,,,5.1,99.5,350,,,reliable,
Peavey,1505-8 DT v1993,8,15,,,800,14.7,5.2,,,,58.7,,44.2,198,7.8,0.39,0.371,,,5.1,100.3,350,,,reliable,
Peavey,1505-8 KA DT BW,8,15,,,841,17.7,5.23,,,,68.5,,50.8,143.5,7.6,0.367,0.35,,,9,98.9,350,,,reliable,
Peavey,1505-8 KADT,8,15,,,840,17.5,5.23,,,,67.7,,50.8,143.5,7.6,0.367,0.35,,,0.9,100.9,350,,,reliable,
Peavey,1505-8BW,8,15,,,840,16.8,5.67,,,,70.5,,46.5,164.3,6.503,0.414,0.389,,,5.1,99.5,350,,,reliable,
Peavey,1508-8 SPS BWX,8,15,,,840,15.3,5.27,,,,76.8,,41.9,185.9,10.357,0.457,0.438,,,4.7,98.6,500,,,reliable,
Peavey,1801-4,4,18,,,1240,14.7,3.72,,,,116.9,,37.3,335.6,8.19,0.474,0.448,,,5,101,350,,,reliable,
Peavey,1801-4 v1993,4,18,,,1200,13.1,3.5,,,,94,,40.6,330,8.9,0.49,0.464,,,5,102.1,350,,,unreliable,"coupling_failed: Mms free-air radiation-mass correction exceeds 50% of Mms (0.510), check Sd/Mms, stated Mms=94 g, computed Mmd=46.0589 g, radiation mass difference=51.00% (limit 50%)"
Peavey,1801-8,8,18,,,1240,17.9,6.23,,,,117.4,,40.4,284.9,5.59,0.577,0.523,,,5,98.2,350,,,reliable,
Peavey,1801-8 BWX,8,18,,,1237,17.8,6.23,,,,116.8,,40.4,284.9,5.59,0.58,0.525,,,5,98.2,350,,,reliable,
Peavey,1801-8 LT BW,8,18,,,1240,18,6.85,,,,118,,40.2,284.9,8.4,0.63,0.61,,,5,96.5,350,,,reliable,
Peavey,1801-8 v1993,8,18,,,1200,16,6.5,,,,98.6,,40.2,321,8.4,0.63,0.586,,,5,98.1,350,,,reliable,
Peavey,1808-8 SPS BWX,8,18,,,1240,16.26,6.71,,,,106.7,,37.4,368,7.55,0.637,0.587,,,4.6,96.6,500,,,reliable,
Peavey,LO MAX 15 v2011,8,15,,,890,23.4,5.4,,,,153,,38.5,124,11,0.364,0.352,,,9.2,96.6,1200,,,reliable,
Peavey,LO MAX 18,8,18,,,1237,27.5,6.1,,,,193.9,,33.5,249.7,8.741,0.33,0.318,,,9.5,97.7,1200,,,reliable,
Peavey,LO MAX 18 v2011,8,18,,,1197,23,5.4,,,,154,,33.5,294.4,11.15,0.33,0.321,,,10.2,98.9,1200,,,reliable,
Peavey,LOW RIDER 15,8,15,,,840,22.73,6.21,,,,142.2,,33.9,155.1,10.67,0.364,0.352,,,9.6,94,800,,,reliable,
Peavey,LOW RIDER 18,8,18,,,1340,22.17,6.15,,,,198.2,,28.9,288,9.07,0.45,0.429,,,9.6,93.7,800,,,reliable,
Peavey,PRO 10,8,10,,,350,14.33,5.97,,,,36.9,,67.7,25.1,2.85,0.456,0.395,,,2.5,94.2,200,,,reliable,
Peavey,PRO 12,8,12,,,526,12.36,6,,,,49.1,,48.4,86.4,3.84,0.588,0.51,,,2.5,94.1,200,,,reliable,
Peavey,PRO 15 LOW FREQUENCY,8,15,,,855,13.4,6,,,,66.2,,34.4,331.6,3.58,0.48,0.423,,,2.5,97.7,200,,,reliable,
Peavey,PRO RIDER 18 1808-8 AL CP,8,18,,,1260,17.9,5.6,,,,146.459,,36,296.475,11.14,0.579,0.55,,,4.6,95.6,600,,,reliable,
Peavey,PRO-15,8,15,,,855,13.3,6,,,,66.2,,34.4,331.6,3.576,0.482,0.425,,,2.5,97.7,200,,,reliable,
Peavey,PRO-15 NEO,8,15,,,855,13.3,6,,,,66.2,,34.4,331.6,3.576,0.482,0.425,,,2.5,97.7,200,,,reliable,
Peavey,PV 118 OEM,8,18,,,1260,23.3,6.3,,,,186.2,,28.8,365.1,9.29,0.391,0.375,,,3.5,96.5,150,,,reliable,
Peavey,S-10825,8,10,,,310,10.4,5.58,,,,22.5,,102,14.6,7,0.742,0.671,,,2.7,96.7,200,,,reliable,
Peavey,S-12825,8,12,,,500,10.4,5.34,,,,37.8,,59.4,66.6,5.25,0.691,0.611,,,2.5,96.8,200,,,reliable,
Peavey,SHEFFIELD 1035 4,4,10,,,335,8.2,3.25,,,,38.6,,44.7,51.7,4.18,0.52,0.462,,,2.5,95.4,75,,,reliable,
Peavey,SHEFFIELD PRO 1500+,8,15,,,890,14.2,5.1,,,,73.2,,42.7,212.37,6.7,0.5,0.465,,,3.6,97,500,,,reliable,
Peavey,SHEFFIELD TVX 1035 8,8,10,,,335,9.4,5.88,,,,42.4,,49.3,38.7,4.03,0.88,0.722,,,3.4,90.5,75,,,reliable,
Peavey,SP-15825,8,15,,,840,19.5,5.54,,,,75.4,,50.1,132.4,6.05,0.345,0.326,,,3.1,100.4,200,,,reliable,
Peerless by Tymphany,308SWR51XXLSP (830847),4,12,,,466,10.2,2.5,,,,112.5,,21.8,144.2,10.24,0.37,0.357,,,10.8,93.1,220,,,reliable,
Peerless by Tymphany,315SWR,8,12,,,520,11.6,5.5,,,,79.4,,24,210,3.72,0.49,0.433,,,8,91.3,220,,,reliable,
Peerless by Tymphany,830452,4,10,,,350,16.7,3.6,,,,134.1,,22,67,3.86,0.24,0.226,,,7.4,90.2,220,,,reliable,
Peerless by Tymphany,830846,4,10,,,352,10.3,2.6,,,,91.1,,24.3,81.8,9.24,0.34,0.328,,,8.7,92.2,175,,,reliable,
Peerless by Tymphany,830952,4,12,,,466,10.4,2.6,,,,132.9,,19.1,159,9.29,0.38,0.365,,,13,91.5,250,,,reliable,
Peerless by Tymphany,831727,8,10,,,310,10,5.4,,,,50.4,,22.3,136.2,2.62,0.38,0.332,,,9,89.7,110,,,reliable,
Peerless by Tymphany,831857,8,12,,,520,11.6,5.5,,,,79.4,,24,210,3.72,0.49,0.433,,,9,91.3,220,,,reliable,
Peerless by Tymphany,832531,8,10,,,310,7.7,6.1,,,,28.3,,27.4,160.6,2.28,0.5,0.41,,,4,91.4,110,,,reliable,
Peerless by Tymphany,850146,8,10,,,330,10.1,5.5,,,,52.4,,22.6,144.4,2.56,0.4,0.346,,,7.5,89.8,200,,,reliable,
Peerless by Tymphany,CSX 257 H,8,10,,,330,10.1,5.5,,,,52.4,,22.6,144.4,2.56,0.4,0.346,,,9,89.8,200,,,reliable,
Peerless by Tymphany,DFM-2544R00-08,8.0,,1.0,115,16,1.89,6.25,0.04,,,0.29,,694,0.07,5.55,2.19,1.57,0.183,,,105,55,1000.0,1000.0,reliable,
Peerless by Tymphany,FSL-1015R02-08,8,10,,,369.8,9.5,5.47,,,,27.5,,68.4,37.7,4.25,0.72,0.616,,,2.2,95.9,75,,,reliable,
Peerless by Tymphany,FSL-1020R02-08,8,10,,,373,14.5,5.92,,,,34,,67.7,31.7,4.52,0.41,0.376,,,2.4,97.1,250,,,reliable,
Peerless by Tymphany,FSL-1225R02-08,8,12,,,547.4,15.2,5.45,,,,51.5,,59,59.4,4.31,0.45,0.407,,,2.5,98,350,,,reliable,
Peerless by Tymphany,FSL-1520R02-08,8,15,,,855,11.8,5.46,,,,66.3,,42,222,6.69,0.69,0.625,,,3.3,97.4,200,,,reliable,
Peerless by Tymphany,FSL-1830R09-04,4,18,,,1225.4,16.8,3.67,,,,193.8,,27.8,356,14.98,0.44,0.427,,,8.5,97.8,400,,,reliable,
Peerless by Tymphany,FSL-1830R09-08,8,18,,,1225.4,20.6,7.14,,,,176.1,,32.7,283.1,15.46,0.61,0.587,,,9.6,94.6,600,,,reliable,
Peerless by Tymphany,GBS-115N25AL01-04,4,4.5,,,58.1,4.53,3.3,0.344,,,9.3,,90,1.79,3.46,0.772,0.63,0.37,,7.27,85.2,20,,,reliable,
Peerless by Tymphany,GBS-135F25AL02-04,4,5.25,,,86.6,4.93,3.3,0.436,,,12.3,,64,5.3,4.33,0.681,0.59,0.5,,11.5,87.8,35,,,reliable,
Peerless by Tymphany,GBS-200F35CP02-04,4,8,,,222,12,3.4,2.33,,,71.6,,42,13.9,5.09,0.478,0.44,,,6.7,87.2,150,,,reliable,
Peerless by Tymphany,GBS-250F38CP01-04,4,10,,,314,12.9,3.6,2.81,,,107,,38,22.8,8.3,0.544,0.51,0.16,,21.5,88.3,200,,,reliable,
Peerless by Tymphany,GBS-85N25PR07-04,4,3.5,,,35.26,4.66,3.47,0.35,,,5.74,,133.32,0.4247526989,4.75,0.77,0.66,0.248,,1.7,,12,,,reliable,
Peerless by Tymphany,HDS-P830860,8,,,,88.3,5.74,6,0.278,,,8.88,,72,6.12,2.08,0.725,0.54,0.56,,7.65,86.5,30,,,reliable,
Peerless by Tymphany,HDS-P830869,8,8,,,227,9.34,5.8,0.754,,,28.6,,34,57.6,5.68,0.402,0.38,0.79,,10.3,88.8,30,,,reliable,
Peerless by Tymphany,HDS-P830870,8,,,,56.8,4.93,5.3,0.198,,,6.08,,100,1.73,1.92,0.871,0.6,0.38,,7.5,84.7,25,,,reliable,
Peerless by Tymphany,HDS-P830874,8,,,,143,8.71,6.3,0.418,,,18.8,,61,10.6,3.68,0.595,0.51,0.37,,8.65,87.7,75,,,reliable,
Peerless by Tymphany,HDS-P830875,8,,,,143,8.65,6.5,0.461,,,17.1,,48,18.6,3.39,0.446,0.39,0.64,,8.65,88.3,30,,,reliable,
Peerless by Tymphany,HDS-P830883,8,,,,143,7.8,5.9,0.215,,,23.7,,68,6.81,2.18,0.971,0.67,0.24,,10,87.2,30,,,reliable,
Peerless by Tymphany,HDS-P830990,8,,,,143,8.62,6.3,0.467,,,17.5,,56,13.5,2.45,0.516,0.43,0.47,,10.2,87.6,50,,,reliable,
Peerless by Tymphany,HDS-P830991,8,,,,89.9,6.35,5.9,0.352,,,9.83,,76,5.11,2.64,0.692,0.55,0.45,,6.55,86.4,30,,,reliable,
Peerless by Tymphany,HDS-P830992,8,,,,55.4,4.85,5.2,0.23,,,5.72,,120,1.39,2.17,0.94,0.66,0.32,,7.5,85.5,30,,,reliable,
Peerless by Tymphany,NE123W-08,8,,,,54.1,5.53,6.1,0.118,,,5.91,,73,3.3,9.37,0.487,0.46,0.8,,10.9,86.1,45,,,reliable,
Peerless by Tymphany,NE180W-08,8,,,,137,8.53,6.3,0.27,,,17.9,,44,19.7,9.02,0.426,0.41,0.74,,12.4,88,50,,,reliable,
Peerless by Tymphany,NE265W-04,4,10,,,330.1,11.7,2.86,,,,98,,23.3,72.8,13.77,0.3,0.294,,,8.8,91.3,190,,,reliable,
Peerless by Tymphany,NE265W-08,8,10,,,326.9,14.7,6.24,0.53,,,74.1,,22.97,97.12678381,10.33,0.31,0.3,0.65,,9.4,88.9,125,,,reliable,
Peerless by Tymphany,NE315W-04,4,12,,,506.7,11.12,2.78,0.38,,,113.9,,19.94,201.6159477,15.6,0.32,0.31,0.559,,9,93.6,150,,,reliable,
Peerless by Tymphany,NE65W-04,4,2,,,14.7,2.87,3.5,0.057,,,1.65,,180,0.14,5.52,0.813,0.71,0.46,,5,84.7,25,,,reliable,
Peerless by Tymphany,NE85W-04,4,2.5,,,22.1,2.73,3.7,0.071,,,2.12,,110,0.674,10.3,0.73,0.68,0.98,,4.89,85.2,25,,,reliable,
Peerless by Tymphany,PLS-P830970,4,,,,13.9,2.78,3.5,0.037,,,1.43,,210,0.106,3.38,0.867,0.69,0.39,,3.87,85.3,25,,,reliable,
Peerless by Tymphany,PLS-P830983,4,,,,15.2,2.72,3.4,0.034,,,1.65,,140,0.24,6.53,0.697,0.63,0.73,,4.2,84.9,20,,,reliable,
Peerless by Tymphany,PLS-P830984,8,,,,21.2,3.43,6.3,0.101,,,2.27,,110,0.547,5.46,0.87,0.75,0.86,,5.4,82.6,25,,,reliable,
Peerless by Tymphany,PLS-P830985,4,,,,21.2,2.72,3.6,0.062,,,2.29,,120,0.475,4,0.857,0.71,0.74,,5.4,84.9,30,,,reliable,
Peerless by Tymphany,PLS-P830986,8,,,,27.3,3.45,6.2,0.121,,,2.6,,110,0.834,5.2,0.944,0.8,0.79,,4.35,84.2,25,,,reliable,
Peerless by Tymphany,PMT-2040N1625AL01-04,4,,,,7.45,1.14,4.3,0.045,,,0.367,,340,0.048,2.92,2.44,1.4,0.61,,0.4,82.2,1,,,reliable,
Peerless by Tymphany,SBS-300F38CP01-04,4,12,,,510.7,12.5,3.8,,,,128,,36,55.8,4.8,0.7,0.611,,,5.9,90.9,250,,,reliable,
Peerless by Tymphany,SDF-250F75PR01-06,6,10,,,353,14.6,4.2,0.822,,,115,,34,32.9,11.4,0.48,0.46,0.19,,29.2,88.4,300,,,reliable,
Peerless by Tymphany,SDS-135F25CP02-04,4,,,,86.35,7.2,3.1,1.06,,,20.4,,58,3.94,3.68,0.447,0.4,0.37,,12.5,87,50,,,reliable,
Peerless by Tymphany,SDS-P830656,8,,,,86.6,5.53,5.9,0.493,,,9.67,,65,6.58,3.47,0.76,0.62,0.62,,10,86.1,60,,,reliable,
Peerless by Tymphany,SDS-P830657,8,,,,141,6.92,5.9,,,,15.4,,48,20.1,2.67,0.565,0.47,0.72,,5.46,89,60,,,reliable,
Peerless by Tymphany,SDS-P830855,8,,,,50.3,5.24,5.6,0.343,,,6.3,,66,3.26,4.56,0.539,0.48,0.91,,12.3,83.1,30,,,reliable,
Peerless by Tymphany,SKP254,4,10,,,353,9.1,3.2,,,,64.2,,29,82,2.31,0.45,0.377,,,4,92.4,100,,,reliable,
Peerless by Tymphany,SLS W 10-30/08,8,10,,,335,10.4,5.6,,,,52.8,,33,69.3,4.85,0.57,0.51,,,6.5,89.9,100,,,reliable,
Peerless by Tymphany,SLS-250S38CP00-04,4,10,,,346.4,9.1,3.4,,,,54.3,,26.9,108.5,12.34,0.38,0.369,,,4.6,93.1,80,,,reliable,
Peerless by Tymphany,SLS-85S25CP04-04,4,3.5,,,32.2,4.3,3.2,0.169,,,4.86,,73,1.43,5.41,0.386,0.36,0.97,,10.2,86,30,,,reliable,
Peerless by Tymphany,SLS-P830668,8,,,,346.4,10.3,5.6,1.46,,,57.3,,35,62.9,7.28,0.646,0.59,0.37,,10.9,88.8,70,,,reliable,
Peerless by Tymphany,SLS-P830669,8,,,,523,11.8,5.6,1.12,,,78.5,,34,107,9.98,0.678,0.64,0.28,,10.9,88.7,100,,,reliable,
Peerless by Tymphany,SLS-P830945,4,5.25,,,83.3,6.19,2.8,0.306,,,17,,56,4.68,4.36,0.441,0.4,0.48,,7,87.5,80,,,reliable,
Peerless by Tymphany,SLS-P830946,4,,,,124,8.51,2.7,0.678,,,40.6,,47,6.03,7.42,0.454,0.43,0.28,,15.6,87.6,75,,,reliable,
Peerless by Tymphany,SLS10 830668,8,10,,,335,10.3,5.6,,,,51.9,,33.3,69.3,4.85,0.57,0.51,,,5.4,90.1,70,,,reliable,
Peerless by Tymphany,SLS10 P830668 v2009,8,10,,,346.4,9.8,5.7,,,,51.7,,33,75.7,7.7,0.64,0.591,,,5.8,89.7,70,,,reliable,
Peerless by Tymphany,SLS10 P830668 v2012,8,10,,,346.4,10.4,5.6,,,,57.1,,32,72.9,7.1,0.59,0.545,,,5.7,89.6,70,,,reliable,
Peerless by Tymphany,SLS12 830669,8,12,,,540,12.3,5.7,,,,76.6,,28,172.4,6.7,0.51,0.474,,,6.8,92.2,100,,,reliable,
Peerless by Tymphany,SLS12 830669 v2012,8,12,,,522.8,12,5.6,,,,76.3,,31,132.4,7.1,0.58,0.536,,,6.1,91.9,100,,,reliable,
Peerless by Tymphany,SLS15,8,15,,,892,23.4,6.7,,,,151.3,,24.1,321.5,6.06,0.28,0.268,,,6.4,94.8,200,,,reliable,
Peerless by Tymphany,SLS315,8,12,,,540,12.1,5.5,,,,84.8,,24.4,205.2,5.83,0.49,0.452,,,7.8,91.4,100,,,reliable,
Peerless by Tymphany,STW-350F188PR01-04,4,15,,,774.4,23.5,3.2,,,,519.4,,26.6,58.2,11.39,0.5,0.479,,,10.1,89.3,1200,,,reliable,
Peerless by Tymphany,STW-350F188PR01-04,6,,,,775,43.3,2,9.19,,,561,,21,90.3,14.6,0.47,0.46,0.11,,37.2,79.2,2500,,,unreliable,"qes_inconsistent: stated=0.47 , computed=0.0789617 , difference=83.20% (limit 20%)"
Peerless by Tymphany,TA6FD00-04,4,2,,,15.2,1.93,3.47,0.02,,,1.4,,146.6,0.2831684659,3.78,1.24,0.93,0.822,,1,,10,,,reliable,
Peerless by Tymphany,TC6FC00-04,4,,,,15.2,2.15,3.4,0.036,,,1.25,,190,0.188,3.88,1.09,0.85,0.57,,5.16,85,15,,,reliable,
Peerless by Tymphany,TC6FD00-04,4,2,,,15.2,1.98,3.6,0.051,,,1.33,,180,0.192,4.25,1.36,1,0.59,,4.4,83.8,15,,,reliable,
Peerless by Tymphany,TC7FD00-04,4,2.5,,,22.1,2.05,3.5,0.054,,,1.81,,160,0.385,3.97,1.48,0.92,0.56,,5.1,85.2,20,,,reliable,
Peerless by Tymphany,TC7FD04-04,4,2.5,,,22.1,2.44,3.4,0.02,,,1.2,,202,0.3681190057,3.4,0.88,0.7,0.519,,1,,20,,,reliable,
Peerless by Tymphany,TC9FD00-04,4,3.5,,,36.3,2.33,3,0.02,,,2.09,,175,0.8495053978,4.8,1.28,1.01,0.398,,1.6,,25,,,reliable,
Peerless by Tymphany,TC9FD18-08,8,3.5,,,36.3,3.01,6.2,0.108,,,2.67,,130,1.13267,2.97,1.44,0.97,0.52,,3.88,84,30,,,reliable,
Peerless by Tymphany,TG9FD-10-04,4,,,,36.3,2.4,3.2,0.07,,,2.83,,113,1.41584,3,1.14,0.83,0.7,,2.6,84,10,,,reliable,
Peerless by Tymphany,XLS-P830452,4,10,,,350,15.7,4.2,1.7,,,120,,25,60.3,4.14,0.313,0.29,0.35,,21.9,86.6,150,,,reliable,
Peerless by Tymphany,XLS-P830500,4,12,,,483.1,18.6,3.6,,,,199.5,,20,103.9,4.44,0.26,0.246,,,8.6,90.5,300,,,reliable,
Peerless by Tymphany,XLS-P835028,4,10,,,314.2,11.4,3.1,,,,107,,34,28.3,6.8,0.55,0.509,,,4,89.2,80,,,reliable,
Peerless by Tymphany,XLS12,4,12,,,466,17.9,3.5,,,,169.1,,18.1,139.2,3.7,0.21,0.199,,,9.5,91.5,300,,,reliable,
Peerless by Tymphany,XXLS-830843,8,10,,,352,12.5,5.8,,,,81.2,,25,86.7,9.03,0.47,0.447,,,10.3,88,175,,,reliable,
Peerless by Tymphany,XXLS-830845,8,12,,,466,13.2,5.9,,,,102.7,,21.5,162.5,9.68,0.47,0.448,,,7.6,88.7,175,,,reliable,
Peerless by Tymphany,XXLS-830951,4,10,,,352,10.2,2.6,,,,96.9,,21,103,8.4,0.32,0.308,,,10.1,91.6,175,,,reliable,
Peerless by Tymphany,XXLS-835016,4,10,,,352,10.1,2.6,,,,92.9,,22.4,94.4,7.1,0.33,0.315,,,7.1,91.9,100,,,reliable,
Peerless by Tymphany,XXLS-835017,4,12,,,466,10.3,2.6,,,,121.2,,19.4,169,7.8,0.36,0.344,,,8.9,92.2,120,,,reliable,
Peerless by Tymphany,XXLS-P830845,8,12,,,491,13.2,5.8,0.768,,,116,,29,91.9,12.5,0.69,0.65,0.27,,15.2,85.9,175,,,reliable,
Peerless by Tymphany,XXLS-P830845 v2025,8,12,,,491,13,5.8,,,,110.8,,29,91.9,12.5,0.69,0.654,,,7.6,88.5,175,,,reliable,
Peerless by Tymphany,XXLS-P835016,4,10,,,356,10.5,2.5,,,,102.3,,26,65.1,11.27,0.38,0.368,,,6,91.8,100,,,reliable,
Peerless by Tymphany,XXLS-P835017,4,12,,,511,10.5,2.6,0.429,,,129,,23,133,10.4,0.444,0.43,0.36,,15,88.8,120,,,reliable,
Peerless by Tymphany,XXLS-P835017 v2026,4,12,,,511,10.6,2.6,,,,131.8,,23,133,10.4,0.444,0.426,,,7.5,92.5,150,,,reliable,
Peerless by Tymphany,XXLS12-4,4,12,,,466,15.6,2.8,,,,157.3,,17.7,156.5,8.21,0.2,0.195,,,7.8,92.9,175,,,reliable,
Peerless by Tymphany,XXLS12-8+8,4,12,,,466,10.2,2.5,,,,112.5,,21.8,144.2,10.24,0.37,0.357,,,9.7,93.1,175,,,reliable,
Peerless by Tymphany,XXLS308 SWR 51,8,12,,,466,13.2,5.9,,,,102.7,,21.5,162.5,9.58,0.47,0.448,,,11.5,88.7,175,,,reliable,
Phase Linear,ALIANTE 10 SI,8,10,,,364,13.1,4,,,,193.2,,22,50.3,2.68,0.62,0.504,,,5.8,84.4,100,,,reliable,
Phase Linear,ALIANTE 12 LTD,4,12,,,540,16.8,3,,,,189.9,,19,151,1.95,0.24,0.214,,,8,92.6,400,,,reliable,
Phase Linear,SX 10,4,10,,,344,12.9,2.8,,,,98,,35,35,3.6,0.36,0.327,,,5.9,92.7,280,,,reliable,
Philips,AD10240/W8,8,10,,,344,10.3,6.2,,,,32,,23,248.2,7.86,0.27,0.261,,,7.8,93.6,60,,,reliable,
Philips,AD10672/W8,8,10,,,314,6.8,6.4,,,,33.8,,27,142,2.8,0.8,0.622,,,3,88.4,60,,,reliable,
Philips,AD12100,4,12,,,537.1,10.3,3.9,,,,41.2,,55.7,80.1,4.61,0.53,0.475,,,3,99.3,100,,,reliable,
Philips,AD12100,4,12,,,537.1,9.8,3.9,,,,41.4,,54.2,84.4,4.45,0.57,0.505,,,3,98.8,100,,,reliable,
Philips,AD12100,4,12,,,537.1,9.9,3.9,,,,42.9,,55.3,78.2,4.31,0.59,0.519,,,3,98.6,100,,,reliable,
Philips,AD12100/M8,8,12,,,510.7,10.3,7.1,,,,37,,36,193.3,2.763,0.558,0.464,,,6.2,94.6,100,,,reliable,
Philips,AD12100W8,8,12,,,510.7,13.8,7.16,,,,62.4,,29.9,166,6.61,0.44,0.413,,,6,92.5,100,,,reliable,
Philips,AD12100W8,8,12,,,510.7,14.1,6.99,,,,65.4,,29.3,165,6.97,0.423,0.399,,,6,92.5,100,,,reliable,
Philips,AD12200/W8,8,12,,,510.7,13.1,6.7,,,,55.9,,24,287.4,4.062,0.328,0.303,,,5,93.6,80,,,reliable,
Philips,AD12202/M8,8,12,,,510.7,11.1,6.8,,,,32.3,,45.6,138,2.292,0.513,0.419,,,4,96.8,100,,,reliable,
Philips,AD12240/W8,8,12,,,510.7,12.7,7.15,,,,51.1,,29,215.7,8.95,0.41,0.392,,,7.4,93.6,100,,,reliable,
Philips,AD12250W8,8,12,,,530.9,12.1,7.03,,,,53.2,,29.5,216,2.75,0.474,0.404,,,6,93.2,100,,,reliable,
Philips,AD12250W8,8,12,,,530.9,10.3,6.73,,,,51.3,,28.7,237,3.73,0.591,0.51,,,6,92.5,100,,,reliable,
Philips,AD1256,8,12,,,572.6,9.6,7.8,,,,35,,36.9,244.9,4.44,0.68,0.59,,,4.3,94.7,40,,,reliable,
Philips,AD1256,8,12,,,572.6,9.7,7.8,,,,25.3,,39.7,291.6,4.77,0.52,0.469,,,4.3,97.5,40,,,unreliable,"coupling_failed: Mms free-air radiation-mass correction exceeds 50% of Mms (0.625), check Sd/Mms, stated Mms=25.3 g, computed Mmd=9.49795 g, radiation mass difference=62.46% (limit 50%)"
Philips,AD12672/W8,8,12,,,490,7.7,5.9,,,,41.4,,29,245,5.67,0.75,0.662,,,6,92.3,100,,,reliable,
Philips,AD5200,8,12,,,572.6,9.6,7.8,,,,35,,36.9,244.9,4.44,0.68,0.59,,,4.3,94.7,40,,,reliable,
Philips,AD5200,8,12,,,572.6,9.7,7.8,,,,25.3,,39.7,291.6,4.77,0.52,0.469,,,4.3,97.5,40,,,unreliable,"coupling_failed: Mms free-air radiation-mass correction exceeds 50% of Mms (0.625), check Sd/Mms, stated Mms=25.3 g, computed Mmd=9.49795 g, radiation mass difference=62.46% (limit 50%)"
Philips,AD5201-8,8,12,,,452.4,10.6,6.35,,,,38.4,,24.4,318.6,6.039,0.331,0.314,,,2,94.4,20,,,reliable,
Philips,AD9710,32,10,,,298.6,9.7,20.39,,,,12.7,,50,100,2.28,0.87,0.63,,,3.2,89.5,60,,,reliable,
PHL Audio,3000,8,10,,,356,15.8,5.4,,,,35.7,,60,35,4.5,0.29,0.272,,,3.4,97.8,200,,,reliable,
PHL Audio,3001,8,10,,,356,16,5.4,,,,39.6,,57,35,4.7,0.3,0.282,,,3.5,97,200,,,reliable,
PHL Audio,3002,8,10,,,356,16,5.4,,,,63.5,,45,35,5.9,0.38,0.357,,,4,92.9,200,,,reliable,
PHL Audio,3002 v2010,8,10,,,360,15.6,5.43,,,,67.1,,48.6,29,8.32,0.46,0.436,,,4,92.3,200,,,reliable,
PHL Audio,3020,8,10,,,356,12.8,5.3,,,,30.5,,60,41,3.8,0.37,0.337,,,4.1,97.6,200,,,reliable,
PHL Audio,3040,8,10,,,373,14.5,6,,,,27.8,,86,24,4.6,0.43,0.393,,,2,98.7,160,,,reliable,
PHL Audio,3411,8,10,,,356,20,5.6,,,,58,,47,35.1,5.53,0.24,0.23,,,4.9,95.3,400,,,reliable,
PHL Audio,3420,8,10,,,356,15.4,4.2,,,,45.8,,53,35,4.9,0.27,0.256,,,4.3,97.6,300,,,reliable,
PHL Audio,3430,8,10,,,356,15.3,5.6,,,,33.8,,57,41,4.2,0.29,0.271,,,4.2,97.7,250,,,reliable,
PHL Audio,3450,8,10,,,373,17.6,5.2,,,,30.9,,80,25,3.4,0.26,0.242,,,2.2,100.8,200,,,reliable,
PHL Audio,3451,8,10,,,377,15.6,5,,,,34.2,,91,17.8,3.04,0.4,0.353,,,2.1,99.3,200,,,reliable,
PHL Audio,3490,8,10,,,324,15.5,4.2,,,,45.7,,54,28,5.9,0.27,0.258,,,4.2,96.9,300,,,reliable,
PHL Audio,3540,4,10,,,356,11,2.1,,,,51.4,,50,35,5.2,0.28,0.266,,,4.5,99.7,300,,,reliable,
PHL Audio,3820,8,10,,,356,22.2,5,,,,55.1,,54,28,4.8,0.19,0.183,,,3.6,97.7,400,,,reliable,
PHL Audio,3821,8,10,,,356,22.2,5,,,,55.1,,54,28,4.8,0.19,0.183,,,3.6,97.7,400,,,reliable,
PHL Audio,3840,8,10,,,356,20.5,5.7,,,,41.8,,62,28,4.8,0.22,0.21,,,3.1,98.3,300,,,reliable,
PHL Audio,3860,8,10,,,373,20.6,4.6,,,,35.1,,75,25,3.9,0.18,0.172,,,2,102.1,250,,,reliable,
PHL Audio,3860 v2014,8,10,,,377,18.7,4.6,,,,32.5,,86,21,2.5,0.23,0.211,,,1.9,102,250,,,reliable,
PHL Audio,3860NdM,8,10,,,377,21.8,5.5,,,,38.2,,90,16.3,2.98,0.25,0.231,,,1.8,100.4,250,,,reliable,
PHL Audio,3861,8,10,,,377,20.4,5.7,,,,39.6,,88,16.5,3.07,0.3,0.273,,,2,99.2,250,,,reliable,
PHL Audio,4020,8,12,,,540,21,5.6,,,,133.8,,29,92,8.3,0.31,0.299,,,7,92.1,450,,,reliable,
PHL Audio,4021,8,12,,,539,21.6,5.5,,,,148.9,,35.4,55.2,6.3,0.39,0.367,,,6.5,91.6,450,,,reliable,
PHL Audio,4021,8,12,,,530.9,21.7,5.3,,,,132.6,,40.4,46.3,5.18,0.38,0.354,,,5.5,92.8,450,,,reliable,
PHL Audio,4021 v2017,8,12,,,530,20.5,5.6,,,,115.4,,30,96,8.9,0.29,0.281,,,7,93,450,,,reliable,
PHL Audio,4021 v2026,8,12,,,539,20.3,5.6,,,,120.3,,35,70,10.76,0.36,0.348,,,7.5,92.7,500,,,reliable,
PHL Audio,4040,8,12,,,536.6,20.5,5.5,,,,59.4,,45,85,3.8,0.22,0.208,,,4.9,99.1,400,,,reliable,
PHL Audio,4050,8,12,,,540,20.9,5.8,,,,51.3,,49,84,3.3,0.21,0.197,,,4.1,100.1,350,,,reliable,
PHL Audio,4061,16,12,,,540,29,12.2,,,,51.3,,49,84,3.3,0.23,0.215,,,4.4,96.5,350,,,reliable,
PHL Audio,4070,8,12,,,490,20.5,5.5,,,,56.8,,47,68,3.5,0.22,0.207,,,4.6,98.7,400,,,reliable,
PHL Audio,4071-1,8,12,,,493,20.5,5.5,,,,67.6,,47,57.8,4.14,0.26,0.245,,,4.7,97.2,400,,,reliable,
PHL Audio,4090,4,12,,,540,16.5,3,,,,74,,39,92,3.7,0.2,0.19,,,5.1,100.6,400,,,reliable,
PHL Audio,4130,8,12,,,540,20.5,5.5,,,,63.8,,42,92,3.8,0.22,0.208,,,5.2,98.5,400,,,reliable,
PHL Audio,4310NDU,8,12,,,530,21.1,5.4,,,,94.6,,43,57,4.8,0.31,0.291,,,5.6,95.3,500,,,reliable,
PHL Audio,4400Nd,8,12,,,530,22.2,5.4,,,,84.8,,41,70,2.2,0.24,0.216,,,5.7,96.7,600,,,reliable,
PHL Audio,4500,8,12,,,539,14.1,4.2,,,,54.1,,42,108,3.2,0.3,0.274,,,5.7,99,300,,,reliable,
PHL Audio,4510,8,12,,,538.7,15.2,5.5,,,,54.1,,42,108,3.2,0.34,0.307,,,6,97.3,300,,,reliable,
PHL Audio,4511,8,12,,,539,14.9,5.5,,,,60.4,,48,74.1,4.12,0.45,0.406,,,5.4,96.2,300,,,reliable,
PHL Audio,4530,8,12,,,540,15.1,5.5,,,,61,,37,124,4.1,0.34,0.314,,,6,96.3,300,,,reliable,
PHL Audio,4530,8,12,,,540,12.7,6.27,,,,47.3,,45.8,104.5,3.022,0.529,0.45,,,6,95.8,300,,,reliable,
PHL Audio,4530,8,12,,,535,12.9,6.17,,,,49.2,,47.1,93.2,3.191,0.537,0.46,,,6,95.7,300,,,reliable,
PHL Audio,4530,8,12,,,540,13.8,6.21,,,,56.9,,45.8,86.8,3.105,0.532,0.454,,,6,95,300,,,reliable,
PHL Audio,4530P,8,12,,,530,15,5.5,,,,60.8,,42,93,4.6,0.39,0.36,,,6,96.1,300,,,reliable,
PHL Audio,4531,8,12,,,540,15.3,5.5,,,,63.1,,42,93,4.6,0.39,0.36,,,6,96.1,300,,,reliable,
PHL Audio,4531 v2023,8,12,,,531,15.3,5.3,,,,65.8,,46,71.9,5.51,0.43,0.399,,,5.6,95.9,300,,,reliable,
PHL Audio,4540,8,12,,,535,13.4,6.32,,,,55.3,,45.8,87.8,2.49,0.558,0.456,,,6,94.8,300,,,reliable,
PHL Audio,4550,8,12,,,540,15.6,5.7,,,,48.2,,45,106,3,0.32,0.289,,,4,98.3,250,,,reliable,
PHL Audio,4590,8,12,,,499,14.2,5.5,,,,53.1,,43,90,4.6,0.39,0.36,,,6,96.2,300,,,reliable,
PHL Audio,5010,8,15,,,888.6,23.2,5.6,,,,121.3,,34,200,3.3,0.27,0.25,,,6.4,98.2,500,,,reliable,
PHL Audio,5011,8,15,,,903,22.8,5.21,,,,128.1,,36,174.7,3.57,0.29,0.268,,,6,98.3,500,,,reliable,
PHL Audio,5012MNdU,8,15,,,903,22.8,5.21,,,,127.7,,36,175,3.57,0.29,0.268,,,6,98.3,500,,,reliable,
PHL Audio,5020,8,15,,,892,23.6,5.6,,,,180.2,,28,200,4,0.32,0.296,,,7,94.9,500,,,reliable,
PHL Audio,5021,8,15,,,892,23.4,5.68,,,,168.8,,33.7,147,5.13,0.37,0.345,,,6.6,95.3,500,,,reliable,
PHL Audio,5021M,8,15,,,892,24,5.6,,,,163.3,,32,169,4.15,0.32,0.297,,,6.7,95.9,500,,,reliable,
PHL Audio,5030,8,15,,,892,23.5,5.6,,,,98.1,,40,180,4.2,0.25,0.236,,,5.4,100.2,500,,,reliable,
PHL Audio,5050,8,15,,,882.7,23,5.6,,,,106.4,,38,180,4.3,0.27,0.254,,,5.9,99.2,500,,,reliable,
PHL Audio,5051,8,15,,,892,23.3,5.6,,,,108.6,,37,190,4.3,0.26,0.245,,,5.9,99.2,500,,,reliable,
PHL Audio,5052,8,15,,,892,23.5,5.6,,,,121.4,,35,190,4.4,0.27,0.254,,,6.2,98.3,500,,,reliable,
PHL Audio,5070,8,15,,,892,22.9,5.6,,,,93,,45,150,4.5,0.28,0.264,,,5,100.4,500,,,reliable,
PHL Audio,5100,8,15,,,887.5,20.9,5.6,,,,102.2,,39,180,4.2,0.32,0.297,,,5.6,98.8,400,,,reliable,
PHL Audio,5102,8,15,,,892,21,5.6,,,,114.7,,36,190,4.3,0.33,0.306,,,6.1,97.8,400,,,reliable,
PHL Audio,5140,8,15,,,892,20.5,4.2,,,,108.7,,38,180,4.3,0.26,0.245,,,5.7,100.6,500,,,reliable,
PHL Audio,5200,4,15,,,892,16.4,3,,,,108.7,,38,180,4.3,0.29,0.272,,,6,101.6,500,,,reliable,
PHL Audio,5221 SP,8,15,,,892,18,5.1,,,,88.5,,41,190,3.8,0.36,0.329,,,6.6,99.5,500,,,reliable,
PHL Audio,5231,8,15,,,845,23.1,5.6,,,,103.1,,44,127,3.6,0.3,0.277,,,5,99.1,500,,,reliable,
PHL Audio,5232Nd,8,15,,,845,22.7,5.6,,,,114.1,,46,105,1.7,0.36,0.297,,,4.3,98.1,500,,,reliable,
PHL Audio,5240,8,15,,,845,23.6,5.6,,,,103.3,,46,116,3.7,0.3,0.278,,,4.7,99.3,500,,,reliable,
PHL Audio,5241 M,8,15,,,845,24.3,5.6,,,,104.8,,48,105,1.6,0.3,0.253,,,3.9,99.4,500,,,reliable,
PHL Audio,5320,8,15,,,895.2,23.7,5.6,,,,109.8,,45,128,3.9,0.31,0.287,,,4.8,99.3,500,,,reliable,
PHL Audio,5321 Nd,8,15,,,892,23.2,5.6,,,,112,,41,150,2.9,0.3,0.272,,,5.2,98.9,500,,,reliable,
PHL Audio,5321M,8,15,,,892,23.2,5.6,,,,115.2,,40,153.3,3.61,0.3,0.277,,,5.5,98.7,500,,,reliable,
PHL Audio,5380,8,15,,,892,20.8,5.8,,,,81.1,,44,180,3.7,0.3,0.278,,,4.4,100.5,300,,,reliable,
PHL Audio,5380,8,15,,,892,20.9,5.43,,,,175.7,,36.6,120,6.28,0.5,0.463,,,5,94.4,300,,,reliable,
PHL Audio,5381M,8,15,,,892,21.1,5.8,,,,84.9,,43,180,3.8,0.3,0.278,,,4,100.2,300,,,reliable,
PHL Audio,5390,16,15,,,892,28.8,12.2,,,,81.1,,44,180,3.7,0.33,0.303,,,4.5,96.8,300,,,reliable,
PHL Audio,5510MNds,8,15,,,892,19.5,6.4,,,,107.1,,30,293,6.76,0.34,0.324,,,8.7,96.6,400,,,reliable,
PHL Audio,6030,8,15,,,891.8,26.8,5.6,,,,150.4,,38,130,4.5,0.28,0.264,,,7.2,97.6,1000,,,reliable,
PHL Audio,6031,8,15,,,871,28.1,5.6,,,,137,,41,117,4.16,0.25,0.236,,,6.3,98.6,1000,,,reliable,
PHL Audio,6050,8,15,,,892,25.2,4.1,,,,135.8,,40,130,4.3,0.22,0.209,,,5.1,100.7,700,,,reliable,
PHL Audio,6051,8,15,,,892,25,4.1,,,,137,,39,135.6,4.21,0.22,0.209,,,5.3,100.5,700,,,reliable,
PHL Audio,6090,8,15,,,892,26.4,5.6,,,,159.1,,35,145,5,0.28,0.265,,,7.9,97,1000,,,reliable,
PHL Audio,6121M,8,15,,,810,26.4,5.5,,,,157.6,,37,108,4.5,0.29,0.272,,,6.6,96.4,800,,,reliable,
PHL Audio,6121M-20,8,15,,,892,27.7,5,,,,156.1,,39,119,4,0.25,0.235,,,5.6,98.5,800,,,reliable,
PHL Audio,6201MNd,8,15,,,871,25.6,5.4,,,,150.2,,36,138.4,5.3,0.28,0.266,,,7.9,97.3,1000,,,reliable,
PHL Audio,6251MND,8,15,,,871,24.9,5.3,,,,147.6,,39,120,5.5,0.31,0.293,,,7.4,97.4,1000,,,reliable,
PHL Audio,6252MND,8,15,,,871,24.9,5.3,,,,147.6,,39,120,5.5,0.31,0.293,,,7.4,97.4,1000,,,reliable,
PHL Audio,6321MND,8,15,,,871,28,5.2,,,,155.4,,34,150,3.6,0.22,0.207,,,7.2,98.1,1000,,,reliable,
PHL Audio,7010,8,18,,,1280,26.9,5.6,,,,182.7,,35,260,4,0.31,0.288,,,7.7,99.1,1000,,,reliable,
PHL Audio,7030,8,18,,,1280,23.6,5.5,,,,193.6,,34,260,4.8,0.41,0.378,,,7.8,97.6,750,,,reliable,
PHL Audio,7050,8,18,,,1280,21,4.5,,,,172.7,,36,260,4.8,0.4,0.369,,,7.5,99.3,750,,,reliable,
PHL Audio,7070,8,18,,,1280,26.9,5.6,,,,182.7,,35,260,4,0.31,0.288,,,7.7,99.1,1000,,,reliable,
PHL Audio,7080,8,18,,,1280,22.8,5.6,,,,169.6,,33,315,4,0.38,0.347,,,8,98.3,750,,,reliable,
PHL Audio,7081,8,18,,,1282,22.6,5.6,,,,188.7,,34,267.6,5.81,0.44,0.409,,,7.5,97.3,750,,,reliable,
PHL Audio,7090,8,18,,,1280,22.6,5.5,,,,172.7,,36,260,4.8,0.42,0.386,,,8,98.2,1000,,,reliable,
PHL Audio,7090 v2012,8,18,,,1280,26.9,5.6,,,,193.6,,34,260,4.1,0.32,0.297,,,7.9,98.6,1000,,,reliable,
PHL Audio,7091,8,18,,,1280,26.9,5.6,,,,193.6,,34,260,4.1,0.32,0.297,,,5.6,98.6,500,,,reliable,
PHL Audio,7201ND,8,18,,,1250,24.9,5.3,,,,208.7,,34,230,5.5,0.38,0.355,,,8.5,97.5,1000,,,reliable,
PHL Audio,7321ND,8,18,,,1250,28.2,5.2,,,,221.5,,33,230,3.8,0.3,0.278,,,8.5,98.3,1300,,,reliable,
PHL Audio,7510,8,18,,,1280,23.5,5.6,,,,157,,36,286,3.6,0.36,0.327,,,6,99.2,500,,,reliable,
PHL Audio,7560,8,18,,,1280,22.3,5.6,,,,157,,36,286,3.6,0.4,0.36,,,6.3,98.8,500,,,reliable,
PHL Audio,B303-8 4230,8,12,,,530,20.7,5.6,,,,71.5,,40,87.2,3.7,0.234,0.22,,,5.8,97.3,450,,,reliable,
Phoenix Gold,RYVAL V12D,4,12,,,491,11.1,3.4,,,,116.1,,30,81.9,6.9,0.6,0.552,,,6.4,91.4,150,,,reliable,
Phoenix Gold,X MAX 10,4,10,,,360,11.7,3.36,,,,133.4,,23.1,64.5,4.89,0.48,0.437,,,11.3,88,300,,,reliable,
PHY-HP,HB30LB15,16,12,,,435,10.8,13.8,,,,23.1,,36,224,6.6,0.62,0.567,,,3,91.9,50,,,reliable,
PHY-HP,HB30LB15SAG,16,12,,,435,10.8,13.8,,,,23.1,,36,224,6.6,0.62,0.567,,,3,91.9,50,,,reliable,
PHY-HP,KM30,16,12,,,435,10.8,13.8,,,,23.1,,36,224,6.6,0.62,0.567,,,3,91.9,50,,,reliable,
PHY-HP,KM30SAG,16,12,,,435,10.8,13.8,,,,23.1,,36,224,6.6,0.62,0.567,,,3,91.9,50,,,reliable,
Pioneer,8102,4,15,,,918,32.4,3,,,,792.6,,23.2,70.1,5.27,0.33,0.311,,,14.4,90.5,4000,,,reliable,
Pioneer,A30GU30-55D,4,12,,,517,12.1,3.6,,,,59.5,,24,277,4.05,0.22,0.209,,,3.1,97.9,150,,,reliable,
Pioneer,PAX30G,16,12,,,552,15.1,13.5,,,,67,,36.4,122.3,8.473,0.903,0.816,,,3,87.8,60,,,reliable,
Pioneer,PAX30G,16,12,,,552,15.6,13.5,,,,65.8,,42.1,92.7,9.216,0.972,0.879,,,3,88.2,60,,,reliable,
Pioneer,TS-A2503i,4,12,,,506,6.8,3.39,,,,33.4,,41,162,7.19,0.63,0.579,,,5,98.2,80,,,reliable,
Pioneer,TS-A30S4,4,12,,,576,12.2,3.4,,,,136.7,,39.2,56.1,8,0.767,0.7,,,6.6,92.1,400,,,reliable,
Pioneer,TS-ME100WS,4,10,,,320,8.8,3.8,,,,52,,48,26.9,16.24,0.86,0.82,,,9.6,84,300,,,reliable,
Pioneer,TS-SW1241D(PREMIER),4,12,,,407,16.65,3.3,,,,280,,33.1,19.51,11.73,0.78,0.73,,,6.35,81.4,350,,,reliable,
Pioneer,TS-SW124D(PREMIER),4,12,,,403,17.04,3.94,,,,207,,31.7,28.062,38.54,0.56,0.55,,,8.6,83.9,300,,,reliable,
Pioneer,TS-SW2501S4,4,10,,,350,13.9,3,,,,244.7,,41.6,10.3,13.21,1,0.93,,,3.6,84.9,300,,,reliable,
Pioneer,TS-SW2502S4,4,10,,,400,12,3,,,,171,,42,18.5,12.04,1.05,0.97,,,6.5,83,300,,,reliable,
Pioneer,TS-SW251,4,10,,,309,11.8,3,,,,206.6,,41.3,9.75,9.9,1.15,1.09,,,6.6,79.6,200,,,reliable,
Pioneer,TS-SW2541D,4,10,,,293,13.7,3.6,,,,197,,43.5,8.25,11.3,1.04,0.95,,,6,80,250,,,reliable,
Pioneer,TS-SW3001S2,2,12,,,495,11.9,1.5,,,,357.7,,36.8,18,13.21,0.88,0.825,,,4.4,89.3,400,,,reliable,
Pioneer,TS-SW3002S4,4,12,,,578,17,3,,,,243,,35,35.4,13.01,0.64,0.61,,,8.8,93,400,,,reliable,
Pioneer,TS-SW301,4,12,,,435,13.1,3.2,,,,281,,34.9,19.87,9,1.14,1.012,,,10.8,80.5,250,,,reliable,
Pioneer,TS-W106M,4,10,,,349,12.1,3.6,,,,124.7,,32.7,32.2,22.4,0.68,0.66,,,6.3,92,250,,,reliable,
Pioneer,TS-W10C,4,10,,,357,8.915,3.56,,,,90.8545,,30.9,50.6867,9.197,0.791,0.728,,,6.604,84.6,100,,,reliable,
Pioneer,TS-W1200PRO,8,12,,,530.9,24.9,7,,,,137.2,,40,45.6,10.7,0.39,0.376,,,5.8,91.3,450,,,reliable,
Pioneer,TS-W1201C,4,12,,,495,15.2,3,,,,184.3,,20,118,9.48,0.3,0.291,,,9.2,91.2,500,,,reliable,
Pioneer,TS-W126C(PREMIER),4,12,,,490,13.92,2.79,,,,146,,32.6,55.614,10.82,0.43,0.42,,,8.7,88.4,400,,,reliable,
Pioneer,TS-W126M,4,12,,,513,10.3,3.6,,,,153.9,,24.6,102.099,15.6,0.85,0.81,,,11.7,96,300,,,reliable,
Pioneer,TS-W12PRS,4,12,,,456,13.5,3.6,,,,137.8,,24,93,9,0.41,0.392,,,10.3,90.4,300,,,reliable,
Pioneer,TS-W1RS,4,12,,,510.7,10.9,3.3,,,,75.9,,40.2,75.5,16.36,0.533,0.516,,,4.2,95.5,100,,,reliable,
Pioneer,TS-W2501D4,4,10,,,310,19.6,3.3,,,,361.5,,38.8,6.3,14.16,0.76,0.721,,,6,82.7,800,,,reliable,
Pioneer,TS-W2502D2,2,10,,,313.6,14.9,1.5,,,,465.4,,34.7,6.2,14.73,0.69,0.659,,,6.3,85,800,,,reliable,
Pioneer,TS-W250R,4,10,,,349,8.7,3,,,,74.2,,31.4,59.88,8.5,0.591,0.552,,,5.2,86.8,120,,,reliable,
Pioneer,TS-W251R,4,12,,,338,8.65,3.58,,,,84.7,,28.9,57.86,9.13,0.735,0.68,,,7.8,84.6,120,,,reliable,
Pioneer,TS-W252PRS,4,10,,,340,16,2.5,,,,162.2,,29,30.1,10.8,0.29,0.282,,,7,91.1,400,,,reliable,
Pioneer,TS-W254F,4,10,,,340,8,3,,,,73.9,,39.2,36.2,6.836,0.862,0.765,,,9.7,90.3,500,,,reliable,
Pioneer,TS-W254R,4,10,,,344,7.3,3,,,,55.1,,33.5,68,12.8,0.65,0.619,,,10.7,92.2,250,,,reliable,
Pioneer,TS-W255C,4,10,,,314,14.5,3,,,,114.9,,35,24.9,15.28,0.359,0.351,,,6.6,91,350,,,reliable,
Pioneer,TS-W257D4 DVC,2,10,,,350,10,1.5,,,,152.1,,39.7,18.2,12.94,0.57,0.546,,,5.3,92.2,300,,,reliable,
Pioneer,TS-W261D4,4,10,,,344,7.6,2,,,,112.2,,46,17.7,15.49,1.12,1.044,,,8.4,89.9,1200,,,reliable,
Pioneer,TS-W3002D2,2,12,,,437.4,16.9,1.5,,,,578.5,,30,13.1,15.06,0.57,0.549,,,4.8,87.2,400,,,reliable,
Pioneer,TS-W3003D4,4,12,,,517,12.6,2,,,,223.9,,35,34.6,11.5,0.62,0.588,,,6.2,91.8,400,,,reliable,
Pioneer,TS-W300R,4,12,,,517,9.7,3,,,,117.1,,29.5,93.2,9.417,0.694,0.646,,,6.8,91.6,150,,,reliable,
Pioneer,TS-W302F,4,12,,,511,8.9,3,,,,78.7,,33.4,105.6,17.757,0.621,0.6,,,6,94.3,150,,,reliable,
Pioneer,TS-W303C,4,12,,,498,10.3,3,,,,82.1,,24,186.2,11.221,0.353,0.342,,,6,94.9,160,,,reliable,
Pioneer,TS-W303R,4,12,,,471,10.2,3.3,,,,157.2,,24.1,86.3,3.94,0.76,0.637,,,5,87.8,250,,,reliable,
Pioneer,TS-W304R,4,12,,,520,10.5,3,,,,150.7,,28.6,77.9,13.3,0.74,0.701,,,4.7,90.2,300,,,reliable,
Pioneer,TS-W305C,4,12,,,460,15.6,3,,,,136.6,,32.7,51.5,15.095,0.348,0.34,,,7.1,93.4,400,,,reliable,
Pioneer,TS-W305C,4,12,,,452.4,15.2,2.97,,,,116.3,,34,54,11.46,0.32,0.311,,,6.8,94.5,400,,,reliable,
Pioneer,TS-W306C,4,12,,,460,13.5,3,,,,127.2,,32.6,55.6,10.82,0.43,0.414,,,8.1,92.8,400,,,reliable,
Pioneer,TS-W306DVC,8,12,,,460,18.2,6,,,,134.1,,32.9,51.8,10.8,0.5,0.478,,,8.3,88.9,400,,,reliable,
Pioneer,TS-W306R,4,12,,,515,9.9,3.6,,,,152.4,,24.6,102.1,15.6,0.86,0.815,,,11.6,87.9,350,,,reliable,
Pioneer,TS-W307D2,2,12,,,460,10.5,1.5,,,,154.9,,33.9,42.2,13.17,0.45,0.435,,,7.1,94.9,400,,,reliable,
Pioneer,TS-W307D4,4,12,,,460,13.6,3,,,,151.8,,34.8,40.9,13.99,0.54,0.52,,,7.4,91.3,400,,,reliable,
Pioneer,TS-W308D4,4,12,,,517,15.7,3.2,,,,229.9,,34.5,34.7,16.43,0.65,0.625,,,6.4,89.4,400,,,reliable,
Pioneer,TS-W309D4,8,12,,,518.8,17.8,5.8,,,,204.4,,37.2,33.8,11.86,0.87,0.811,,,5.7,86.4,400,,,reliable,
Pioneer,TS-W310,4,12,,,494.8,9.7,3,,,,161.1,,41,32.1,9.18,1.33,1.162,,,4.3,88.5,400,,,reliable,
Pioneer,TS-W310D4,8,12,,,518.8,17.4,5.8,,,,186.6,,37,37.4,12.3,0.83,0.778,,,6.2,87,400,,,reliable,
Pioneer,TS-W310S4,4,12,,,518.8,14.5,2.9,,,,220.3,,35,35.4,11.93,0.67,0.634,,,6.3,89.9,400,,,reliable,
Pioneer,TS-W311D4,4,12,,,520,9.2,2,,,,158.8,,43,32.7,13.79,1.02,0.95,,,4.8,92.1,400,,,reliable,
Pioneer,TS-W311S4,4,12,,,520,11.7,3,,,,145.1,,42,37.5,14.96,0.84,0.795,,,5.8,91.4,400,,,reliable,
Pioneer,TS-W383F,4,15,,,851,9.6,3,,,,124,,32.3,198.8,11.302,0.824,0.768,,,3.3,95.3,200,,,reliable,
Pioneer,TS-W5102SPL,2,12,,,480,16.3,1.5,,,,340.2,,30,26.7,7.6,0.36,0.344,,,12.6,92.3,2500,,,reliable,
Pioneer,TS-WS303F,4,10,,,344,9,3.2,,,,58.6,,32,70,3.52,0.47,0.415,,,7.3,92.8,160,,,reliable,
Pioneer,VINTAGE VERSION,4,12,,,504,9.1,3,,,,101.8,,25.7,134.2,9.542,0.59,0.556,,,7.2,92.1,100,,,reliable,
Polk Audio,DB10 (OLD),4,10,,,307,15,3.71,,,,148,,26.7,31.998,4.91,0.409,0.376,,,8.7,83.6,300,,,reliable,
Polk Audio,DB1040,4,10,,,350,12.9,3.5,,,,126.9,,35,28.3,9.1,0.585,0.55,,,7.5,85,270,,,reliable,
Polk Audio,DB1240,4,12,,,520,14.7,3.5,,,,150.5,,30,71.85,10.4,0.459,0.44,,,7.5,88.1,360,,,reliable,
Polk Audio,DX10-4,4,10,,,329,13.4,3.7,,,,141.4,,28.7,33.4,7,0.53,0.49,,,8.7,83.6,300,,,reliable,
Polk Audio,MM100,4,10,,,330,15.5,3.7,,,,145.4,,35,22.1,8.41,0.49,0.46,,,8.7,84.7,400,,,reliable,
Powerbass,L-104D 10,2,10,,,320.5,8.9,1.6,,,,105,,31.5,35,6.1,0.42,0.393,,,8.4,93.1,350,,,reliable,
Powerbass,L-124D 12,2,12,,,471,9.3,1.6,,,,158.8,,29,59,5.2,0.54,0.489,,,9,93.2,400,,,reliable,
Powerbass,M-124,4,12,,,511,13.26,3.2,,,,139,,29.15,77.3,3.6,0.463,0.41,,,9.5,88,375,,,reliable,
Powerbass,M-1504,4,15,,,767,14.86,3.33,,,,239.8,,22,181.7,3.81,0.5,0.442,,,11,87.7,425,,,reliable,
Powerbass,S-1204D,4,12,,,511,9.1,1.59,,,,150.5,,31,65,4.5,0.563,0.5,,,9.5,87.2,300,,,reliable,
Powerbass,S-12T,4,12,,,531,13,3.2,,,,186.3,,34.4,45.92,3.9,0.758,0.634,,,6.9,85.8,300,,,reliable,
Powersoft,22''-3MM M-FORCE 01 STRAIGHT,0.5,21.5,,,1660,23.5,0.26,,,,1382.8,,29.7,80,6.021,0.122,0.12,,,4.8,109.2,5000,,,reliable,
Powersoft,22''-3MM M-FORCE 02 REVERSED,0.25,21.5,,,1660,23.4,0.19,,,,1382.8,,29.7,80,6.021,0.09,0.089,,,4,111.9,5000,,,reliable,
Powersoft,30''-3MM M-FORCE 01 STRAIGHT,0.5,31.5,,,3420,24,0.26,,,,2001,,30,230,7.267,0.171,0.167,,,4.8,112.5,5000,,,reliable,
Powersoft,30''-3MM M-FORCE 02 STRAIGHT,0.25,31.5,,,3420,23.9,0.19,,,,2001,,30,230,7.275,0.126,0.124,,,4,115.2,5000,,,reliable,
Powersoft,30''-4MM M-FORCE 01 REVERSED,0.5,31.5,,,3420,24.2,0.26,,,,2382.8,,32,170,8.367,0.212,0.207,,,4.6,111.1,5000,,,reliable,
Powersoft,30''-4MM M-FORCE 01 SHORT,0.5,31.5,,,3420,24.2,0.26,,,,2382.8,,32,170,8.367,0.212,0.207,,,4.6,111.1,5000,,,reliable,
Powersoft,30''-4MM M-FORCE 01 STRAIGHT,0.5,31.5,,,3420,24.2,0.26,,,,2382.8,,32,170,8.367,0.212,0.207,,,4.6,111.1,5000,,,reliable,
Powersoft,30''-4MM M-FORCE 02 REVERSED,0.25,31.5,,,3420,24.2,0.19,,,,2382.8,,32,170,8.367,0.156,0.153,,,3.8,113.8,5000,,,reliable,
Powersoft,30''-4MM M-FORCE 02 SHORT,0.25,31.5,,,3420,24.2,0.19,,,,2382.8,,32,170,8.367,0.156,0.153,,,3.8,113.8,5000,,,reliable,
Powersoft,30''-4MM M-FORCE 02 STRAIGHT,0.25,31.5,,,3420,24.2,0.19,,,,2382.8,,32,170,8.367,0.156,0.153,,,3.8,113.8,5000,,,reliable,
Powersoft,40''-4MM M-FORCE 01 STRAIGHT,0.5,39.5,,,5810,24,0.26,,,,3345.1,,26.8,500,10.008,0.253,0.247,,,5.6,112.6,5000,,,reliable,
Powersoft,40''-4MM M-FORCE 02 REVERSED,0.25,39.5,,,5810,23.9,0.19,,,,3345.1,,26.8,500,10.008,0.187,0.184,,,4.7,115.3,5000,,,reliable,
Precision Devices,153ERC002,8,15,,,853,18.5,5.6,,,,68,,38,263,4.03,0.265,0.249,,,6.8,100.9,550,,,reliable,
Precision Devices,1550/2,8,15,,,908,26.4,6.6,,,,108.9,,46.2,126,13.87,0.3,0.294,,,5.3,99,600,,,reliable,
Precision Devices,184C002,8,18,,,1152,20,5.2,,,,109.9,,40,268,5.67,0.36,0.339,,,8.5,100.6,900,,,reliable,
Precision Devices,900 Series PD915,8,15,,,881.41,24.94,5.77,,,,115.95,,42.9,129.52,7.31,0.29,0.28,,,6,97,600,,,reliable,
Precision Devices,P12/150,8,12,,,531,16.8,6.1,,,,48.1,,51,80,6.18,0.335,0.318,,,2.3,98.2,150,,,reliable,
Precision Devices,PC.15DS,8,15,,,790,28.2,7.2,,,,155.4,,48,61.8,7.247,0.424,0.401,,,6.9,94.5,1200,,,reliable,
Precision Devices,PD 102ER,8,10,,,346,11.7,6.2,,,,24.4,,81.8,26,6.37,0.57,0.523,,,1.3,97.1,100,,,reliable,
Precision Devices,PD 121,8,12,,,530,23.1,5.7,,,,53.1,,59,54,4.96,0.21,0.201,,,2.7,100.7,300,,,reliable,
Precision Devices,PD 122,8,12,,,550,22.7,5.9,,,,64.8,,42.9,90,10.81,0.2,0.196,,,4.7,98.8,400,,,reliable,
Precision Devices,PD 1225C001,8,12,,,549.9,17.2,5.2,,,,45.3,,39,156,5.9,0.195,0.189,,,5.6,100.6,300,,,reliable,
Precision Devices,PD 123C001,8,12,,,547,24.2,5.5,,,,71.1,,35,122,7.5,0.147,0.144,,,6.4,99.1,600,,,reliable,
Precision Devices,PD 123ER,8,12,,,530,20.9,5.6,,,,53.4,,60.5,51,6.62,0.26,0.25,,,2.5,99.9,400,,,reliable,
Precision Devices,PD 123ER v2024,8,12,,,530.9,21.5,6.74,,,,58.8,,55.9,54.5,13.03,0.3,0.293,,,2.5,97.7,400,,,reliable,
Precision Devices,PD 124NR1,8,12,,,540,19.4,6.1,,,,62.8,,58,49,8.2,0.37,0.354,,,7.4,97.3,1100,,,reliable,
Precision Devices,PD 152,8,15,,,890,23,5.7,,,,103.4,,40,170,5.25,0.28,0.266,,,5.1,99.3,400,,,reliable,
Precision Devices,PD 153ER,8,15,,,830,24.7,5.7,,,,100.5,,39,160,4.45,0.23,0.219,,,4.8,99.6,400,,,reliable,
Precision Devices,PD 153ER v2018,8,15,,,855.3,22.3,5.87,,,,74.2,,40,218.8,8.65,0.22,0.215,,,5.4,101.4,400,,,reliable,
Precision Devices,PD 154,8,15,,,890,29.5,6.2,,,,124.1,,39,149,4.32,0.216,0.206,,,4.6,99.2,500,,,reliable,
Precision Devices,PD 1550 v2015,8,15,,,907.9,26.3,6.59,,,,108.6,,46.2,126.4,13.87,0.3,0.294,,,5.3,99,600,,,reliable,
Precision Devices,PD 155N01,8,15,,,907.9,26.9,6.42,,,,127.4,,45,113.4,13.41,0.32,0.313,,,5.7,98,700,,,reliable,
Precision Devices,PD 156,8,15,,,800,18.4,5.74,,,,75.2,,50.2,120.2,6.94,0.4,0.378,,,6.6,99.2,650,,,reliable,
Precision Devices,PD 156 v2014,8,15,,,908,21.1,5.69,,,,124.1,,50.3,93.4,7.45,0.5,0.469,,,5.7,97.2,650,,,reliable,
Precision Devices,PD 15BR40,8,15,,,855.3,19.2,4.97,,,,109.5,,38.7,158.3,6.13,0.36,0.34,,,7.9,98.1,700,,,reliable,
Precision Devices,PD 182,8,18,,,1150,25.2,5.9,,,,153.2,,28,391,4.85,0.25,0.238,,,8.2,98.7,600,,,reliable,
Precision Devices,PD 184,8,18,,,1164,24.3,5.36,,,,141.9,,33.4,304,16.47,0.27,0.266,,,7.2,99.9,600,,,reliable,
Precision Devices,PD 1845-1N,8,18,,,1158.1,26.5,4.7,,,,232.7,,34.1,176,10.961,0.333,0.323,,,9.5,97.5,1500,,,reliable,
Precision Devices,PD 184C01,8,18,,,1164.2,25,4.81,,,,158.6,,30,337.1,15.2,0.23,0.227,,,7.8,100.2,700,,,reliable,
Precision Devices,PD 1851/2,8,18,,,1164.2,30.3,5.23,,,,218.7,,37,160.5,18.49,0.29,0.286,,,6.7,98.3,1000,,,reliable,
Precision Devices,PD 1852,8,18,,,1164,31.8,5.87,,,,232.9,,40,129.1,11.18,0.34,0.33,,,6.2,97.2,1000,,,reliable,
Precision Devices,PD 185N002,8,18,,,1163,24.7,5.4,,,,164,,36,226,3.1,0.329,0.297,,,7.8,98.7,1000,,,reliable,
Precision Devices,PD 185N01,8,18,,,1164.2,25,5,,,,217.6,,35.6,174.5,21.47,0.39,0.383,,,8.4,97.1,1000,,,reliable,
Precision Devices,PD 185NR1,8,18,,,1164,40.3,5.4,,,,408,,34,102,6.17,0.29,0.277,,,6.3,95.1,1400,,,reliable,
Precision Devices,PD 186,8,18,,,1150,22.9,5.5,,,,182.5,,27,353,7.75,0.326,0.313,,,10.2,96.9,700,,,reliable,
Precision Devices,PD 186/2,8,18,,,1134.1,22.2,6.19,,,,203.4,,34.2,192.2,10.77,0.55,0.523,,,8.7,94.5,700,,,reliable,
Precision Devices,PD 18BR40,8,18,,,1134.1,21.9,5.11,,,,163.9,,30,309,10.21,0.33,0.32,,,9.3,98,700,,,reliable,
Precision Devices,PD 24603BR,8,25,,,2239,39.2,5.3,,,,433.8,,34,355,9.92,0.32,0.31,,,7.1,100.2,1600,,,reliable,
Precision Devices,PD 915,8,15,,,881.4,24.9,5.77,,,,115.7,,42.9,129.5,7.31,0.29,0.279,,,5.5,98.9,600,,,reliable,
Precision Devices,PD.1850/2,8,18,,,1164,31,5.2,,,,215.2,,33.1,203.84,15.4,0.24,0.24,,,11.1,96.7,800,,,reliable,
Precision Devices,PD.185N02,8,18,,,1182,30.6,4.7,,,,219.9,,35.2,178.28,22.1,0.25,0.24,,,12,96.8,1100,,,reliable,
Precision Devices,PD102 ER,16,10,,,346,11.76,6.2,,,,24,,81.8,26,6.37,0.569,0.523,,,5,98,100,,,reliable,
Precision Devices,PD107,16,10,,,346,24.21,5.5,,,,37.41,,74.4,20.78,4.43,0.164,0.158,,,2.5,99,300,,,reliable,
Precision Devices,PD121,16,12,,,530,23.36,5.7,,,,54,,59,54,4.96,0.209,0.201,,,5,100,300,,,reliable,
Precision Devices,PD122,16,12,,,550,22.9,5.9,,,,65,,42.9,90,10.81,0.197,0.194,,,5.5,98,400,,,reliable,
Precision Devices,PD123 ER,16,12,,,530,21.49,5.6,,,,54,,60.5,51,6.62,0.257,0.247,,,6.5,97,400,,,reliable,
Precision Devices,PD152,16,15,,,890,22.9,5.7,,,,104,,40,170,5.25,0.284,0.269,,,5.5,99,400,,,reliable,
Precision Devices,PD153 ER,16,15,,,830,24.55,5.7,,,,101,,39,160,4.45,0.234,0.222,,,6.5,99,400,,,reliable,
Precision Devices,PD154,16,15,,,890,29.65,6.2,,,,125,,39,149,4.32,0.216,0.205,,,6.5,99,500,,,reliable,
Precision Devices,PD184,16,18,,,1150,23.04,5.9,,,,138,,27,473,9.6,0.26,0.253,,,9.5,97,600,,,reliable,
Precision Devices,PD186,16,18,,,1150,22.94,5.5,,,,184,,27,353,7.75,0.326,0.312,,,8,97,700,,,reliable,
Precision Devices,PD918,8,18,,,1225.42,20.9,5.73,,,,103.98,,34.98,419.98,5.78,0.3,0.28,,,7,98,600,,,reliable,
Precision Devices,PDN 10MH25,8,10,,,346.4,21.8,5.87,,,,37.2,,79.7,18,6.22,0.229,0.221,,,2.4,99.3,300,,,reliable,
Precision Devices,PDN 12MH25,8,12,,,530.9,22,5.74,,,,50.4,,58.2,58.7,5.811,0.219,0.211,,,2.6,100.6,300,,,reliable,
Precision Devices,PDN 12SB40,8,12,,,530.9,19.5,5.44,,,,99.6,,47.2,45.1,4.166,0.421,0.382,,,6,94.2,600,,,reliable,
Precision Devices,PDN 15BR40,8,15,,,855.4,17,5.11,,,,90.8,,35.7,224.8,5.727,0.359,0.338,,,9.8,98.5,700,,,reliable,
Precision Devices,PDN 15BR40-V2,8,15,,,829.6,19.2,5.13,,,,113.4,,39.2,140.1,10.77,0.39,0.376,,,8.2,97.3,700,,,reliable,
Precision Devices,PDN 15SB40,8,15,,,829.6,26.2,5.2,,,,104.8,,50,93.2,8.87,0.25,0.243,,,4.3,100.5,600,,,reliable,
Precision Devices,PDN 18SB40,8,18,,,1134,25.7,6.02,,,,152.9,,38.5,201.3,10.52,0.336,0.326,,,6,98.6,600,,,reliable,
Precision Devices,PDN 2151,8,21.5,,,1698.2,35.9,5.35,,,,341.5,,31.4,303.4,18.3,0.28,0.276,,,6.7,99,1000,,,reliable,
Precision Devices,PDN 2450,8,25,,,2290,34.2,5.58,,,,395.6,,32,459.7,7.8,0.38,0.362,,,6.9,99.5,1000,,,reliable,
Princeps,28CP,16,10,,,344,13.1,11.38,,,,81.7,,24.2,88.1,2.359,0.828,0.613,,,4,82.2,30,,,reliable,
PRV Audio,10FR300,,,,,394,9.78,5.4,0.27,,,32.1,,60.12,47.4,15.57,0.68,0.65,,,4,100,300,,,reliable,
PRV Audio,10MB1000FT,8,10,,,380,14.49,5.3,0.26,,,28.1,,75,32.28120511,12.41,0.33,0.32,0.16,,5.87,,500,,,reliable,
PRV Audio,10MB500,8,10,,,363.1,15.1,6.67,,,,39.8,,50.5,46.2,2.05,0.37,0.313,,,4.3,94.8,250,,,reliable,
PRV Audio,10MB800FT,8,10,,,380,14.39,5.1,0.4,,,33.2,,64.72,36.5287321,15.39,0.33,0.32,0.182,,3.5,,400,,,reliable,
PRV Audio,10MR1000,8,10,,,363.1,18.6,7.1,,,,43.1,,59.2,31,14.71,0.33,0.323,,,5,95.4,500,,,reliable,
PRV Audio,10MR1200X,8,10,,,394,17.5,5.1,0.52,,,33.3,,86.9,21.80397188,6.97,0.3,0.29,0.1,,2.5,,600,,,reliable,
PRV Audio,10MR650A-4,4,10,,,398,9.96,3.1,0.28,,,32.94,,62.1,43.89111222,15.58,0.4,0.39,0.199,,5.22,,650,,,reliable,
PRV Audio,10MR650A-NDY,8,10,,,380,12.74,5.1,0.39,,,32.24,,62.4,40.77625909,10.23,0.4,0.38,0.202,,3.5,,650,,,reliable,
PRV Audio,10W1000-NDY,8,10,,,380,12.73,5.1,0.64,,,33.93,,62.12,38.99229776,11.57,0.42,0.4,0.193,,6.5,,500,,,reliable,
PRV Audio,10W650A-4,4,10,,,415,11.23,3.7,0.57,,,33.1,,66.88,41.34259602,16.07,0.4,0.39,0.17,,4,,325,,,reliable,
PRV Audio,12MB1000FT-4,4,12,,,573,14.52,3.5,0.71,,,58.23,,45.67,95.42777302,8.55,0.28,0.27,0.209,,6.13,,1000,,,reliable,
PRV Audio,12MB2000FT-NDY,8,12,,,585,17.74,5.1,0.813,,,55.69,,55.1,71.35845341,10.3,0.31,0.3,0.149,,6,,2000,,,reliable,
PRV Audio,12MR1200X,8,12,,,552,22,5.8,0.23,,,54.3,,52.5,71.92479034,8.56,0.21,0.21,0.169,,4.5,,600,,,reliable,
PRV Audio,12MR2000,8,12,,,573,21.25,6.3,0.83,,,67.39,,57.23,52.3861662,23.84,0.34,0.33,0.114,,6.62,,1000,,,reliable,
PRV Audio,12MR2000X v2,8,12,,,573,23.19,5.4,0.43,,,69.86,,64.7,39.64358523,17.19,0.28,0.28,0.086,,6.6,,1000,,,reliable,
PRV Audio,12MR2000X-NDY,8,12,,,573,22.7,5.4,0.4,,,71.5,,67.2,35.96239517,16.7,0.32,0.31,0.078,,6.1,,1000,,,reliable,
PRV Audio,12W1600,8,12,,,594,20.35,5.1,1.26,,,101.16,,51.2,47.00596534,14.98,0.4,0.39,0.095,,10.5,,800,,,reliable,
PRV Audio,15SW2000,4.0,15,,,935,18.29,3.1,0.94,,,167.1,,46.8,84.43,17.11,0.45,0.44,0.069,,12.5,96,2000,,,reliable,
PRV Audio,15SW2000,,,,,908,23.19,5.5,1.51,,,169.1,,52.9,84.43,16.54,0.57,0.55,,,12.5,96,2000,,,reliable,
PRV Audio,15W 700,8,15,,,935,14,6.4,,,,100.3,,31.7,308.1,16.27,0.65,0.625,,,6.9,94.7,350,,,reliable,
PRV Audio,15W1600,8,15,,,883,24.1,5.5,,,,123.7,,50.5,87.9,11.343,0.37,0.358,,,5.6,98.5,800,,,reliable,
PRV Audio,15W1600,,,,,984,24.13,5.8,1.78,,,130.8,,53.6,91.19,13.77,0.44,0.42,,,7,97,1600,,,reliable,
PRV Audio,15W1800,,,,,962,23.16,5.1,1.5,,,159,,45.3,100.4,14.6,0.43,0.42,,,9.5,96.5,1800,,,reliable,
PRV Audio,18SW2400,8,18,,,1290,22.5,5.6,1.54,,,231.2,,36.3,192.5545568,15.57,0.58,0.56,0.083,,12.5,,1200,,,reliable,
PRV Audio,18SW2400,,,,,1290,22.5,5.6,1.54,,,231.2,,36.3,192.8,15.57,0.58,0.56,,,12.5,97,2400,,,reliable,
PRV Audio,18SW3000,8,18,,,1195,31.1,5.18,,,,238.2,,43.7,111.3,14.39,0.35,0.342,,,6.7,98.1,1500,,,reliable,
PRV Audio,18SW3600,8,18,,,1340,27.11,5.5,3.06,,,254,,35.4,199.3506,9.64,0.42,0.4,0.079,,13.25,,,,,reliable,
PRV Audio,18SW3600,,,,,1340,25.53,5.6,2.75,,,215.1,,32.5,279.7,10.72,0.38,0.36,,,13.25,97,3600,,,reliable,
PRV Audio,3MR40-NDY,4.0,3,,,33.2,2.93,3.4,0.01,,,2.62,,153.2,0.63,3.41,0.99,0.77,0.443,,1.4,91,40,,,reliable,
PRV Audio,4MR60,4.0,4,,,57,3.42,3.6,0.2,,,4.32,,89.88,3.26,7.34,0.75,0.68,0.725,,2.87,90,60,,,reliable,
PRV Audio,5MR450-NDY,8,5,,,95,9.42,6.9,0.03,,,8.6,,159,1.41584233,22.26,0.66,0.64,0.116,,3.45,,225,,,reliable,
PRV Audio,69FR250-4,4,,,,200,6.1,3.5,0.16,,,15.1,,81.1,10.19406477,15.28,0.74,0.7,0.18,,3.5,,125,,,reliable,
PRV Audio,69MR500CF-NDY-4,4,,,,216,10.92,3.4,0.05,,,22.34,,91,8.948123523,15.81,0.36,0.35,0.136,,3.25,,500,,,reliable,
PRV Audio,69MR500PhP-4,4,,,,231,6.8,3.7,0.14,,,14.76,,91.74,15.29109716,14.2,0.68,0.65,0.204,,2.87,,250,,,reliable,
PRV Audio,6CX380-4SLIM,,,,,143,5.11,3.6,0.113,,,8.77,,111.7,6.61,8.6,0.84,0.77,,,2.75,96,380,,,reliable,
PRV Audio,6FR200,,,,,143,5.17,6.4,0.264,,,8.37,,111.7,6.93,15.69,1.4,1.29,,,3.5,92.5,200,,,reliable,
PRV Audio,6MB100-4,4,6.5,,,143,4.33,3.8,0.22,,,11.53,,93.2,6.796043182,5.75,1.37,1.1,0.252,,2.75,,100,,,reliable,
PRV Audio,6MB200 V2,8,6,,,154,7.05,6.7,0.25,,,11.57,,123.28,4.247526989,20.81,1.2,1.13,0.144,,4.8,,100,,,reliable,
PRV Audio,6MB200-4 V2,4,6,,,154,5.79,3.7,0.18,,,11.89,,123.79,3.964358523,20.84,1.02,0.97,0.139,,4.8,,100,,,reliable,
PRV Audio,6MB400,8,6.5,,,147,8.26,6.1,0.53,,,9.8,,117.4,5.663369318,8.97,0.64,0.6,0.187,,4,,400,,,reliable,
PRV Audio,6MB550FT-4,4,6,,,143,8.63,3.3,0.3,,,14.78,,86.27,6.569508409,6.65,0.35,0.34,0.23,,5.4,,275,,,reliable,
PRV Audio,6MR200A,8,6,,,137,6.27,5.5,0.26,,,10.1,,144.1,3.114853125,13.16,1.28,1.17,0.12,,2.62,,100,,,reliable,
PRV Audio,6MR200A,,,,,137,6.27,5.5,0.26,,,10.1,,144.1,3.16,13.16,1.28,1.17,,,2.62,94,200,,,reliable,
PRV Audio,6MR400SEAL PRO,8,6.5,,,149,8.15,6.4,1.21,,,9.51,,356.9,18.43426713,12.4,2.05,1.76,,,3.5,,400,,,unreliable,"fs_inconsistent: stated=356.9 Hz, computed=67.4107 Hz, difference=81.11% (limit 20%)"
PRV Audio,6MR500-NDY,8,6.5,,,143,9.84,6.2,0.12,,,12.88,,104.6,5.097032387,22.73,0.54,0.53,,,4.22,,250,,,reliable,
PRV Audio,6MR500-NDY-4,4,6.5,,,143,8.77,3.8,0.05,,,14.14,,99.8,5.097032387,23.1,0.47,0.43,0.18,,4.42,,250,,,reliable,
PRV Audio,6MR600X-NDY-4,4,6,,,143,12.66,3.4,0.005,,,15.45,,95.2,5.23861662,12.54,0.2,0.19,0.18,,3.5,,600,,,reliable,
PRV Audio,8FR250,8,8,,,227,6.53,6.6,0.275,,,15,,75.6,21.2093181,14.07,1.1,1.02,0.294,,2,,125,,,reliable,
PRV Audio,8FR250,,,,,227,6.53,6.6,0.275,,,15,,75.6,21.2,14.07,1.1,1.02,,,3.5,93.5,250,,,reliable,
PRV Audio,8MB450 v2,8,8,,,241,7.37,6.3,0.25,,,20.14,,74.7,18.12278182,26.56,1.09,1.05,0.225,,4.5,,225,,,reliable,
PRV Audio,8MB500,8,8,,,241,8.66,6.1,0.29,,,21.91,,69.4,19.36872307,21.86,0.78,0.75,0.24,,4.5,,500,,,reliable,
PRV Audio,8MB700FT,8,8,,,249,12.25,5.2,0.46,,,20.94,,72.3,19.99169369,6.01,0.33,0.31,0.231,,3.5,,700,,,reliable,
PRV Audio,8MB700FT-NDY-4,4,8,,,249,11.3,3.3,0.266,,,24.67,,59.6,24.94714185,3.81,0.24,0.22,0.288,,3.75,,700,,,reliable,
PRV Audio,8MR400,8,8,,,222,8.15,5.4,0.42,,,14.05,,78.2,20.21822847,8.52,0.56,0.52,0.295,,4,,400,,,reliable,
PRV Audio,8MR600X,8,8,,,241,10.54,5.7,0.49,,,17.31,,76.9,20.10496108,7.07,0.43,0.4,0.25,,5.25,,300,,,reliable,
PRV Audio,8MR600X-NDY,8,8,,,232,15.17,6.3,0.03,,,19.73,,87.6,12.57267989,17.78,0.3,0.29,0.167,,3.75,,600,,,reliable,
PURIFI,PTT10.0X04-NAB-01,4,,,,360,12.8,3.9,0.62,,,98,,24,82,5.5,0.42,0.33,,2.69,25,84.2,350,,,reliable,
PURIFI,PTT10.0X08-NAB-01,8,,,,360,15.7,6.4,1.06,,,118,,22,81,6.1,0.42,0.4,,2.69,25,84.2,350,,,reliable,
PURIFI,PTT4.0X08-NAC-03,,,,,56.7,7,6.5,,,,11.9,,43,5.3,4.1,0.43,0.39,1.16,0.79,6.85,81.8,200,,,reliable,
PURIFI,PTT5.25M08-NAA-05,8,,,,84.9,9.5,6.3,0.35,,,16.8,,41,9.4,6.3,0.3,0.29,0.92,0.68,2.9,85.2,200,,,reliable,
PURIFI,PTT6.5M04-NFA-01,4,,,,132.7,8.1,3.9,0.26,,,17.8,,55,11.7,4.2,0.36,0.33,0.47,1.47,3.9,93.2,250,,,reliable,
PURIFI,PTT6.5M08-NFA-01,8,,,,133,9.7,6.5,,,,17,,57,12,,0.42,0.38,0.46,1.44,3.9,91,200,,,reliable,
PURIFI,PTT6.5W04-NFA-01,4,,,,132.7,7.7,3.7,0.32,,,21.1,,33,28.9,6.3,0.27,0.23,1.1,0.7,5.9,90.3,250,,,reliable,
PURIFI,PTT6.5X04-NAA-08,4,,,,132.7,7.8,3.7,0.36,,,29.8,,32,20.5,7.5,0.37,0.35,0.82,0.81,9.8,86.8,250,,,reliable,
PURIFI,PTT6.5X04-NFA-06,4,,,,132.7,8.1,3.7,0.38,,,26.7,,30,25.9,5.8,,0.27,1.04,0.88,10,88.7,250,,,reliable,
PURIFI,PTT6.5X08-NAA-08,4,,,,132.7,9,5.9,0.5,,,27.2,,34,20.4,7.7,0.42,0.4,0.82,0.75,9.8,85,250,,,reliable,
PURIFI,PTT6.5X08-NFA-06,8,,,,132.7,9.5,6,0.53,,,24.4,,31,26.4,6.6,0.32,0.3,1.06,0.72,10,86.9,250,,,reliable,
PURIFI,PTT8.0X08-NAB-01,8,,,,235.1,10.7,6,0.33,,,47.6,,24,74.5,5.8,0.37,0.35,0.95,1.22,9.3,86.4,,,,reliable,
Purifi Audio,PTT10.0X04-NAB-01,8,10,,,359.7,13.8,4.6,,,,101.6,,20,113,5.1,0.31,0.292,,,10.8,89,200,,,reliable,
Purifi Audio,PTT10.0X08-NAB-02,8,10,,,360,15.7,6.4,,,,117.4,,22,81,6.1,0.42,0.393,,,8.9,86.1,150,,,reliable,
Pyle,PDW21250,8,21,,,1706,26.39,6.3,,,,296.959,,22.4,703.8,2.6,0.378,0.33,,,9,95,1000,,,reliable,
Pyle Audio,PDW21250,8,21.5,,,1706,26.1,6.3,,,,292.6,,22.4,703.8,2.596,0.38,0.331,,,9,96.2,1000,,,reliable,
Pyle Audio,PLD12WD,8,12,,,420,9.5,4,,,,129.6,,25,77.3,2.68,0.9,0.674,,,8,86.3,800,,,reliable,
Pyle Audio,PLPW10D,4,10,,,330,9.2,3.4,,,,61.6,,42,35.6,3.64,0.648,0.55,,,6,91.8,400,,,reliable,
Pyle Audio,PLPW12D,8,12,,,511,15.1,6.8,,,,102.1,,32.9,84.1,3.48,0.631,0.534,,,6,89.4,600,,,reliable,
Pyle Audio,PLPW15D,8,15,,,820,18.6,6.8,,,,144.9,,29,195.7,3.94,0.52,0.459,,,8,92.3,1000,,,reliable,
Pyle Audio,PPA15,16,15,,,856,13.1,8,,,,113.3,,26.7,322,2.69,0.89,0.669,,,5.4,90.4,250,,,reliable,
Pyle Audio,PPA18,16,18,,,1200,19.6,8,,,,173.5,,24.2,503.2,1.34,0.55,0.39,,,6,93.1,300,,,reliable,
Radian Audio,212/2 B-8,8,12,,,559,13.2,6.4,,,,57.6,,54.5,64.9,20.6,0.72,0.696,,,0.9,94.6,250,,,reliable,
Radian Audio,2212 B-8,8,12,,,559,13.6,6.4,,,,52.7,,51.2,80.4,15.6,0.59,0.568,,,0.9,95.6,250,,,reliable,
Radian Audio,2215 B-8,8,15,,,868,20.6,6,,,,113,,41.8,135.5,1.36,0.42,0.321,,,6,97,800,,,reliable,
Radian Audio,2216 v2012,8,15,,,832,21.8,5.33,,,,115.3,,39,140,3.25,0.316,0.288,,,4.8,98,600,,,reliable,
Radian Audio,2218 NEO SUBWOOFER,8,18,,,1458.1,33.7,5.5,,,,271.4,,28.9,333,2.76,0.238,0.219,,,6.3,98.9,800,,,reliable,
Radian Audio,2218Neo,8,18,,,1320,33,5.4,,,,266,,30,312,3.2,0.25,0.23,,,9,99,800,,,reliable,
Radian Audio,2312-8,8,12,,,531,17.8,5.9,,,,89.5,,46.7,51.3,1.36,0.49,0.36,,,4.9,93.6,500,,,reliable,
Radian Audio,510/2 B-8,8,10,,,352,10.1,6,,,,24.9,,53.1,62.7,4.19,0.49,0.439,,,0.7,96.1,200,,,reliable,
Radian Audio,512/2 BK-8,8,12,,,515,12.3,7,,,,43.3,,45.1,106.8,3.46,0.57,0.489,,,0.9,94.9,300,,,reliable,
Radian Audio,5208 C-8,8,10,,,341.3,14.9,6.3,,,,33,,73,23.5,4.97,0.43,0.396,,,0.8,96.3,200,,,reliable,
Radian Audio,5210,8,10,,,295.1,13.9,5,,,,41.2,,67,16.7,9.718,0.45,0.43,,,4.7,94.5,375,,,reliable,
Radian Audio,5212-8,8,12,,,515,12.6,6.1,,,,52.7,,45.1,87.9,3.46,0.57,0.489,,,5,94.7,375,,,reliable,
Radian Audio,5212B,8,12,,,500,14.5,6,,,,39.5,,62,58.4,9.2,0.44,0.42,,,5.4,98.2,375,,,reliable,
Radian Audio,5215B NEO,8,15,,,880,23.8,6.3,,,,81.2,,44,175,3.21,0.25,0.232,,,5.5,100.8,625,,,reliable,
Radian Audio,5215B OEM,8,15,,,880,21.4,5,,,,76,,42,205,2.86,0.22,0.204,,,5.5,102.4,625,,,reliable,
Radian Audio,5215B oem2,8,15,,,880,21.5,6,,,,79.1,,42,197,2.85,0.27,0.247,,,5.5,100.6,625,,,reliable,
Radian Audio,5215B oem3,8,15,,,880,21.5,6,,,,79.1,,42,197,2.85,0.27,0.247,,,5.5,100.6,625,,,reliable,
Radian Audio,5215B v2015,8,15,,,883.9,27.4,5.9,,,,171.4,,41,96.3,3.243,0.346,0.313,,,5.1,96.1,625,,,reliable,
Radian Audio,5215B v2017,8,15,,,880,19.8,5.3,,,,85.1,,40,202,3.28,0.29,0.266,,,5.5,100.3,625,,,reliable,
Radian Audio,5215B v2024,8,15,,,880,19.8,5.3,,,,85.1,,40,202,3.28,0.29,0.266,,,5.5,100.3,545,,,reliable,
Radian Audio,5312,8,12,,,500,12.3,5.97,,,,26.2,,57.9,101.3,8.829,0.375,0.36,,,5.5,100.4,250,,,reliable,
Radian Audio,CRS1030,8,10,,,363,11,5.3,,,,31.4,,65,35.3,3,0.56,0.472,,,5.5,96.2,500,,,reliable,
Radian Audio,CRS1230,8,12,,,510,12.9,5.4,,,,52.7,,48,76,4.34,0.52,0.464,,,5.5,95.8,500,,,reliable,
Raveland,BSW 124-II,4,12,,,499,16,3.2,,,,123.4,,28,91.4,3.74,0.27,0.252,,,5.4,94.7,200,,,reliable,
Raveland,WHX 488,16,18,,,1256,14.6,8,,,,201.3,,28,355,3.7,1.33,0.978,,,4,89.7,150,,,reliable,
RCF,10CX251,8,10,,,350,17.8,5.2,,,,33.6,,72,25,4.5,0.25,0.237,,,3,99.6,300,,,reliable,
RCF,12CX251,8,12,,,530,17.7,5.2,,,,44.7,,60,62,5.2,0.28,0.266,,,3.7,100.6,300,,,reliable,
RCF,21LNW9000,8,21.5,,,1662,34.1,6,,,,383.6,,29,304,9.32,0.36,0.347,,,10.7,96.4,1800,,,reliable,
RCF,CX10g251,8,10,,,350,14.1,5.2,,,,25.4,,72,33,5,0.3,0.283,,,3.8,100,300,,,reliable,
RCF,CX10N251v2015,8,10,,,350,17.8,5.2,,,,33.6,,72,25,4.5,0.25,0.237,,,3,99.6,300,,,reliable,
RCF,CX12N251,8,12,,,530,17.7,5.2,,,,44.7,,60,62,5.4,0.28,0.266,,,3.7,100.6,300,,,reliable,
RCF,CX12N351,8,12,,,530,25,5.8,,,,62,,58,47,5.4,0.21,0.2,,,6,98.2,90,,,reliable,
RCF,CX12N351V2017,8,12,,,500,23.8,5.8,,,,56.1,,58,47,5.4,0.21,0.202,,,3.6,99.8,450,,,reliable,
RCF,CX15G251,8,15,,,860,15.3,5.2,,,,71.3,,41,219,7.6,0.41,0.389,,,3.7,99.5,100,,,reliable,
RCF,CX15N251,8,15,,,860,17.6,5.2,,,,63.8,,55,136,8,0.37,0.354,,,4.1,101.7,300,,,reliable,
RCF,L 10/561K,8,10,,,350,13.3,6.3,,,,27.3,,67,35.5,5,0.41,0.379,,,2.5,97.2,250,,,reliable,
RCF,L 10/581K,8,10,,,350,12.3,4.8,,,,24.1,,85,25,3.7,0.41,0.369,,,2.5,99.9,250,,,reliable,
RCF,L 10/750YK,8,10,,,350,17.8,5.1,,,,36.2,,68,26,4.2,0.25,0.236,,,2.5,99.1,350,,,reliable,
RCF,L 12/544,8,12,,,456,15.5,6.2,,,,35.5,,40,130,8.55,0.23,0.224,,,4.9,98.7,150,,,reliable,
RCF,L 12/565,8,12,,,471,11.5,5.7,,,,34.7,,55,75,11,0.52,0.497,,,3.8,97.3,100,,,reliable,
RCF,L 12/584,8,12,,,456,15.5,5.1,,,,30.8,,49,100,2.7,0.2,0.186,,,3,101.6,200,,,reliable,
RCF,L 15/541,8,15,,,779,19.3,6.6,,,,75.2,,30.9,300,2.5,0.26,0.236,,,5.6,98.1,200,,,reliable,
RCF,L 15/544K,8,15,,,850,23.6,6.6,,,,92.3,,35,227,8.6,0.24,0.233,,,4,98.9,400,,,reliable,
RCF,L 15/554K,8,15,,,830,22.6,6.6,,,,88,,35,227,8.6,0.25,0.243,,,8,98.7,600,,,reliable,
RCF,L 15/864K,8,15,,,789,15.8,5.2,,,,52,,50,170,10,0.34,0.329,,,4,101.8,400,,,reliable,
RCF,L 15P/02,8,15,,,850,14.6,6.4,,,,27.7,,59,266,2.23,0.31,0.272,,,3.8,105.4,200,,,unreliable,"coupling_failed: Mms free-air radiation-mass correction exceeds 50% of Mms (1.032), check Sd/Mms, stated Mms=27.7 g, computed Mmd=-0.880174 g, radiation mass difference=103.18% (limit 50%)"
RCF,L 15P200/A,8,15,,,716,17.2,6.3,,,,77.3,,29,280,10,0.3,0.291,,,8.9,96.6,300,,,reliable,
RCF,L 15P200AK-I,8,15,,,830,21.3,5.9,,,,121.9,,38,139,6.8,0.38,0.36,,,8.5,96.3,800,,,reliable,
RCF,L 15P200AK-II,8,15,,,830,23.2,6.5,,,,121.9,,38,139,8.1,0.35,0.336,,,8.3,96.3,800,,,reliable,
RCF,L 17/64AF,8,15,,,700,13.7,5.7,,,,51.5,,51,130,7.4,0.5,0.468,,,4,98.8,150,,,reliable,
RCF,L 17/64AF,8,15,,,780,16,5.3,,,,55.1,,60,109,3.96,0.43,0.388,,,2.8,101.2,150,,,reliable,
RCF,L 17P/64 AF,8,15,,,700,20.2,6,,,,51.9,,52,124,9.5,0.25,0.244,,,2.9,101.7,150,,,reliable,
RCF,L 18/851KN,8,18,,,1041,21.6,5.7,,,,126.5,,39,200,6,0.38,0.357,,,5,98.4,500,,,reliable,
RCF,L10/750YK,6,10,,,350,17.5,4.98,,,,36,,68,26,4.2,0.25,0.24,,,2.5,97,175,,,reliable,
RCF,L10CX1AK,8,10,,,314,8.5,5.08,,,,23,,67.9,33,4,0.69,0.59,,,3,93.6,60,,,reliable,
RCF,L10P15K,8,10,,,360,12.6,6.8,,,,35.2,,83,19,7.9,0.79,0.718,,,1,94.1,200,,,reliable,
RCF,L12/554K,8,12,,,456,15.4,6.15,,,,35,,40.3,130,8.55,0.23,0.23,,,5,97.5,150,,,reliable,
RCF,L12CX2K,8,12,,,471,12.2,5.72,,,,34,,59.7,65,8,0.49,0.46,,,4,96.3,75,,,reliable,
RCF,L12G301,8,12,,,530,18.4,5.8,,,,44.6,,48,97,4.6,0.23,0.219,,,5.6,100.1,450,,,reliable,
RCF,L12N301,8,12,,,530,21.6,5.5,,,,61.8,,48,70,6.4,0.22,0.213,,,5,99.1,500,,,reliable,
RCF,L12P301,8,12,,,530,19.5,5.8,,,,55.6,,43,97,4.6,0.23,0.219,,,7.8,98.6,1000,,,reliable,
RCF,L12P540,8,12,,,530,19.2,5.6,,,,63.7,,59,45,11,0.36,0.349,,,4.3,97.6,400,,,reliable,
RCF,L15L600,8,15,,,831,30.4,6.8,,,,126.8,,29,230,7,0.17,0.166,,,6,97.9,700,,,reliable,
RCF,L15L601,8,15,,,804,20.3,6.6,,,,83.7,,38,190,6.6,0.32,0.305,,,5,97.9,600,,,reliable,
RCF,L15P02,8,15,,,855,17.1,6.5,,,,52.7,,80,77,4.26,0.59,0.518,,,2.4,101.1,200,,,unreliable,"coupling_failed: Mms free-air radiation-mass correction exceeds 50% of Mms (0.547), check Sd/Mms, stated Mms=52.7 g, computed Mmd=23.8673 g, radiation mass difference=54.71% (limit 50%)"
RCF,L15P06C,4,15,,,850,13.5,3.5,,,,101.2,,35,207,5.549,0.427,0.396,,,4,98.7,200,,,reliable,
RCF,L15P100AC,8,15,,,829,17.9,5.8,,,,58.3,,53,149,4.1,0.35,0.322,,,3,101.4,150,,,reliable,
RCF,L15P200,8,15,,,855.3,24.5,6.5,,,,117.8,,30,245,5.76,0.24,0.23,,,5.9,97.3,300,,,reliable,
RCF,L15P200AK,8,15,,,855.3,22.2,5.9,,,,129.4,,38,139,6.8,0.37,0.351,,,8.2,96.4,800,,,reliable,
RCF,L15P200v1983,8,15,,,855.3,20.5,6.3,,,,110.3,,29,280,10,0.3,0.291,,,7.4,96.6,300,,,reliable,
RCF,L15P530,8.0,15,,,850,15,5.1,,,,79.2,,45,160,7.5,0.51,0.478,,,6.2,98.5,350,,,reliable,
RCF,L15P540,8,15,,,850,21,5.6,,,,102.6,,50,100,9.7,0.41,0.393,,,5.2,98.4,500,,,reliable,
RCF,L15P542K,8,15,,,850,21.9,7.2,,,,86.8,,45,146,9,0.37,0.355,,,6.2,98,500,,,reliable,
RCF,L15P801,8,15,,,850,21.2,5.1,,,,77.7,,45,163,4.5,0.25,0.237,,,4.6,101.7,400,,,reliable,
RCF,L15P854K,8,15,,,850,13.9,5.4,,,,65.6,,47,177,13,0.54,0.518,,,10,99,800,,,reliable,
RCF,L15S800,8,15,,,850,23.4,6.1,,,,98.5,,48,113,11,0.33,0.32,,,5.5,98.9,700,,,reliable,
RCF,L15S830,8,15,,,850,22.2,5.6,,,,82,,52,115,4,0.3,0.28,,,4,99.2,800,,,reliable,
RCF,L18P200KN,8,18,,,1041,21.1,6.3,,,,140.7,,22.3,550,5,0.28,0.265,,,9,96.4,350,,,reliable,
RCF,L18P200N,8,18,,,1100,22.9,6.3,,,,151,,28,363,7.15,0.32,0.306,,,9.8,97,800,,,reliable,
RCF,L18P200N,8,18,,,1130,23,6.3,,,,152.2,,28,380,7.1,0.32,0.306,,,9.8,97.2,800,,,reliable,
RCF,L18P3004Ohms,4,18,,,1130,20.4,3.4,,,,184.1,,34,213,6.7,0.32,0.305,,,7.8,99.9,1000,,,reliable,
RCF,L18P400,8,18,,,1220,24.3,5.1,,,,184.8,,29,340,7.6,0.29,0.279,,,8.8,98.5,1000,,,reliable,
RCF,L18P540,8,18,,,1130,22.8,5.5,,,,172,,34,228,8,0.39,0.372,,,6.9,97.2,500,,,reliable,
RCF,L18P751,8,18,,,1041,20.3,5.1,,,,106.9,,30,400,5,0.25,0.238,,,5,100.3,450,,,reliable,
RCF,L18S801,8,18,,,1130,24.1,4.9,,,,144.7,,39,206,8.3,0.3,0.29,,,6.3,100.2,700,,,reliable,
RCF,L18S801,8,18,,,1130,23.7,4.58,,,,124.3,,42.3,204,8.03,0.27,0.261,,,5.7,102,700,,,reliable,
RCF,LF12G300,8,12,,,529.7,20,5.7,,,,62.1,,54,55,5.7,0.3,0.285,,,4.6,98.1,450,,,reliable,
RCF,LF12G801,8,12,,,500,19,5.8,,,,56,,43,97,4.6,0.23,0.22,,,7,97,450,,,reliable,
RCF,LF12N401,8,12,,,531,26.2,5.5,,,,86.9,,48,50,9.1,0.21,0.205,,,5.2,97.8,800,,,reliable,
RCF,LF12P903,8,12,,,530,22.13,5.74,,,,70,,47,65,4.2,0.24,0.23,,,7,97.8,500,,,reliable,
RCF,LF12Y308,8,12,,,500,19,5.8,,,,56,,43,97,4.6,0.23,0.22,,,7,97,450,,,reliable,
RCF,LF15G302,8,15,,,908,19.9,6.48,,,,104.4,,56.8,87,6.873,0.611,0.561,,,6,97.1,800,,,reliable,
RCF,LF15G400,8,15,,,910,24.2,5,,,,131,,37,164,4.9,0.26,0.247,,,6.9,99.1,800,,,reliable,
RCF,LF15X400,8,15,,,898.9,23.9,5,,,,127.8,,37,164,4.9,0.26,0.247,,,7,99.1,800,,,reliable,
RCF,LF15X401v2013,8,15,,,902,23.8,4.99,,,,142.1,,41.8,116.4,6.07,0.33,0.313,,,8.7,98.1,1500,,,reliable,
RCF,LF15Y408,8,15,,,900,24.6,4.8,,,,150,,36,150,6.2,0.27,0.26,,,9,97,800,,,reliable,
RCF,LF18G908,8,18,,,1200,24.6,4.8,,,,182,,33,268,7.6,0.3,0.29,,,9,98,900,,,reliable,
RCF,LF18H400,8,18,,,1299.1,24.3,4.9,,,,166,,38,250,12.3,0.33,0.321,,,7.4,100.3,900,,,reliable,
RCF,LF18N402,8,18,,,1220,28.9,5.6,,,,165.1,,36,247,7.1,0.25,0.241,,,7.1,100.2,1000,,,reliable,
RCF,LF18P400,8,18,,,1241,22.8,4.87,,,,174.4,,39.5,201,10.2,0.407,0.391,,,8,99,1000,,,reliable,
RCF,LF18X400v2,8,18,,,1220,24.8,5.1,,,,198.3,,28,340,6.5,0.29,0.278,,,9,98,1000,,,reliable,
RCF,LF18Y402,8,18,,,1200,26.5,5.4,,,,215,,30,274,7.4,0.31,0.3,,,12,97.5,1200,,,reliable,
RCF,LF21N451v2017,8,21.5,,,1730,35.1,5.6,,,,314.9,,30,375,6.1,0.27,0.259,,,8.6,99.3,1500,,,reliable,
RCF,LP 18/551,8,18,,,1007,18.5,5.7,,,,100.6,,21.7,760,7.8,0.228,0.222,,,10,98.8,500,,,reliable,
RCF,MB10G251,8,10,,,350,14.9,5.2,,,,31.4,,76,24,8,0.35,0.335,,,3.5,98.6,300,,,reliable,
RCF,MB10N251,8,10,,,350,15,5.1,,,,37.1,,55,38.8,4.2,0.29,0.271,,,4.6,97.4,300,,,reliable,
RCF,MB10N251,8,10,,,350,13.6,5.37,,,,32.4,,58.9,38.8,5.87,0.35,0.33,,,4.8,97.3,300,,,reliable,
RCF,MB10N305,8,10,,,350,18.5,5.6,,,,39,,60,31,4,0.24,0.226,,,4.6,98,500,,,reliable,
RCF,MB12G300,8,12,,,526.6,16.7,5,,,,46.4,,61,57,5.2,0.32,0.301,,,4.3,100.1,400,,,reliable,
RCF,MB12G301,8,12,,,530,17.8,5.4,,,,49.3,,53,72,4.7,0.28,0.264,,,4.8,99.5,400,,,reliable,
RCF,MB12N251,8,12,,,530,14.6,5.1,,,,48.1,,50,83,5.4,0.36,0.338,,,5,98.5,300,,,reliable,
RCF,MB12N301,8,12,,,530,19.1,5.8,,,,48.2,,54,71,3.1,0.26,0.24,,,4.9,99.7,500,,,reliable,
RCF,MB12N351,8,12,,,530,22.3,5.6,,,,54.1,,55,61,4.5,0.21,0.201,,,4.7,100.4,650,,,reliable,
RCF,MB12N405,8,12,,,530,23.3,5,,,,69.6,,52,53,6,0.21,0.203,,,5.7,99.5,1000,,,reliable,
RCF,MB12X301,8,12,,,530,18,5.4,,,,57,,50,70,9,0.3,0.29,,,5.9,98.3,500,,,reliable,
RCF,MB12X351,8,12,,,530,22.3,5.4,,,,71.7,,55,46,5.9,0.27,0.258,,,5,98.2,700,,,reliable,
RCF,MB15H401,8,15,,,910,24.2,5.4,,,,125.5,,44,121,4.8,0.32,0.3,,,5.7,98.8,700,,,reliable,
RCF,MB15N301,8,15,,,860,19.5,5.8,,,,85.1,,48,134,4.6,0.39,0.36,,,5.6,99.2,500,,,reliable,
RCF,MB15N301,8,15,,,860,18.1,5.96,,,,80.2,,40.1,203.2,6.55,0.37,0.35,,,6,98.8,500,,,reliable,
RCF,MB15N351,8,15,,,855,21.8,5.6,,,,77,,42,191,4,0.24,0.226,,,6,101.2,650,,,reliable,
RCF,MB15N351,8,15,,,855,20.4,5.73,,,,56.5,,65.5,107,7.48,0.32,0.307,,,4.6,103.2,650,,,unreliable,"coupling_failed: Mms free-air radiation-mass correction exceeds 50% of Mms (0.510), check Sd/Mms, stated Mms=56.5 g, computed Mmd=27.6673 g, radiation mass difference=51.03% (limit 50%)"
RCF,MB15N351v2012,8,15,,,860,22.7,5.4,,,,108.9,,46,114,6.7,0.33,0.315,,,5.7,99,650,,,reliable,
RCF,MB15N401,8,15,,,910,28.4,5,,,,122.6,,42,136,7.7,0.2,0.195,,,5.3,101,850,,,reliable,
RCF,MB15N405,8,15,,,910,25.2,5.5,,,,112.1,,46,124,4.8,0.28,0.265,,,6.6,100,1100,,,reliable,
RCF,MB15X301,8,15,,,860,18,5.4,,,,93.3,,38,195,5,0.37,0.345,,,6,98.3,500,,,reliable,
RCF,MB15X301,8,15,,,881,17.1,5.5,,,,80.5,,50.6,133.8,5.26,0.48,0.44,,,5.9,99.2,500,,,reliable,
RCF,MB15X351,8,15,,,860,22.7,5.4,,,,108.9,,46,114,6.7,0.33,0.315,,,5.9,99,700,,,reliable,
RCF,MR10H300,8,10,,,350,17.7,5.8,,,,32.5,,90,16.5,3.8,0.34,0.312,,,2.7,98.9,350,,,reliable,
RCF,MR10N301,16,10,,,350,23.1,11,,,,22.1,,248,3.2,4,0.71,0.603,,,0.9,99,300,,,reliable,
RCF,MR10N301v2016,8,10,,,350,20.7,6.2,,,,31.6,,250,2.2,6.48,0.72,0.648,,,0.7,99.9,300,,,reliable,
RCF,W300,4,12,,,510.7,12.2,3.8,,,,66,,39.5,90,5.6,0.42,0.391,,,6.9,96.4,300,,,reliable,
RCF,W390,4,15,,,854.8,21.6,3.6,,,,137.4,,46.4,87.7,8.38,0.31,0.299,,,6,100,1000,,,reliable,
RCF,W470,4,18,,,1134.1,19.6,3.5,,,,175.3,,36,201,12.6,0.36,0.35,,,6,99.7,800,,,reliable,
RE Audio,REX 10 S4,4,10,,,366,13,3.8,,,,142.35,,24.35,57.2278,6.1,0.492,0.45,,,15,84.1,200,,,reliable,
RE Audio,XXX12-V2-4,8,12,,,480,17.4,4.2,,,,251,,21,73.9,3.29,0.46,0.404,,,13.5,86.5,800,,,reliable,
Realistic,40-1025,8,12,,,530.7,7.1,5.3,,,,41.1,,21.5,526,2.04,0.58,0.452,,,11.4,93.3,200,,,reliable,
Realistic,40-9000,8,15,,,835,9.1,7.4,,,,88.9,,20.5,663,3,1.03,0.767,,,6,89.8,200,,,reliable,
Realistic,40-9006,8,10,,,344,10,5.3,,,,44.6,,39,62,2.04,0.58,0.452,,,6.7,91.8,200,,,reliable,
Realistic,PRO 250,8,15,,,870.9,11.6,5.6,,,,61.3,,47.3,196.6,3.35,0.76,0.619,,,5.5,97.9,250,,,reliable,
Reckhorn,D-250,4,10,,,330,12.1,3.6,,,,111.9,,22,71.4,3.415,0.378,0.34,,,8.2,88.5,150,,,reliable,
Resonant Engineering,XXX 12D1,4,12,,,480,12.4,2,,,,198.6,,27,56.5,4.52,0.44,0.401,,,12.9,92,1000,,,reliable,
Resonant Engineering,XXX-15,2,15,,,769,19.4,1.2,,,,379.9,,24.6,91.1,5.78,0.187,0.181,,,8.5,98.8,1500,,,reliable,
Resonant Engineering,XXX-18,2,18,,,1210,11.7,1.9,,,,253.1,,29,244.2,5.09,0.64,0.569,,,16,97.9,2000,,,reliable,
Rockford Fosgate,P110S4,4,10,,,360,11.3,3.3,,,,115.2,,30,44.4,8.33,0.56,0.525,,,6.4,89.1,150,,,reliable,
Rockford Fosgate,P110S8,8,10,,,360,14.9,6.6,,,,95.2,,33,44.4,8.38,0.59,0.551,,,6.2,87.1,150,,,reliable,
Rockford Fosgate,P112S4,4,12,,,541.9,12,3.4,,,,151.7,,25,110,7.31,0.56,0.52,,,7.3,90.6,150,,,reliable,
Rockford Fosgate,P115S4,4,15,,,860,14.8,3.7,,,,261,,24,172,7.5,0.67,0.62,,,8,87.3,200,,,reliable,
Rockford Fosgate,P1S2-10,2,10,,,370,8.04,1.6,,,,138,,30,39.6,2.7,0.644,0.52,,,9,84,250,,,reliable,
Rockford Fosgate,P1S2-12,2,12,,,548,9.18,1.8,,,,195.8,,25,88.3,3.39,0.657,0.55,,,9,85.1,250,,,reliable,
Rockford Fosgate,P1S2-15,2,15,,,876,10.4,1.8,,,,272.1,,23,191.5,3.46,0.654,0.55,,,9,87.4,250,,,reliable,
Rockford Fosgate,P1S4-10,4,10,,,370,12.14,3.6,,,,136.6,,30,40,3,0.629,0.52,,,9,84.2,250,,,reliable,
Rockford Fosgate,P1S4-15,4,15,,,876,14.6,3.6,,,,272.1,,23,191.5,3.2,0.664,0.55,,,9,87.3,250,,,reliable,
Rockford Fosgate,P1S8-12,8,12,,,540,15.6,6.8,,,,140.5,,26,109,8,0.64,0.593,,,9,87.4,250,,,reliable,
Rockford Fosgate,P2D4-12,8,12,,,510,17.1,5.9,,,,180.2,,27,70.3,9.3,0.62,0.581,,,10.1,86.8,400,,,reliable,
Rockford Fosgate,P2D4-15,8,15,,,894,18.3,6.4,,,,295.9,,20.9,219.6,5.7,0.74,0.655,,,11.3,87.3,400,,,reliable,
Rockford Fosgate,P3D2-10,4,10,,,360,15.4,3.2,,,,240.9,,26.6,27,6,0.54,0.495,,,9.4,85.7,500,,,reliable,
Rockford Fosgate,P3D2-12,4,12,,,570,16.9,3.2,,,,284.7,,26.5,57.7,6.7,0.53,0.491,,,9.5,89,600,,,reliable,
Rockford Fosgate,P3D4-12,8,12,,,570,22.6,6.4,,,,260.6,,27.7,57.7,5.6,0.57,0.517,,,9.4,86.3,600,,,reliable,
Rockford Fosgate,P3D4-15,8,15,,,894,22.6,6.4,,,,363,,22.4,155.8,4.9,0.64,0.566,,,11,87.3,600,,,reliable,
Rockford Fosgate,PWR-415,4,15,,,868,15.2,3.4,,,,139.1,,24,334,3.2,0.31,0.283,,,6.2,97.4,600,,,reliable,
Rockford Fosgate,R1S4-12,4,12,,,530,9.4,3.39,,,,104.5,,22,197.2,4.76,0.55,0.493,,,7,91.5,200,,,reliable,
Rockford Fosgate,R2D4-12,8,12,,,539.1,17.1,7.17,,,,123.1,,34.9,68.8,7.33,0.66,0.605,,,6.5,88.9,250,,,reliable,
Rockford Fosgate,R2SD4-12,8,12,,,534.8,17.4,6.8,,,,169.1,,30.3,65.4,7,0.72,0.653,,,6.9,86.7,250,,,reliable,
Rockford Fosgate,RFR2212,4,12,,,540,16.2,3.6,,,,193.3,,24,93,6.14,0.4,0.376,,,13,90.5,1000,,,reliable,
Rockford Fosgate,S1-124,4,12,,,545,11,3.4,,,,72.3,,28,186,3.41,0.36,0.326,,,9.9,96.2,300,,,reliable,
Rockford Fosgate,S2-124,4,12,,,540,14.8,3.7,,,,184.5,,27,77,8.12,0.53,0.498,,,10.7,89.9,500,,,reliable,
Rockford Fosgate,SPP-154,4,15,,,868,12.8,3.6,,,,126.5,,30,235,1.74,0.52,0.4,,,3.8,96.3,100,,,reliable,
Rockford Fosgate,SPP-184,4,18,,,1141,18.9,3.5,,,,179.6,,27,353,2.37,0.3,0.266,,,6,99.2,350,,,reliable,
Rockford Fosgate,SVC 19 2 Ohms,2,18,,,1472,28.2,1.7,,,,1020.7,,27,103.4,1.92,0.37,0.31,,,8.1,96.1,3000,,,reliable,
Rockford Fosgate,T0D210,4,10,,,320,16.9,3.5,,,,239.8,,30.5,16.3,5.5,0.56,0.508,,,8.1,84.7,550,,,reliable,
Rockford Fosgate,T0D212,4,12,,,548,18.2,3.5,,,,302.9,,25.3,55,6.5,0.51,0.473,,,10.5,88,700,,,reliable,
Rockford Fosgate,T0D215,4,15,,,845,21.9,3.4,,,,413,,25.5,94.4,6.5,0.47,0.438,,,9.3,90.9,800,,,reliable,
Rockford Fosgate,T0D410,8,10,,,320,21.2,6.2,,,,222.6,,31,17,5.5,0.6,0.541,,,8.3,82.4,550,,,reliable,
Rockford Fosgate,T0D412,8,12,,,548,22.4,6.2,,,,286.3,,26,55.1,6,0.58,0.529,,,10.7,85.3,700,,,reliable,
Rockford Fosgate,T0D415,8,15,,,845,26,6,,,,391.3,,26.2,94.4,6,0.57,0.521,,,9.7,88,800,,,reliable,
Rockford Fosgate,T112D2,4,12,,,460,16,3.1,,,,224.7,,31,34.8,4.46,0.53,0.474,,,8.2,89,600,,,reliable,
Rockford Fosgate,T1D212,4,12,,,548,15.4,3.25,,,,243.7,,28,55.8,4.5,0.59,0.522,,,10.9,89.1,800,,,reliable,
Rockford Fosgate,T1D410,8,10,,,345,20.5,6.5,,,,207.7,,36,15.7,5.7,0.73,0.647,,,7.3,82.9,600,,,reliable,
Rockford Fosgate,T1D412,8,12,,,548,19.4,6.5,,,,224.1,,29.2,55.8,4.5,0.71,0.613,,,10.9,85.8,800,,,reliable,
Rockford Fosgate,T2D212,4,12,,,430,22.2,3.4,,,,322.3,,38.7,13.6,5.15,0.54,0.489,,,7.1,87.3,1200,,,reliable,
Rockford Fosgate,T2D215,4,15,,,750,22.1,3.4,,,,429.4,,31,48.4,5.29,0.58,0.523,,,8.7,89.7,1200,,,reliable,
Rockford Fosgate,T2D412,8,12,,,430,27.8,6.8,,,,303.2,,39.9,13.6,5.31,0.67,0.595,,,7.3,83.8,1200,,,reliable,
Rockford Fosgate,T2D415,8,15,,,750,27.8,6.8,,,,402.8,,31,51.6,5.49,0.69,0.613,,,9.3,86.2,1200,,,reliable,
Rockford Fosgate,T2S2-13,2,15,,,707,16,1.6,,,,397.3,,25.5,68.7,3.01,0.4,0.353,,,12.9,93.5,2000,,,reliable,
Rockville,819216020739,4,15,,,823.7,11.5,2,,,,314.2,,33,70.6,8.39,0.99,0.886,,,12.9,92.1,2500,,,reliable,
Rockville,RVW1500P8,8,15,,,881.4,16.9,6.8,,,,135.6,,28.3,254,3.971,0.576,0.503,,,7.5,92.7,750,,,reliable,
Rockville,W15K9D4,4,15,,,823.7,11.5,2,,,,314.2,,33,70.6,8.39,0.99,0.886,,,12.9,92.1,2500,,,reliable,
Rythmik Audio,DS1200,4,12,,,530,12.7,2.8,,,,167.7,,26,88,7.42,0.472,0.444,,,8.8,91.7,350,,,reliable,
Rythmik Audio,DS1501,4,15,,,809,15.7,3,,,,257.2,,17.5,295,3.737,0.344,0.315,,,7.5,92.9,300,,,reliable,
Rythmik Audio,DS1510,4,15,,,809,11.1,3,,,,227.9,,15.4,430,3.748,0.54,0.472,,,10,90.9,600,,,reliable,
Samy Speaker,299-284,8,10,,,344.9,7.4,6.47,,,,21.2,,33,182.9,5.07,0.52,0.472,,,4,93.9,50,,,reliable,
Samy Speaker,CX-12AW200G,8,12,,,556,11.8,5.2,,,,38,,55,95.6,3.88,0.494,0.438,,,2.5,98.9,100,,,reliable,
Samy Speaker,LW1200,8,12,,,510,11.8,6.6,,,,46.7,,30.7,210,2.21,0.43,0.36,,,6,94.3,100,,,reliable,
Samy Speaker,LW1200 v1,16,12,,,517,10.5,8,,,,81.1,,27.1,159.6,3.009,1.006,0.754,,,4.5,87,100,,,reliable,
Samy Speaker,TW1041,8,10,,,353,8.5,6.3,,,,27.3,,32,158,4.43,0.48,0.433,,,8,93.3,100,,,reliable,
SB Acoustics,MD60N-6,6,,,,32,7.2,5.3,0.14,,,2,,450,,,,,,,0.5,94,120,,,reliable,
SB Acoustics,MR13P,4.0,,,,70,4.3,3.3,0.11,,,5.4,,41,19.2555,2.8,0.25,0.23,2.79,,3,91,30,,,reliable,
SB Acoustics,MR13P,8.0,,,,70,6.1,6.8,0.11,,,6,,45,12.4594,4.25,0.33,0.31,1.86,,3,88,30,,,reliable,
SB Acoustics,MR13TX,4.0,,,,69,4.9,3.4,0.11,,,7.2,,44,12.2,4.98,0.28,0.27,1.81,,,90,30,,,reliable,
SB Acoustics,MR16P,8.0,,,,119,6.5,6.2,0.11,,,10.6,,32,44.1743,5.11,0.32,0.3,2.3,,3.1,88,30,,,reliable,
SB Acoustics,MR16TX,8.0,,,,117,6.6,6.2,0.11,,,10.3,,35,38.9,6.47,0.32,0.31,2,,5.7,89,30,,,reliable,
SB Acoustics,MT19CP,8.0,,,,152,8.05,6.5,0.12,,,12.1,,43,37.1,6.54,0.33,0.31,1.13,0.5,7.2,90,60,,,reliable,
SB Acoustics,MW13P,8.0,,,,70,5.7,6,0.15,,,6.8,,41.5,14.7248,3.55,0.33,0.3,2.16,,5,87,40,,,reliable,
SB Acoustics,MW13TX,8.0,,,,70,5.7,6,0.18,,,7.3,,40,14.8,4.99,0.34,0.32,2.19,,5,87,50,,,reliable,
SB Acoustics,MW16P,4.0,,,,119,5.2,3.4,0.15,,,12.8,,28,50.1208,,0.28,0.27,2.5,,6,90.5,60,,,reliable,
SB Acoustics,MW16P,8.0,,,,119,6.3,6.2,0.2,,,12.4,,29,47.8555,4.5,0.35,0.33,2.4,,6,87.5,60,,,reliable,
SB Acoustics,MW16PNW,8.0,,,,119,6.3,6.2,0.2,,,12.1,,29,49.8377,4.72,0.34,0.32,2.53,,6,88,60,,,reliable,
SB Acoustics,MW16TX,4.0,,,,119,5.2,3.4,0.15,,,12.6,,29,48,5,0.29,0.27,2.39,0.46,6,90.5,60,,,reliable,
SB Acoustics,MW16TX,8.0,,,,119,6.3,6.2,0.2,,,12.3,,29.3,48,4.7,0.35,0.33,2.4,0.48,6,87.5,60,,,reliable,
SB Acoustics,MW19P,4.0,,,,158,6.5,3.4,0.14,,,18.4,,32,47.8555,4.11,0.3,0.28,1.35,,6.8,91.5,70,,,reliable,
SB Acoustics,MW19P,8.0,,,,158,7.8,6,0.2,,,17.9,,32.5,47.8555,4.06,0.36,0.33,1.35,,6.7,89,70,,,reliable,
SB Acoustics,MW19PNW,4.0,7.5,,,158,6.5,3.4,0.14,,,17.4,,29,61,4.53,0.26,0.24,1.73,0.7,6.8,91.5,70,,,reliable,
SB Acoustics,MW19TX,8.0,,,,158,7.5,6,0.2,,,15.6,,33,53.4,6.47,0.35,0.33,1.52,0.5,6.7,93,70,,,reliable,
SB Acoustics,SB10PGC21,4.0,,,,27,2.3,3.4,0.15,,,2.8,,89,1.2,11.2,1.01,0.92,1.14,0.14,2.25,84,20,,,reliable,
SB Acoustics,SB12CACS25,4.0,,,,50,4.3,3.1,0.26,,,6.1,,51,5.66337,4.89,0.33,0.31,1.6,,5,88,30,,,reliable,
SB Acoustics,SB12MNRX2-25,4.0,,,,50,4.1,3.2,0.15,,,4.1,,58,6.3,3.6,0.29,0.27,1.77,0.4,4.4,91,50,,,reliable,
SB Acoustics,SB12MNRX25,4.0,,,,50.3,3.7,3.2,0.14,,,4.9,,58,5.3802,3.4,0.4,0.36,1.55,,2.3,88.5,30,,,reliable,
SB Acoustics,SB12NRX25,4.0,,,,50,3.6,3.1,0.14,,,5.6,,55,5.3802,3.2,0.46,0.4,1.57,,5,87.5,30,,,reliable,
SB Acoustics,SB12NRXF25,4.0,,,,50,3.6,3.1,0.27,,,5.8,,61,,5.3,0.53,0.48,1.17,0.42,5,87,30,,,reliable,
SB Acoustics,SB12PAC25,4.0,,,,50,4.35,3.1,0.24,,,6.1,,52.5,,5,0.33,0.31,1.5,0.4,5,87,30,,,reliable,
SB Acoustics,SB12PACR25,4.0,,,,50,4.35,3.1,0.25,,,6.1,,52.5,5.3,5,0.33,0.31,1.5,0.4,5,87,30,,,reliable,
SB Acoustics,SB12PACR25-4-COAX,4,,,,45,4,3.1,0.25,,,5.6,,55,4.3,4.84,0.38,0.35,1.49,,5,87.5,30,,,reliable,
SB Acoustics,SB12PFC25,4.0,,,,50,3.5,3.1,0.26,,,5.3,,58,5.09703,3.4,0.49,0.43,1.42,,5,87.5,30,,,reliable,
SB Acoustics,SB12PFC25-4-COAX,4,,,,45,3.8,3.1,0.26,,,4.5,,58,4.5307,4.07,0.36,0.33,1.66,,5,87,30,,,reliable,
SB Acoustics,SB12PFCR25,4.0,,,,50,3.5,3.1,0.26,,,5.3,,58,5.2,3.4,0.49,0.43,1.42,0.6,5,87,30,,,reliable,
SB Acoustics,SB12PFCR25,8.0,,,,50,4.5,6.4,0.36,,,5.1,,64,4.3,4.1,0.65,0.56,1.21,0.5,5,84.5,30,,,reliable,
SB Acoustics,SB13PFC25,4.0,,,,87,5.3,3.2,0.56,,,10.5,,44,13.3089,2.6,0.33,0.29,1.25,,4.5,89,40,,,reliable,
SB Acoustics,SB13PFC25,8.0,,,,87,6.2,5.6,0.77,,,10,,45,13.3089,2.2,0.39,0.33,1.25,,4.5,87,40,,,reliable,
SB Acoustics,SB13PFC25-4-COAX,4,,,,89.9,5.1,3.2,0.3,,,9.1,,43,16.9901,2.26,0.3,0.27,1.51,,4.65,90,40,,,reliable,
SB Acoustics,SB13PFCR25,4.0,,,,87,5.3,3.2,0.56,,,10.5,,44,13.4,2.6,0.33,0.29,1.25,1.1,4.5,89,40,,,reliable,
SB Acoustics,SB13PFCR25,8.0,5,,,87,6.2,5.6,0.77,,,10,,45,13.4,2.2,0.39,0.33,1.25,1.4,4.5,87,40,,,reliable,
SB Acoustics,SB15BAC30-8-COAX,8,5,,,80,5.3,5.7,0.13,,,7.1,,43,17.5,4.8,0.39,0.36,1.93,0.4,3,86,40,,,reliable,
SB Acoustics,SB15CAC30,4.0,,,,82,4.6,3.1,0.12,,,11.3,,32.5,20.105,4.61,0.34,0.31,2.12,,5,88,50,,,reliable,
SB Acoustics,SB15CAC30,8.0,,,,82,5.7,5.7,0.14,,,10.7,,35.5,17.8396,4.77,0.42,0.38,1.88,,5,86,50,,,reliable,
SB Acoustics,SB15CRC30,8.0,,,,82,5.6,5.9,0.14,,,9.7,,40,14.9,3.51,0.46,0.41,1.6,0.7,5.5,86,50,,,reliable,
SB Acoustics,SB15MFC30,8.0,,,,82,5.6,5.7,0.14,,,9,,39,17.7,4.4,0.4,0.37,1.85,0.5,5,87,50,,,reliable,
SB Acoustics,SB15NBAC30,4.0,,,,82,4.7,3.1,0.12,,,10.6,,33,20.9545,4.4,0.31,0.29,2.2,,5,88,50,,,reliable,
SB Acoustics,SB15NBAC30,8.0,,,,82,5.7,5.7,0.14,,,10,,35.5,16.9901,4.22,0.41,0.37,1.81,,5,85.5,50,,,reliable,
SB Acoustics,SB15NRX2C30,4.0,,,,82,4.7,3.1,0.12,,,9.7,,36,18.6,4.53,0.31,0.29,2.15,0.5,5,89.5,50,,,reliable,
SB Acoustics,SB15NRX2C30,8.0,,,,82,5.75,5.9,0.14,,,9.1,,36.5,20,3.48,0.37,0.34,2.1,,5,,50,,,reliable,
SB Acoustics,SB15NRXC30,4.0,,,,82,4.7,3.1,0.12,,,8.6,,41,16.4238,5.3,0.31,0.29,1.75,,5,91,50,,,reliable,
SB Acoustics,SB15NRXC30,8.0,,,,82,5.6,5.7,0.14,,,8.1,,38,20.6713,4.8,0.35,0.33,2.17,,5,88,50,,,reliable,
SB Acoustics,SB15NRXC30-8-131T,8,,,,82,5.6,5.7,0.14,,,8.1,,38,20.6713,4.8,0.35,0.33,2.17,,5,88,50,,,reliable,
SB Acoustics,SB15SFCR39,4.0,,,,178,7,3.5,0.88,,,24,,31.5,47.8,7.9,0.34,0.33,1.06,,5.5,89.5,80,,,reliable,
SB Acoustics,SB15SFCR39,8.0,,,,178,8,6.2,1.3,,,23,,32,48.3,7.11,0.45,0.42,1.08,,5,87,50,,,reliable,
SB Acoustics,SB16FRPC25-7,7,,,,128,5.4,5.2,0.22,,,9.8,,44,31,9,0.48,0.46,1.33,0.3,6.1,91,30,,,reliable,
SB Acoustics,SB16PFC25,4.0,,,,124,5,3.2,0.56,,,13.8,,35,32.5644,2.76,0.39,0.34,1.5,,4.5,89.5,40,,,reliable,
SB Acoustics,SB16PFC25,8.0,,,,124,6.2,5.6,0.77,,,12.5,,38,26.901,2.5,0.48,0.4,1.25,,4.5,87,40,,,reliable,
SB Acoustics,SB16PFC25-4-COAX,4,,,,124.7,5.1,3.2,0.31,,,12.5,,36,32.5644,2.6,0.35,0.31,1.51,,4.65,90,40,,,reliable,
SB Acoustics,SB16PFCR25,4.0,,,,124,5,3.2,0.56,,,13.8,,35,32.7,2.76,0.39,0.34,1.5,,4.5,89.5,40,,,reliable,
SB Acoustics,SB16PFCR25,8.0,,,,124,6.2,5.6,0.77,,,13.8,,38,27,2.5,0.48,0.4,1.25,1.4,9,87,40,,,reliable,
SB Acoustics,SB16PFCR25-4-COAX,4,,,,119,5.1,3.2,0.31,,,12.5,,36,31.3,2.6,0.35,0.31,1.56,1.1,9.3,90,40,,,reliable,
SB Acoustics,SB17CAC35,8.0,,,,118,6.2,5.7,0.15,,,15.4,,28,41.9089,4.46,0.4,0.36,2.13,,5.5,86.5,60,,,reliable,
SB Acoustics,SB17CRC35,4.0,,,,118,5,3.1,0.13,,,14.2,,31.5,35.5,4.32,,0.32,1.8,0.65,5.5,90,60,,,reliable,
SB Acoustics,SB17CRC35,8.0,,,,118,6,5.7,0.15,,,13.3,,28,48,3.9,0.37,0.34,2.43,0.6,5.5,87,60,,,reliable,
SB Acoustics,SB17MFC35,4.0,,,,118,4.9,3.1,0.13,,,12.3,,30,45,5.2,0.3,0.28,2.29,0.45,5.5,90,60,,,reliable,
SB Acoustics,SB17MFC35,8.0,,,,118,5.9,5.7,0.15,,,11.8,,33,39,4.9,0.4,0.37,1.97,0.5,5.5,88,60,,,reliable,
SB Acoustics,SB17NAC35,8.0,,,,118,6.2,5.7,0.15,,,15.2,,31.5,32.8475,6,0.45,0.42,1.68,,5.5,86.5,60,,,reliable,
SB Acoustics,SB17NBAC35,4.0,,,,118,4.9,3.1,0.13,,,12.4,,30,42.4753,4.3,0.31,0.29,2.16,,5.5,90,60,,,reliable,
SB Acoustics,SB17NBAC35,8.0,,,,118,5.9,5.7,0.15,,,12.5,,31.5,44.7406,4.1,0.38,0.35,2.3,,5.5,86.5,60,,,reliable,
SB Acoustics,SB17NRX2C35,4.0,,,,118,4.9,3.1,0.13,,,13.9,,36,27.6,4.49,0.41,0.37,1.4,0.7,5.5,90,60,,,reliable,
SB Acoustics,SB17NRX2C35,8.0,,,,118,6.25,5.7,0.15,,,13.9,,36.5,27,4.55,0.47,0.42,1.37,0.7,5.5,87,60,,,reliable,
SB Acoustics,SB17NRX2L35,4.0,,,,118,6.45,3.1,0.14,,,13.5,,41,21.9,4.97,0.26,0.25,1.1,,4.8,,60,,,reliable,
SB Acoustics,SB17NRXC35,4.0,,,,118,4.8,3.1,0.13,,,11.6,,35,35.1129,5.5,0.34,0.32,1.78,,5.5,92,60,,,reliable,
SB Acoustics,SB20FRPC30,8.0,,,,216,7.15,6,0.22,,,16.3,,39.4,66.3,10.1,0.47,0.45,1,1.1,5,92,40,,,reliable,
SB Acoustics,SB20PFC30,4.0,,,,216,6.6,3.4,0.71,,,22.4,,33.7,65.9783,2.78,0.37,0.33,1,,5.75,92.5,50,,,reliable,
SB Acoustics,SB20PFC30,8.0,,,,216,7.7,5.6,0.84,,,21.2,,34,65.9783,2.66,0.43,0.37,1,,5.75,90.5,50,,,reliable,
SB Acoustics,SB20PFCR30,4.0,,,,216,6.6,3.4,0.71,,,22.4,,34,66.2,2.78,0.37,0.33,1,1.7,5.75,92.5,50,,,reliable,
SB Acoustics,SB20PFCR30,8.0,,,,216,7.7,5.6,0.84,,,21.2,,34,66.2,2.66,0.43,0.37,1,1.7,5.75,90.5,50,,,reliable,
SB Acoustics,SB20PFCS30-7,7,,,,222,5.6,5,0.95,,,19.6,,39,59.5,4.5,0.77,0.66,0.85,1.07,5.5,88,40,,,reliable,
SB Acoustics,SB23MFCL45,4.0,,,,210,9.6,3.3,0.73,,,59,,27,37,7.7,0.36,0.34,0.59,1.3,12,87.4,150,,,reliable,
SB Acoustics,SB23MFCL45,8.0,,,,210,11.3,6.2,1.02,,,53,,28.5,37,7.3,0.46,0.43,0.59,1.3,10.5,85,150,,,reliable,
SB Acoustics,SB23NACS45,8.0,,,,216,7.9,5.6,0.6,,,28.5,,25,93.7288,5.6,0.4,0.37,1.42,,13,87.5,60,,,reliable,
SB Acoustics,SB23NBACS45,4.0,,,,216,6.7,3.3,0.27,,,32,,23,94.8614,5.4,0.35,0.33,1.45,,6.5,90,60,,,reliable,
SB Acoustics,SB23NBACS45,8.0,,,,216,7.9,5.7,0.37,,,31.2,,25,93.1624,5.54,0.43,0.4,1.43,,6.5,87.5,60,,,reliable,
SB Acoustics,SB23NRXS45,4.0,,,,216,6.9,3.3,0.29,,,27.2,,27,87.4991,5.55,0.32,0.3,1.33,,6.5,92,60,,,reliable,
SB Acoustics,SB23NRXS45,8.0,,,,216,7.5,5.6,0.6,,,24.5,,27,93.7288,5.4,0.41,0.38,1.42,,6.5,88.5,60,,,reliable,
SB Acoustics,SB26SFCL38,4.0,10,,,346,8.2,3.3,1,,,55.2,,27.4,104,5.59,0.47,0.43,0.61,1.7,15.8,91,80,,,reliable,
SB Acoustics,SB26SFCL38,8.0,,,,346,9.6,6,1.6,,,53,,27.5,107,5.09,0.6,0.53,0.63,,8.2,88,80,,,reliable,
SB Acoustics,SB29NRX75,8.0,10,,,312,12.4,6.2,2.3,,,58.9,,26,85.6,7.06,0.39,0.37,0.63,1.4,11,88,200,,,reliable,
SB Acoustics,SB29NRX75-6,6,,,,312,10.7,4.2,1.8,,,78,,21,101.941,5.7,0.38,0.35,0.74,,11,88,200,,,reliable,
SB Acoustics,SB29NRX75-6,8,10,,,312,10.6,4.2,,,,76.8,,21,102,5.7,0.38,0.356,,,11,88.7,200,,,reliable,
SB Acoustics,SB29SWNRX-75-6,8,10,,,312,15.5,4.5,,,,130.9,,20,66,4.5,0.31,0.29,,,9.5,86.8,200,,,reliable,
SB Acoustics,SB29SWNRX-S75-6,6,,,,312,15.4,4.5,3,,,132,,20,66,4.5,0.31,0.29,0.48,3.7,11,86,200,,,reliable,
SB Acoustics,SB29SWNRX-S75-6,8,10,,,312,15,4.5,,,,130.9,,20,66,6.7,0.33,0.315,,,10,86.5,200,,,reliable,
SB Acoustics,SB34NRX75,16.0,12,,,508,14.5,14,3.2,,,72,,24.5,216,6.52,0.74,0.66,,,11,86,100,,,reliable,
SB Acoustics,SB34NRX75-6,6,,,,508,10.7,4.2,1.8,,,99,,19,259.949,5.1,0.43,0.4,0.71,,11,90,200,,,reliable,
SB Acoustics,SB34NRX75-6,8,12,,,508,10.7,4.2,,,,97.6,,19,260,5.1,0.43,0.397,,,11,91,200,,,reliable,
SB Acoustics,SB34NRX75-6,8,12,,,508,9.6,4.2,,,,77.8,,22.2,240,4.88,0.489,0.444,,,11,92,200,,,reliable,
SB Acoustics,SB34NRX75-6,8,12,,,530.9,11.3,4.5,,,,105.6,,22.9,181.3,7.65,0.53,0.496,,,11,90.6,200,,,reliable,
SB Acoustics,SB34NRXL75,8.0,12,,,508,16.6,6.2,1.2,,,93,,22,204.731,5.5,0.29,0.28,0.56,,10,91,200,,,reliable,
SB Acoustics,SB34SWNRX-S75-6,6,,,,508,15.4,4.5,3,,,154,,19,164,5,0.34,0.32,0.46,3.7,11,88,200,,,reliable,
SB Acoustics,SB34SWNRX-S75-6,8,12,,,508,15,4.5,,,,154.5,,18,183,7.3,0.35,0.334,,,11,89.3,200,,,reliable,
SB Acoustics,SB34SWNRX-S75-6 v2012,8,12,,,508,15.6,4.5,,,,154.8,,19,164,5,0.34,0.318,,,9.9,89.7,200,,,reliable,
SB Acoustics,SB34SWPL76,4.0,12,,,458,18,3.5,5.3,,,266,,19,78.5,8.6,0.34,0.33,0.26,3.7,15,85,300,,,reliable,
SB Acoustics,SB34SWPL76-4 v2019,4,12,,,458,18,3.5,,,,262.8,,19,78.5,8.6,0.34,0.327,,,9.7,87.6,300,,,reliable,
SB Acoustics,SB42FHC75-6,8,15,,,850,16.1,4.6,,,,159.4,,22.5,318,5.4,0.4,0.372,,,10.1,94,300,,,reliable,
SB Acoustics,SB42FHCL75-6,6,,,,850,16.7,4.6,2.1,,,166,,18.4,462,7.4,0.32,0.31,0.45,2.6,11.5,93,300,,,reliable,
SB Acoustics,SB42FHCL75-6,8,15,,,850,16.5,4.6,,,,164,,18.4,462,7.4,0.32,0.307,,,11.5,93.9,300,,,reliable,
SB Acoustics,SB65WBAC25,4.0,,,,20,2.9,3.6,0.15,,,2.5,,115,0.43,6,0.77,0.68,0.77,,2.65,83.5,20,,,reliable,
SB Acoustics,SW26DAC76,4.0,10,,,312,10.8,3.2,1.85,,,134,,22,54,4.5,0.51,0.46,0.39,4.1,12,86,200,,,reliable,
SB Acoustics,SW26DAC76,8.0,10,,,312,21.4,6.4,4.37,,,172,,19.5,54,4.4,0.29,0.28,0.39,4.8,12,83,250,,,reliable,
SB Acoustics,SW26DAC76-3-DV,2,,,,312,9.7,1.2,0.86,,,185,,19.5,49.7,5.96,0.29,0.28,0.36,3.8,12,88,300,,,reliable,
SB Acoustics,SW26DBAC76,4.0,,,,312,10.8,3.2,1.85,,,134,,22,54,4.5,0.51,0.46,0.39,4.1,12,86,200,,,reliable,
SB Acoustics,SW26DBAC76,8.0,,,,312,21.4,6.4,4.37,,,172,,19.5,54,4.4,0.29,0.28,0.39,4.8,12,83,250,,,reliable,
SB Acoustics,SW26DBAC76-3-DV,2,,,,312,9.7,1.2,0.4,,,185,,19.5,49.7,5.96,0.29,0.28,0.36,3.8,12,82.9,300,,,reliable,
SB Acoustics,SW26SFC38,4.0,10,,,340,11.2,3.5,1.27,,,64,,27,88,4.94,0.3,0.29,0.54,,3.5,93,80,,,reliable,
SB Acoustics,SW26SFC38,8.0,,,,340,13.5,6,1.38,,,63.7,,28.5,80,5.18,0.38,0.35,0.49,,3.5,,80,,,reliable,
SB Acoustics,WO24P,4.0,,,,255,7.6,3.3,0.29,,,42,,28,70.7921,6.7,0.42,0.4,0.77,,8.5,91,90,,,reliable,
SB Acoustics,WO24P,8.0,,,,255,9.9,5.8,0.56,,,44.5,,24.5,87.4991,5.7,0.41,0.38,0.95,,8.5,88,90,,,reliable,
SB Acoustics,WO24TX,4.0,,,,255,7.9,3.3,0.29,,,42.8,,26.3,79,5.66,0.37,0.35,0.86,1.25,8.75,91,90,,,reliable,
SB Acoustics,WO24TX,8.0,,,,255,10.45,5.8,0.56,,,44.2,,24.5,88,5.67,0.36,0.34,0.95,1.2,8.55,88,90,,,reliable,
SB Acoustics,WO34HC,8.0,,,,585,19,6.8,1,,,127,,20.2,238,5.37,0.3,0.29,0.49,3,16.6,89.5,,,,reliable,
SB Audience,12MW300,8,12,,,543.3,16.8,5.2,,,,54.5,,43,104,12.7,0.27,0.264,,,5.6,98.7,300,,,reliable,
SB Audience,12MWN400D,8,12,,,543.3,17.7,5.4,,,,77.4,,66,31.1,8.98,0.55,0.518,,,3.9,95.8,400,,,reliable,
SB Audience,18SW800,8,18,,,1256.6,21,5.1,,,,199.5,,33,258.1,9.09,0.48,0.456,,,9.3,96.8,800,,,reliable,
SB Audience,BIANCO-10MW150,8.0,10.0,,,366.4,15.1,5.1,0.64,,,44.4,,65.0,25.8,12.08,0.4,0.39,,,5.63,100.0,150.0,,,reliable,
SB Audience,BIANCO-10MW200,8.0,10.0,,,366.4,13.0,5.6,0.6,,,38.0,,56.0,41.0,2.28,0.43,0.36,0.22,,6.7,98.0,250.0,,,reliable,
SB Audience,BIANCO-120B150,8,12,,,539.1,12.2,7.2,,,,51.4,,44,103.8,6.39,0.69,0.623,,,6.8,93.5,300,,,reliable,
SB Audience,BIANCO-12MW200,8.0,12.0,,,543.3,14.7,5.3,0.83,,,65.2,,51.0,62.9,14.33,0.51,0.49,,,6.97,99.0,200.0,,,reliable,
SB Audience,BIANCO-12OB150-01,8,,,,539.1,12.2,7.2,1.18,,,52.4,,44,103.8,6.39,0.69,0.63,0.25,2.26,6.79,96,150,,,reliable,
SB Audience,BIANCO-15MW200,8.0,15.0,,,824.5,15.9,6.8,1.02,,,80.9,,44.0,153.3,15.19,0.61,0.58,0.16,,5.92,94.8,200.0,,,reliable,
SB Audience,BIANCO-15MW350,8.0,15.0,,,855.3,16.9,5.3,1.12,,,108.7,,39.0,157.5,13.09,0.49,0.48,,,7.42,100.0,350.0,,,reliable,
SB Audience,BIANCO-15MW500,8.0,15.0,,,907.0,18.8,5.3,1.04,,,110.0,,39.0,171.0,18.1,0.41,0.4,,,7.6,98.0,500.0,,,reliable,
SB Audience,BIANCO-15OB350,8,15,,,855.3,16.48,7.2,1.72,,,106.48,,34,212.73,12.17,0.6,0.57,0.21,1.87,11.02,98,350,,,reliable,
SB Audience,BIANCO-15OB350 V2,8,15,,,855.3,16.5,7.2,,,,105.6,,34,212.7,12.17,0.6,0.572,,,8.4,93.9,350,,,reliable,
SB Audience,BIANCO-15OB350 v2022,8,15,,,855.3,17.2,7.2,,,,106,,32,239.4,9.49,0.52,0.493,,,9.2,94.2,350,,,reliable,
SB Audience,BIANCO-15SW400,8,,,,845,19.8,5.6,1.29,,,134.1,,41,111.5,22.45,0.49,0.48,,1.55,9.2,99,400,,,reliable,
SB Audience,BIANCO-15W200,8.0,15.0,,,907.9,17.0,5.2,0.85,,,107.1,,47.0,123.5,10.62,0.57,0.54,,,8.53,100.0,300.0,,,reliable,
SB Audience,BIANCO-18SW450,8,,,,1244.1,18.8,5,1.37,,,190.3,,28,370.4,8.39,0.47,0.45,0.17,4,10.93,99,450,,,reliable,
SB Audience,BIANCO-18SW450 v2020,8,18,,,1244,19.4,5,,,,178.2,,27,423,6.11,0.4,0.375,,,9,97.2,450,,,reliable,
SB Audience,BIANCO-18SW450 v2024,8,18,,,1244.1,18.8,5,,,,189.3,,28,370.4,8.39,0.47,0.445,,,9.1,96.4,450,,,reliable,
SB Audience,BIANCO-18SW500,8,18,,,1269.2,19.8,5.7,1.64,,,195.2,,30,334.8,19.04,0.53,0.52,0.15,1.92,9.21,98,500,,,reliable,
SB Audience,BIANCO-8MW125,,,,,224.3,11.3,5.6,0.5,,,22.8,,89,10.1,14.63,0.57,0.55,0.14,0.87,6.42,97,120,,,reliable,
SB Audience,NERO-10MWN600D,8.0,10.0,,,356.3,18.2,5.4,0.27,,,52.2,,68.1,18.8,5.88,0.36,0.34,0.1,3.8,7.3,96.0,600.0,,,reliable,
SB Audience,NERO-12MWN400D,8.0,12.0,,,543.3,17.8,5.4,0.19,,,78.8,,66.0,31.1,8.98,0.55,0.52,0.07,,7.13,96.0,400.0,,,reliable,
SB Audience,NERO-12MWN700D,8.0,12.0,,,543.3,17.9,5.3,0.32,,,72.5,,52.7,52.5,8.9,0.4,0.38,0.13,2.7,7.3,97.0,700.0,,,reliable,
SB Audience,NERO-12MWN700D,8,12,,,543.3,18.1,5.3,,,,66.2,,54.4,53.6,7.223,0.365,0.347,,,6.2,97.5,700,,,reliable,
SB Audience,NERO-15MWN700D,8.0,15.0,,,865.7,17.7,5.4,0.37,,,107.6,,41.4,145.9,9.07,0.48,0.46,0.14,3.1,7.3,97.0,700.0,,,reliable,
SB Audience,NERO-15OBN450D,8,,,,865.7,11,5.3,0.8,,,130,,25,319,6.37,0.91,0.8,0.3,3.27,16,91,450,,,reliable,
SB Audience,NERO-15SW800,8,15,,,860.5,24.4,5.3,2.08,,,207.2,,31,137,7.59,0.36,0.34,0.13,5.25,14.27,96,800,,,reliable,
SB Audience,NERO-18SW1100D,8,,,,1256.6,30.9,5,1.36,,,294,,36,153.1,11.83,0.34,0.33,0.07,5.54,12.2,99,1100,,,reliable,
SB Audience,NERO-18SW1900D,8,18,,,1256.6,28.5,5.3,1.59,,,307.6,,34,157.9,15.68,0.43,0.42,0.07,4.21,17.5,95,1900,,,reliable,
SB Audience,NERO-21SW1100D,8,21.5,,,1654.7,30,5.1,1.29,,,309.3,,32,312.6,10.92,0.35,0.34,0.08,5.67,12.2,101,1100,,,reliable,
SB Audience,NERO-5CCN125D,8.0,5.0,,,93.3,10.6,5.4,0.03,,,7.9,,360.0,0.3,16.6,0.76,0.73,0.03,,3.2,99.0,125.0,,,unreliable,"vas_inconsistent: stated=0.3 L, computed=0.369943 L, difference=23.31% (limit 20%)"
SB Audience,NERO-6MRN150D,8.0,6.0,,,136.8,13.1,5.6,0.28,,,13.8,,200.0,1.1,2.96,0.58,0.48,,,3.43,98.0,150.0,,,reliable,
SB Audience,ROSSO-12MW300,8.0,12.0,,,543.3,17.4,5.2,0.73,,,54.3,,48.0,85.9,12.1,0.28,0.27,,,6.68,100.0,300.0,,,reliable,
SB Audience,ROSSO-15MW500,8.0,15.0,,,865.7,23.2,5.6,1.37,,,127.1,,42.0,121.3,9.39,0.35,0.33,0.11,3.55,8.38,100.0,500.0,,,reliable,
SB Audience,ROSSO-15SW800,8,,,,850.1,21.1,5.2,1.18,,,143.6,,45,87.6,9.99,0.48,0.46,0.09,4.1,11.28,99.2,800,,,reliable,
SB Audience,ROSSO-15W400,8.0,15.0,,,907.9,21.5,5.2,1.0,,,107.6,,44.0,140.1,11.15,0.34,0.33,,,8.26,102.0,400.0,,,reliable,
SB Audience,ROSSO-18SW1000D,8,18,,,1256.6,25.8,5.3,1.64,,,276,,35,164.3,10.13,0.49,0.46,0.07,6.05,13.67,98,1000,,,reliable,
SB Audience,ROSSO-18SW650,8,18,,,1244.1,20.6,5,1.4,,,189.7,,31,304.3,8.32,0.44,0.41,0.14,4.44,11.18,99,650,,,reliable,
SB Audience,ROSSO-18SW750,8,,,,1256.6,23.3,5.1,1.59,,,212.4,,36,206.9,10.5,0.45,0.43,0.09,,8.82,99,750,,,reliable,
SB Audience,ROSSO-18SW800,8,,,,1256.6,21,5.1,1.25,,,200.6,,33,258.1,9.09,0.48,0.46,0.12,4.59,11.33,99,800,,,reliable,
SB Audience,ROSSO-21SW800,8,,,,1661.9,24.1,6.4,1.82,,,301.4,,38,224.4,14.41,0.8,0.76,0.06,5.03,11.42,98,800,,,reliable,
SB Audience,ROSSO-6C200D,8.0,6.0,,,145.3,11.7,5.4,0.42,,,23.0,,61.0,8.8,12.0,0.35,0.34,,,5.24,93.0,200.0,,,reliable,
SB Audience,ROSSO-6MW150D,8.0,6.0,,,145.3,11.6,5.4,0.39,,,19.4,,66.0,8.8,9.24,0.33,0.32,0.3,0.88,5.24,94.0,150.0,,,reliable,
SB Audience,ROSSO-6MW151D,8.0,6.0,,,145.3,11.6,5.4,0.39,,,19.4,,66.0,8.8,9.24,0.33,0.32,,,5.24,94.0,150.0,,,reliable,
Scan-Speak,10F/4424G00,4,,,,36,3.9,3.2,0.1,,,2.8,,90,1.98218,3.2,0.32,0.29,1.1,,2.6,89.8,15,,,reliable,
Scan-Speak,10F/8414G10,8,,,,36.3,4.27,6.3,0.11,,,2.93,,100,1.41584,2.44,0.65,0.51,0.86,,2.3,86,10,,,reliable,
Scan-Speak,10F/8424G00,8,,,,36,4.8,5.8,0.13,,,2.77,,90,2.1,3.49,0.41,0.37,1.13,0.45,7,86.5,15,,,reliable,
Scan-Speak,10M/4614G06,4,,,,36,3.2,3.2,0.1,,,3,,110,,3.26,0.63,0.53,,0.64,2.6,88,,,,reliable,
Scan-Speak,11M/4631G05,4,,,,50,5.5,3.3,0.06,,,7.1,,68,2.7,4.54,0.33,0.31,0.77,,7,90,40,,,reliable,
Scan-Speak,12M/4631G00,4,,,,49,5.3,3.2,0.22,,,6.5,,75,2.26535,5.57,0.35,0.33,0.69,,3,89,40,,,reliable,
Scan-Speak,12MU/4731T00,4,,,,58,5.1,3.1,0.11,,,5.4,,64,5.3802,3.64,0.26,0.24,1.15,,3.5,90,80,,,reliable,
Scan-Speak,12MU/8731T00,8,,,,58,6.1,5.9,,,,4.7,,66,5.66337,3.63,0.31,0.29,1.24,,3.4,87.2,80,,,reliable,
Scan-Speak,12W/4524G00,4,,,,59,4.4,3.1,0.4,,,6.1,,50,7.92872,3.35,0.3,0.27,1.67,,3,88.8,40,,,reliable,
Scan-Speak,12W/8524G00,8,,,,59,5.4,5.7,0.6,,,5.6,,52,7.92872,3.42,0.35,0.32,1.67,,3,85.8,40,,,reliable,
Scan-Speak,15M/4624G00,4,,,,80,5.3,3.2,0.23,,,6.2,,100,3.68119,5.62,0.47,0.43,0.41,,1.5,92.4,75,,,reliable,
Scan-Speak,15M/8631G00,8,,,,95,6.8,6.9,0.22,,,10.9,,42,16.2,,0.37,0.35,1.28,0.5,8,87,50,,,reliable,
Scan-Speak,15W/4424G00,4,,,,80,5.4,2.9,0.4,,,8.1,,44,14.4416,3.73,0.22,0.21,1.62,,2.8,90.6,60,,,reliable,
Scan-Speak,15W/4434G00,4,,,,80,5.9,3,0.5,,,9.6,,43,12.8,3.69,0.22,0.21,1.43,0.7,8,89.5,60,,,reliable,
Scan-Speak,15W/8424G00,8,,,,80,6.6,5.5,0.5,,,7.54,,46,14.4416,3.6,0.27,0.25,1.62,,2.6,87.7,60,,,reliable,
Scan-Speak,15W/8434G00,8,,,,80,7.3,5.7,0.8,,,8.61,,45,12.8,3.74,0.27,0.25,1.43,0.66,,87,60,,,reliable,
Scan-Speak,15W/8530K00,8,,,,90,6.6,5.85,0.3,,,13,,39,16,5,0.43,0.39,,0.64,6.5,86,60,,,reliable,
Scan-Speak,15W/8530K01,8,,,,95,5.23,5.8,0.35,,,13,,32,24,5.8,0.55,0.5,1.9,0.47,6.5,,100,,,reliable,
Scan-Speak,15W/8534T00,8,,,,98,5.5,5.8,0.26,,,11,,32,30,3.6,0.43,0.39,,0.6,5,85.5,100,,,reliable,
Scan-Speak,15WU/8741T00,8,,,,92,7.5,5.9,0.41,,,12.3,,35,19.8218,3.37,0.28,0.26,1.68,,9,83.4,80,,,reliable,
Scan-Speak,18M/8631T00,,,,,154,6.5,6,0.22,,,14.2,,65,14,5.24,0.82,0.71,0.42,1.11,3,89,120,,,reliable,
Scan-Speak,18W/4434G00,4,,,,137,6,3,0.39,,,14.4,,47,20.7,7.81,0.37,0.35,0.79,,4.3,91.5,55,,,reliable,
Scan-Speak,18W/4531G00,4,,,,157,5.7,3.4,0.3,,,17.5,,33,41.1,5.2,0.38,0.35,1.33,0.7,11,90,70,,,reliable,
Scan-Speak,18W/4531G01,4,,,,150,5.7,3.4,0.51,,,17.5,,33,41.6258,5.2,0.38,0.35,1.33,,6.5,90,70,,,reliable,
Scan-Speak,18W/4545-03,4,,,,150,7.2,3.5,0.27,,,24.3,,30.5,35.4,1.8,0.32,0.27,1.12,,10,90.2,80,,,reliable,
Scan-Speak,18W/8424G00,8,,,,137,6.6,5.7,0.69,,,11.3,,54,20.105,4.04,0.51,0.45,0.77,,2.6,89.4,50,,,reliable,
Scan-Speak,18W/8434G00,8,,,,137,7.2,5.6,0.71,,,13.7,,50,19.5,7.58,0.46,0.43,0.74,0.57,4.2,88.7,55,,,reliable,
Scan-Speak,18W/8531G00,8,,,,150,6.8,5.8,0.35,,,17.5,,28,58.0495,5.1,0.39,0.36,1.85,,6.5,87,60,,,reliable,
Scan-Speak,18W/8535-01,8,,,,145,5.9,5.85,0.33,,,17.2,,25,68.8099,2.1,0.46,0.38,2.3,,5,87.2,70,,,reliable,
Scan-Speak,18W/8542-10,8,,,,135,6.9,5.7,0.2,,,13.6,,43,26,1.7,0.44,0.35,1,2.1,6.5,88,70,,,reliable,
Scan-Speak,18W/8545-01,8,,,,145,8.4,5.7,0.39,,,18,,25,68.6,1.55,0.22,0.2,2.3,,6.5,88,100,,,reliable,
Scan-Speak,18W/8545K00,8,,,,145,8.2,5.5,0.4,,,20.5,,28,46.4,5.2,0.3,0.28,1.58,,3.25,87.5,100,,,reliable,
Scan-Speak,18WE/4542T00,4,,,,133,8.1,3.4,0.1,,,17.5,,46,16.9901,5.62,0.26,0.25,0.68,,7.2,92.5,50,,,reliable,
Scan-Speak,18WE/8542T00,8,,,,133,9.7,6,0.14,,,16,,50,16,5.01,,0.32,0.64,1,7.7,89,50,,,reliable,
Scan-Speak,18WU/4741T00,4,,,,154,6,3.2,0.5,,,18.9,,30,49.2713,3.56,0.32,0.29,1.49,,9,87.2,80,,,reliable,
Scan-Speak,18WU/8741T00,8,,,,154,7.5,5.9,0.41,,,18,,31,48.4218,3.51,0.37,0.33,1.46,,9,85.4,80,,,reliable,
Scan-Speak,21W/8555-10,8,,,,220,8.2,5.5,0.4,,,32,,20,133.939,4.5,0.33,0.31,1.98,,6.5,87,100,,,reliable,
Scan-Speak,21WE/4542T00,4,,,,233,8.2,3.4,0.1,,,25,,38,54,5.43,0.3,0.28,0.7,1.1,7.2,93.5,50,,,reliable,
Scan-Speak,21WE/8542T00,8,,,,233,10,6.3,0.2,,,28,,36,54,6.33,0.4,0.38,0.7,1,7.7,91,50,,,reliable,
Scan-Speak,22W/4534G00,4,,,,235,6,3,0.55,,,23.7,,30,95,3.7,0.37,0.34,1.23,1.19,12,92.5,70,,,reliable,
Scan-Speak,22W/4851T00,4,,,,220,8.2,3.7,0.3,,,32.5,,21,126,5.2,0.23,0.22,1.85,,4.5,89,80,,,reliable,
Scan-Speak,22W/8534G00,8,,,,235,7.8,5.9,0.56,,,23.1,,30,94.2,4.14,0.43,0.39,1.22,1.05,12,89,70,,,reliable,
Scan-Speak,22W/8851T00,8,,,,220,9.9,6.2,1.35,,,31,,21,126,5.1,0.26,0.25,1.85,,4.5,88,80,,,reliable,
Scan-Speak,23W/4557T00,4,,,,232,9.3,3.45,1.65,,,101,,21,45,4.8,0.52,0.47,0.6,,13,82,225,,,reliable,
Scan-Speak,25W/8561,8,10,,,298,8.9,5.5,,,,28.7,,28,140,2.43,0.35,0.306,,,6.5,93,130,,,reliable,
Scan-Speak,25W/8565-00,8,10,,,330,8.2,5.5,0.4,,,43,,20,224.836,5.4,0.44,0.41,1.47,,6.5,88,100,,,reliable,
Scan-Speak,25W/8565-01,8,10,,,330,9.2,5.5,,,,46.8,,19,229,5.6,0.36,0.338,,,6.5,90,100,,,reliable,
Scan-Speak,25W/8567-SE,8,10,,,330,10.1,6,,,,50.2,,22,159,3.5,0.41,0.367,,,7.5,89.4,150,,,reliable,
Scan-Speak,26W/4534G00,4,10,,,350,8.8,3.8,,,,52.7,,23,156,9.57,0.37,0.356,,,6,92.3,90,,,reliable,
Scan-Speak,26W/4534G00,,,,,350,8.8,3.8,1.17,,,52,,23,156,9.57,0.37,0.36,0.92,,6,,90,,,reliable,
Scan-Speak,26W/4558T00,4,10,,,352,10.5,2.6,0.83,,,105,,21,94.9,5.56,0.33,0.31,0.55,2.49,12.5,88,80,,,reliable,
Scan-Speak,26W/4558T06,4,,,,352,10.5,2.6,0.83,,,105,,21,94.4,5.56,0.33,0.31,0.55,,28,88,150,,,reliable,
Scan-Speak,26W/4867T00,4,10,,,320,8.2,3.7,,,,50.3,,18,223,5.8,0.31,0.294,,,9,91.6,170,,,reliable,
Scan-Speak,26W/8534G00,8,10,,,350,10.1,5.7,0.96,,,50.5,,23,150,9.12,0.42,0.4,0.95,0.8,6,89,80,,,reliable,
Scan-Speak,26W/8534G00 v2011,8,10,,,350,10.4,5.7,,,,54.8,,23,150,9.12,0.42,0.402,,,6,89.8,80,,,reliable,
Scan-Speak,26W/8861T00,8,10,,,320,9.8,6.2,,,,43,,19,234,5.2,0.33,0.31,,,9,90,80,,,reliable,
Scan-Speak,26W/8867T00,8,,,,320,11.2,5.8,1.9,,,57,,19,176,4.5,0.31,0.29,1.23,,4.5,87,80,,,reliable,
Scan-Speak,26W/8867T00,8,10,,,320,9.8,5.8,,,,59.2,,21.9,128,5.4,0.49,0.449,,,9,87.8,170,,,reliable,
Scan-Speak,28W/4878T00,4,10,,,363,11.2,3.1,0.5,,,114.5,,18,127.143,5.6,0.32,0.3,0.68,,14,88.2,200,,,reliable,
Scan-Speak,28W/4878T01,4,,,,363,12,3.1,0.5,,,86,,23,104,6.21,0.27,0.26,0.56,2,7,91,200,,,reliable,
Scan-Speak,28W/8878T01,8,10,,,363,14.8,6.3,,,,83.3,,22,116,5.81,0.33,0.312,,,7.5,88.7,200,,,reliable,
Scan-Speak,30W/4552-01,4,12,,,526,14.5,3.7,,,,160.7,,34,52.9,4.2,0.6,0.525,,,6.6,90.7,350,,,reliable,
Scan-Speak,30W/4558T00,4,12,,,466,10.5,2.6,0.83,,,135,,17,197,5.01,0.34,0.32,0.65,2.88,12.5,89,150,,,reliable,
Scan-Speak,30W/4558T00SGERW,4,12,,,466,10.5,2.6,,,,135.4,,17,197,5.01,0.34,0.318,,,12.5,91.4,350,,,reliable,
Scan-Speak,30W/4558T06,4,,,,466,10.5,2.6,0.83,,,135,,17,197,5.01,0.34,0.32,0.65,2.88,28,89,150,,,reliable,
Scan-Speak,32W/4878T00,4,12,,,531,12.5,3.1,1.93,,,150,,18,207.5,7,0.33,0.32,0.52,,14,90,350,,,reliable,
Scan-Speak,32W/4878T00 v2015,4,12,,,526,12.6,3.1,,,,148.7,,18,203.9,7,0.33,0.315,,,11.1,91.7,200,,,reliable,
Scan-Speak,32W/4878T01,4,12,,,531,13,3.1,0.3,,,112,,23,170,6,0.3,0.28,0.43,2.7,7,92,150,,,reliable,
Scan-Speak,32W/4878T05,4,,,,526,12.5,3.1,0.5,,,165,,17,180,7,0.33,0.32,0.52,2.42,28,89,200,,,reliable,
Scan-Speak,32W/4878T11,4,,,,526,14,3.1,0.36,,,93,,24,185,4.25,0.22,0.21,,3.3,7,95,350,,,reliable,
Scan-Speak,32W/8878T01,8,12,,,526,15.6,6.1,0.68,,,114.8,,19,234,5.69,0.35,0.33,0.6,2.4,7.5,89,150,,,reliable,
Scan-Speak,32W/8878T11,8,12,,,526,16.5,6.1,0.6,,,95.5,,21,235,3.8,0.28,0.26,0.6,3.3,7.5,91.5,350,,,reliable,
Scan-Speak,38WE/8582T00,8,15,,,825,18.7,6.4,0.8,,,85.5,,26,423,3.78,0.26,0.24,,3.7,10.2,95,350,,,reliable,
Scan-Speak,5F/8422T01,8,,,,15.2,3.07,6,0.07,,,1.86,,93,0.566337,5.17,0.69,0.61,1.58,0.21,2,80,10,,,reliable,
Scan-Speak,D7608/920000,8,,,,55,4.7,5.7,0.13,,,3.3,,300,,7.75,2.22,1.73,0.09,,0.4,92,80,,,unreliable,"qes_inconsistent: stated=2.22 , computed=1.60507 , difference=27.70% (limit 20%)"
Scan-Speak,D7608/920010,8,,,,55,4.7,5.7,0.13,,,3.3,,300,,7.75,2.22,1.73,0.09,,0.4,92,80,,,unreliable,"qes_inconsistent: stated=2.22 , computed=1.60507 , difference=27.70% (limit 20%)"
SEAS,25 F EW 4 Ohms,4,10,,,350,7,3.2,,,,36.8,,26,175,3.8,0.39,0.354,,,4,94.9,60,,,reliable,
SEAS,25F-EWX,8,10,,,349,12,5.72,,,,37,,26,175,3.8,0.24,0.23,,,8,92.9,60,,,reliable,
SEAS,25F-EWX 4,4,10,,,350,9.3,3.2,,,,39.8,,25,175,4,0.23,0.217,,,4,96.7,60,,,reliable,
SEAS,25F-EWX 4,4,10,,,350,11.1,3.8,,,,59.7,,27,100,4.2,0.31,0.289,,,4,93.2,60,,,reliable,
SEAS,25F-EWX 8,8,10,,,350,12,5.8,,,,36.8,,26,175,3.8,0.24,0.226,,,4,94.5,60,,,reliable,
SEAS,25F-EWX-4,8,10,,,350,12.1,4,,,,62.5,,27.5,92,4.4,0.296,0.277,,,2.9,93.1,25,,,reliable,
SEAS,25F-WBC,16,10,,,330,8.8,10,,,,24.2,,35.1,129.6,3.63,0.69,0.58,,,6,90.1,60,,,reliable,
SEAS,25F-WBC,16,10,,,330,8.8,10,,,,24.2,,35.1,129.6,3.63,0.69,0.58,,,4,90.1,60,,,reliable,
SEAS,25F-WBX,8,10,,,340,7.8,6.47,,,,35,,32,114.5,3.006,0.745,0.597,,,6,89.9,60,,,reliable,
SEAS,33F-WB,8,12,,,550,11.6,6,,,,52.6,,27,280,2.7,0.4,0.348,,,5,94.6,80,,,reliable,
SEAS,33F-WK MH,8,12,,,548.7,11,5.8,,,,69.7,,21.6,327.7,2.59,0.45,0.383,,,5,92.1,80,,,reliable,
SEAS,33F-WKA,8,12,,,550,16.4,6,,,,71.6,,22,310,4.2,0.22,0.209,,,5,95,70,,,reliable,
SEAS,33F-WKA MINE,8,12,,,548.5,17.5,5.8,,,,84.4,,24.8,206.1,4.12,0.25,0.236,,,4.5,94.4,70,,,reliable,
SEAS,A26RE4,8,,,,350,9.7,6.3,3.8,,,37.4,,25,169,3.84,0.43,0.39,1.1,1.69,4,89,80,,,reliable,
SEAS,A26RE4 - H1411,8,10,,,350,9.6,6.1,,,,43.2,,25,161,5.28,0.45,0.415,,,4,90.6,80,,,reliable,
SEAS,A26RE4 - H1411-08 v2012,8,10,,,350,9.7,6.3,,,,41.2,,25,169,3.84,0.43,0.387,,,4,90.9,80,,,reliable,
SEAS,CA12RCY,8,,,,55,6.35,6.4,1.05,,,6.1,,57,5,2.17,0.36,0.31,1.3,1.04,3,86,60,,,reliable,
SEAS,CA15RLY,8,,,,80,5.5,5.6,0.82,,,7.7,,44,14,1.88,0.42,0.34,1.7,1.19,5,87.5,60,,,reliable,
SEAS,CA18RLY,8,,,,136,5.6,5.8,1.05,,,10.6,,42,32,2.92,0.56,0.47,1.4,1.04,5,90,80,,,reliable,
SEAS,CA18RNX,8,,,,136,7.2,5.8,1.2,,,14,,35,33,1.9,0.37,0.31,1.4,1.72,6,88.5,80,,,reliable,
SEAS,CA22RNX,8,,,,230,7,6.1,1,,,20.9,,29,97,2.04,0.52,0.41,1.4,2.05,6,89.5,80,,,reliable,
SEAS,CA22RNY,8,,,,230,8.5,6.2,1.55,,,19.8,,34,82,1.69,0.36,0.3,1.1,2.51,6,91,90,,,reliable,
SEAS,CA25FEY,8,10,,,350,10.3,6,,,,30,,31,150.7,1.83,0.33,0.28,,,6,94.6,80,,,reliable,
SEAS,CA25FEY/DD,8,10,,,350,10.3,6,,,,29.8,,31,151.7,1.83,0.33,0.28,,,6,94.6,80,,,reliable,
SEAS,CA25RE4XDC,4,10,,,350,7,2.9,,,,37,,25,187.9,3.63,0.34,0.311,,,8,95.7,80,,,reliable,
SEAS,CA26RE4X,8,,,,350,11.6,6.1,3.08,,,38.5,,25,164,3.99,0.3,0.28,1.1,1.66,4,91,80,,,reliable,
SEAS,CA26RE4X,8,10,,,350,11.2,6.1,,,,40.8,,27.3,143,4.69,0.34,0.317,,,7.1,92.5,80,,,reliable,
SEAS,CA26RE4X,8,10,,,350,11.4,6.1,,,,39.7,,24.8,178,4.59,0.29,0.273,,,7.6,92.9,80,,,reliable,
SEAS,CA26RE4X - H1316,8,10,,,350,11.6,6.1,,,,42.4,,25,164,3.99,0.3,0.279,,,7.3,92.5,80,,,reliable,
SEAS,CA26RFX,8,10,,,350,10.7,6.3,,,,40.1,,29,129,2.14,0.4,0.337,,,7,92,100,,,reliable,
SEAS,CD22RN4X,8,,,,230,11.4,6.1,3.47,,,41.6,,20,108,3.28,0.26,0.24,1.5,1.67,7,87,100,,,reliable,
SEAS,EXOTICW8,8,,,,212,9.2,6,0.43,,,13.9,,36,78,5.1,0.25,0.24,1.2,0.7,3,94,100,,,reliable,
SEAS,FA22RCZ,8,,,,222,6.4,5.7,0.09,,,12.6,,30,134,4.36,0.38,0.35,2.2,0.63,3,94,40,,,reliable,
SEAS,FEA18RCZ,8,,,,136,6.6,5.7,0.49,,,12.1,,42,31,6.29,0.42,0.39,1.19,0.51,3,89.7,40,,,reliable,
SEAS,FL8RCND/S,4,,,,23.8,3.2,3.3,0.14,,,3,,70,1.42,4.4,0.41,0.37,1.77,0.29,4.6,86,10,,,reliable,
SEAS,FU10RB,4.0,,,,38.5,2.72,3.3,0.29,,,4.5,,102,1,3.15,1.28,0.91,0.5,0.85,2,85,40,,,reliable,
SEAS,FU10RB,8,,,,38.5,3.56,6.42,0.16,,,4.05,,102,1,3.25,1.36,0.96,0.6,0.83,2,82.1,40,,,unreliable,"vas_inconsistent: stated=1 L, computed=1.25986 L, difference=25.99% (limit 20%)"
SEAS,H1411-08 A26RE4,8,10,,,329,9.2,6.3,,,,37.4,,24.8,169,3.8,0.43,0.39,,,4,89.6,80,,,reliable,
SEAS,L12RE/XFC,4,,,,47,5.5,3.1,0.48,,,9.2,,55,3,2.99,0.33,0.3,0.9,1.08,3,86,80,,,reliable,
SEAS,L16RN-SL,8,,,,104,6.1,6,0.64,,,14.7,,37,19,2.48,0.55,0.45,1.3,1.38,6,84,80,,,reliable,
SEAS,L22ROY2,8,,,,221,13.6,6.2,0.4,,,84,,27,27,4.11,0.49,0.44,0.4,3.56,11.5,83,250,,,reliable,
SEAS,L26RFX,8,10,,,330,10.7,6.3,,,,58.2,,20,166,2.3,0.4,0.341,,,7,88.2,125,,,reliable,
SEAS,L26RFX/P,8,10,,,330,10.7,6.3,1.83,,,53,,20,170.751,2.15,0.39,0.33,1.2,,7,88,125,,,reliable,
SEAS,L26RO4Y,4,,,,342,17.7,3.5,2.33,,,160,,26,40,3.94,0.29,0.27,0.24,6.53,15,86,250,,,reliable,
SEAS,L26RO4Y D1004-04,4,10,,,363,17.7,3.3,,,,176.6,,24,46,4.9,0.28,0.265,,,6.6,89.4,250,,,reliable,
SEAS,L26RO4Y-XM004-04 v2018,4,10,,,342,17.4,3.5,,,,153.6,,26,40,3.94,0.29,0.27,,,6.3,89.4,250,,,reliable,
SEAS,L26ROY,4,10,,,342,12,3.3,0.73,,,118,,25,56,5.6,0.45,0.42,0.34,3.31,14,87,250,,,reliable,
SEAS,L26ROY-XM001-04 v2018,4,10,,,342,11.7,3.3,,,,118.7,,25,56,5.6,0.45,0.417,,,9.7,88.7,250,,,reliable,
SEAS,L26ROY3,4,,,,342,12,3.3,0.73,,,118,,25,56,5.6,0.45,0.42,0.34,3.31,14,87,250,,,reliable,
SEAS,MCA15RCY,8,,,,80,6.8,5.8,0.73,,,7.1,,51,12,1.57,0.3,0.25,1.4,1.53,1.7,89.5,100,,,reliable,
SEAS,ML15RCY/TP,4,,,,75,4.8,3,0.24,,,8.6,,48,10,3.53,0.35,0.32,1.25,0.74,3.4,90,100,,,reliable,
SEAS,MR18REX/XF,8,,,,126,8.3,6.2,0.43,,,11.8,,126,,2.49,0.96,0.69,,4.26,3,89,80,,,reliable,
SEAS,MU10RB-SL,4,,,,38.5,2.9,3.3,0.14,,,4.51,,100,1.1,1.63,1.15,0.67,0.6,1.8,2,84.7,40,,,reliable,
SEAS,P25REX,8,10,,,350,8.5,6.1,,,,38.1,,27,156.8,2.3,0.54,0.437,,,6,90.7,80,,,reliable,
SEAS,P25REX/DD,8,10,,,350,8.5,6.1,,,,38.1,,27,156.8,2.3,0.54,0.437,,,6,90.7,80,,,reliable,
SEAS,RW220,4,,,,220,6.4,3.2,0.38,,,28.2,,29,68,2.11,0.43,0.36,1.1,2.59,5,91,110,,,reliable,
SEAS,T18REX/XFC,8,,,,126,7.8,6.2,0.7,,,13.3,,30,42,1.64,0.29,0.24,1.9,1.71,3,87.5,200,,,reliable,
SEAS,U18RNX/P,8,,,,126,6.9,5.9,0.25,,,13.5,,43,22,2.05,0.45,0.37,1,1.78,6,88,80,,,reliable,
SEAS,U22REX/P-SL,8,,,,220,8,6,0.7,,,19.8,,29,103,1.77,0.34,0.29,1.7,2.1,4,90.5,100,,,reliable,
SEAS,W12CY001,8,,,,126,8.4,6.1,0.65,,,15.5,,34,30,1.8,0.3,0.26,1.4,1.94,5,88,100,,,reliable,
SEAS,W15CY001,8,,,,75,5.5,5.5,0.49,,,9.5,,38,14,2.22,0.43,0.36,1.8,1.06,4,85.5,70,,,reliable,
SEAS,W18EX001,8,,,,126,8.4,6.1,0.65,,,15.5,,34,30,1.8,0.3,0.26,1.4,1.94,5,88,100,,,reliable,
SEAS,W18NX003,8,,,,126,7.4,6.3,0.12,,,15,,35,31,3.11,0.38,0.34,1.36,1.07,7,87.6,200,,,reliable,
SEAS,W22EX001,8,,,,220,8.1,6.1,0.61,,,26.2,,25,98,2.14,0.41,0.34,1.5,2.06,5,88,120,,,reliable,
SEAS,W22NY001,8,,,,220,8.8,6.1,0.61,,,20,,33,72,1.73,0.36,0.3,1.2,2.6,7,90,90,,,reliable,
SEAS,W26FX001,8,10,,,330,10.7,6.3,,,,59.7,,20,162,2.34,0.41,0.349,,,7,88,150,,,reliable,
SEAS,W26FX002,8,10,,,330,10.9,6.2,,,,46.3,,31,87,2.55,0.47,0.397,,,6.5,90.5,100,,,reliable,
Selenium,10MB3P,8,10,,,363,13.6,5.31,,,,32.8,,80,23,16.45,0.473,0.46,,,6,95.8,300,,,reliable,
Selenium,10PW3,8,10,,,350,10.6,6.3,,,,28.1,,73,29,6.32,0.73,0.654,,,1.3,94.9,150,,,reliable,
Selenium,12PW3,8,12,,,510,9.9,6.39,,,,36.9,,50,97,7.95,0.756,0.69,,,1.25,93.9,200,,,reliable,
Selenium,12PW3-4,8,12,,,510,9,4,,,,39.7,,52,86,7.85,0.64,0.592,,,1.3,97.8,200,,,reliable,
Selenium,12PW3-SLF,8,12,,,510,10.1,6.4,,,,38.1,,50,97,7.95,0.75,0.685,,,1.3,95,200,,,reliable,
Selenium,12PW5,8,12,,,510,15.3,6,,,,46.2,,43,108,16.33,0.32,0.314,,,3.7,97.5,300,,,reliable,
Selenium,12PW7,8,12,,,510,15.2,6,,,,69.1,,42,77,3.4,0.47,0.41,,,3,92.7,250,,,reliable,
Selenium,12SW10A DVC,2,12,,,519,7.8,1.7,,,,116.1,,36,63.6,6.6,0.74,0.665,,,7,94.7,600,,,reliable,
Selenium,12SW13ADVC 4+4,8,12,,,507,16.5,7.7,,,,141.9,,37,47,10.45,0.93,0.854,,,7,86.2,600,,,reliable,
Selenium,12SW3A DVC 2+2,4,12,,,507,12.6,3.7,,,,152.1,,35,49,10.08,0.78,0.724,,,6.5,89.6,600,,,reliable,
Selenium,12WS600,8,12,,,530,21.6,7.2,,,,78.6,,46,60,10.98,0.35,0.339,,,4.3,94.7,450,,,reliable,
Selenium,15B1,8,15,,,860.5,14.5,6.05,,,,112.6,,40,146,10.6,0.81,0.752,,,3,93.8,250,,,reliable,
Selenium,15PW3,8,15,,,862,12.3,6.23,,,,71.2,,37,274,5.81,0.682,0.61,,,3,94.9,250,,,reliable,
Selenium,15PW4,8,15,,,860.5,12.2,6.07,,,,82.5,,38,220.7,12.44,0.8,0.752,,,3,95,250,,,reliable,
Selenium,15PW5,8,15,,,860.5,17.1,5.5,,,,86.5,,40,190,16.82,0.41,0.4,,,5.7,98.3,350,,,reliable,
Selenium,15PW7,8,15,,,861,12.8,5.6,,,,86.3,,43,152,3.6,0.81,0.66,,,3,93.6,250,,,reliable,
Selenium,15SW1P,8,15,,,814,21.7,5.5,,,,122.5,,40,120,12.34,0.36,0.35,,,7.9,96.9,800,,,reliable,
Selenium,15SW3P,8,15,,,814,23.5,5.7,,,,137.5,,36,132,13.7,0.32,0.313,,,6.8,96.3,800,,,reliable,
Selenium,15W12P,8,15,,,855.3,12.2,5.61,,,,78.9,,38.5,222,9.37,0.72,0.669,,,1,96,200,,,reliable,
Selenium,15W12P Nd,8,15,,,855.3,12.2,5.61,,,,78.9,,38.5,222,9.37,0.72,0.669,,,1,96,200,,,reliable,
Selenium,15WS600,8,15,,,814,18.7,6.4,,,,89.3,,35,215,20.07,0.36,0.354,,,3.8,97,450,,,reliable,
Selenium,18SW1P,8,18,,,1194,21,5.5,,,,159.4,,37,232,11.45,0.46,0.442,,,8.7,97.7,800,,,reliable,
Selenium,18SW2P,8,18,,,1194,25.4,5.6,,,,218.2,,36,179,16.12,0.43,0.419,,,6.5,96.4,600,,,reliable,
Selenium,18SWS1100,8,18,,,1190,18.9,5.6,,,,137.7,,34,316,15.43,0.46,0.447,,,9.3,97.8,1100,,,reliable,
Selenium,18WS600,8,18,,,1185,19.2,6.3,,,,123.7,,33,375,18.8,0.44,0.43,,,3.8,96.7,600,,,reliable,
Selenium,38GPT12,8,15,,,855.3,12.5,5.9,,,,78.5,,42.2,185.7,3.861,0.792,0.657,,,5,95.8,200,,,reliable,
Selenium,38GPT12,8,15,,,855.3,13.4,5.9,,,,67.1,,39.9,242.8,3.17,0.551,0.469,,,5,97.8,200,,,reliable,
Selenium,8WP 300,8,8,,,232.35,12.32,5.83,0.91,,,24.98,,86.4,10.47723324,10.09,0.52,0.5,,,3,,300,,,reliable,
Selenium,STREET BASS 12W2A,4,12,,,556,9.88,3.3,,,,75.3,,30,164,11.09,0.48,0.46,,,3.75,91.5,250,,,reliable,
Selenium,TORNADO 18SW3A,4,18,,,1189,18.7,3.2,,,,239.4,,41,126.3,17.8,0.57,0.55,,,7.8,93.7,1100,,,reliable,
Selenium,VULCANO 3.8 18SWV3.8,4,18,,,1316,20.6,2.8,,,,275,,47.4,100.1,6.17,0.544,0.5,,,11,94.8,1900,,,reliable,
Selenium,WPU1205,8,12,,,495,20.3,6.7,,,,72.1,,46,57,11.92,0.34,0.331,,,4.3,94.9,450,,,reliable,
Selenium,WPU1207,8,12,,,495,21.1,6.6,,,,79.1,,46,52,21.84,0.34,0.335,,,4.3,94.5,500,,,reliable,
Selenium,WPU1505,8,15,,,814,20.5,6.7,,,,111.4,,36,163,14.7,0.4,0.389,,,4.3,95.5,450,,,reliable,
Selenium,WPU1507,8,15,,,814,20,6.6,,,,120.2,,36,151,13.94,0.45,0.436,,,4.3,94.8,500,,,reliable,
Selenium,WPU1509,8,15,,,814,21.1,6.2,,,,113.5,,36,164,18.34,0.35,0.35,,,3.8,95.2,450,,,reliable,
Selenium,WPU1805,8,18,,,1190,20.7,6.7,,,,137.7,,34,316,15.43,0.46,0.447,,,4.3,97.1,450,,,reliable,
Selenium,WPU1807,8,18,,,1194,21,6.7,,,,165.6,,31,318,15.33,0.49,0.475,,,4.3,95.6,500,,,reliable,
Siare,26SPCS,8,10,,,270,6.7,5.5,,,,22.5,,26,170,2.55,0.45,0.382,,,4,91.8,80,,,reliable,
Siare,28SPCR,8,10,,,310,8,6.5,,,,35.3,,26,143,3.24,0.59,0.499,,,4,89.2,60,,,reliable,
Siare,31C,8,12,,,530.9,11.2,7.2,,,,51.7,,23.3,356.7,2.125,0.431,0.358,,,4,92.6,120,,,reliable,
Siare,31SPCS,8,12,,,452,9.9,6,,,,70.7,,22,212,2.8,0.6,0.494,,,6,89,120,,,reliable,
Siare,31SPCT,8,12,,,460.9,13.6,7.1,,,,57.2,,18,407,5.01,0.25,0.238,,,4,92.3,120,,,reliable,
Siare,31SPCT,8,12,,,461,12,6.95,,,,79.8,,19.3,254,2.66,0.47,0.399,,,4,88.5,120,,,reliable,
Siare,31SPCT,8,12,,,461,12.6,6.9,,,,67.6,,23.4,204,2.71,0.43,0.371,,,4,90.5,120,,,reliable,
Siare,31TE,8,12,,,452,10.2,5.12,,,,42.6,,23,322,2.27,0.3,0.265,,,5,95.1,120,,,reliable,
Siare,31TE,8,12,,,452.4,10.1,6.1,,,,41.2,,53.4,62,8.28,0.82,0.746,,,4.1,93.8,120,,,reliable,
Siare,31TE,8,12,,,530.9,10.5,4.38,,,,57,,43.8,91.5,4.28,0.625,0.545,,,4.5,95.5,120,,,reliable,
Siare,31TE,8,12,,,530.9,10.5,4.2,,,,58.7,,41.3,99.9,3.99,0.58,0.506,,,4.7,95.6,120,,,reliable,
Siare,31TE 2B,16,12,,,470,14,10.5,,,,33.2,,39.4,152,0.99,0.44,0.305,,,4.5,94,120,,,reliable,
Siare,31TE V2,8,12,,,452,9.3,5.12,,,,35.4,,23,387,2.27,0.3,0.265,,,5,95.9,120,,,reliable,
Siare,31TE-2B,8,12,,,463,9,5.12,,,,35.7,,20.6,502,3,0.29,0.264,,,5,95.7,120,,,reliable,
SICA,10 BP 2 CS,8,10,,,330.1,13.5,6.13,,,,30.5,,54.6,42.6,5.93,0.35,0.33,,,1.5,96.1,150,,,reliable,
SICA,10 C 2 CP,8,10,,,346.4,12.5,6.3,,,,27.3,,54,53.6,3.98,0.37,0.339,,,4,96.6,150,,,reliable,
SICA,10 C 2 CP v2017,8,10,,,346.4,12.6,6.2,,,,27,,50,63.2,4.71,0.33,0.308,,,4.5,96.9,150,,,reliable,
SICA,10 D 1 CS,8,10,,,330,5.4,6.87,,,,15.2,,76.1,43.9,19.52,1.7,1.564,,,1.5,93.2,100,,,reliable,
SICA,10 D 1.5 CS - 4 Ohms,4,10,,,330,5.3,3.05,,,,19.1,,69,42.5,15.48,0.89,0.842,,,1,98.1,100,,,reliable,
SICA,10 E 2 CS,8,10,,,331.1,13.7,6.2,,,,31.2,,56,39.8,9.9,0.36,0.347,,,4.1,96,150,,,reliable,
SICA,10 E 2 CS 4 Ohms,4,10,,,330,10.2,3.02,,,,27.3,,60,39.3,8.02,0.3,0.289,,,2,100.7,150,,,reliable,
SICA,10 F 2.5 CP,8,10,,,346.3,16.3,5.84,,,,37.5,,52.4,41.4,6.5,0.27,0.259,,,3.4,96.8,150,,,reliable,
SICA,10 FE 2 CP,8,10,,,346.4,12,6.2,,,,29.9,,55.7,45.9,5.37,0.45,0.415,,,4,95.5,150,,,reliable,
Sica,10 Fe 2.5 CP,8,10,,,346.4,12.8,5.5,,,,33.5,,57,39.7,4.23,0.4,0.37,,,4,96.3,300,,,reliable,
SICA,10 FE 2.5 CP 4 Ohms,4,10,,,346.4,10.3,3.1,,,,34.3,,51,47.7,5.01,0.32,0.301,,,5.7,99.1,300,,,reliable,
SICA,10 FE 2.5 CP v2017,8,10,,,346.4,12.8,5.5,,,,33,,57,39.7,4.23,0.4,0.365,,,4,96.3,300,,,reliable,
Sica,10 Fe 3 CP,8,10,,,346.4,15.35,5.6,,,,41.4,,52,38.6,7.5,0.32,0.31,,,5,95.9,450,,,reliable,
SICA,10 FE 3 CP v2017,8,10,,,346.4,15.3,5.6,,,,40.8,,52,38.6,7.5,0.32,0.307,,,4.2,95.8,350,,,reliable,
SICA,10 H 2 CS 4 Ohms,4,10,,,339.8,10,3,,,,57.8,,30.6,75.8,3.72,0.33,0.303,,,5.3,94.4,150,,,reliable,
SICA,10 K 3 PL 4 Ohms,4,10,,,346.4,13.7,3.1,,,,46.5,,56,29.2,13.33,0.27,0.265,,,4,98.9,350,,,reliable,
SICA,10 K 3 PL 8 Ohms v2017,8,10,,,346.4,16,5.2,,,,41.6,,50.6,40,5.02,0.27,0.256,,,4,96.7,350,,,reliable,
Sica,10 K 4 PL,8,10,,,346.4,20.38,6.1,,,,56.8,,62.5,19.5,5.29,0.32,0.31,,,5,94.9,800,,,reliable,
SICA,10 L 2.5 SL 4 Ohms,4,10,,,330,10.3,3.62,,,,25.8,,56.5,46.9,6.11,0.31,0.295,,,4,99.8,250,,,reliable,
SICA,10 L 2.5 SL Z006900,8,10,,,330.1,13.3,6.04,,,,29.9,,54.4,43.8,4.84,0.35,0.326,,,4,96.2,250,,,reliable,
Sica,10 N 2.5 PL,8,10,,,346.4,12.8,5.5,,,,32.5,,57,40.9,4.25,0.39,0.36,,,4.5,96.6,300,,,reliable,
SICA,10 N 2.5 PL 4 Ohms,4,10,,,346.3,11.2,3.24,,,,31.2,,59.2,39,7.1,0.3,0.288,,,2,100.2,300,,,reliable,
SICA,10 N 2.5 PL v2017,8,10,,,346.4,12.7,5.5,,,,32.1,,57,40.9,4.25,0.39,0.357,,,4.5,96.5,300,,,reliable,
Sica,10 N 3 PL,8,10,,,346.4,15.89,5.7,,,,41,,51,40.5,8.05,0.3,0.29,,,5.5,96.1,400,,,reliable,
Sica,10 PN 3,8,10,,,346.4,16.06,5.1,,,,46.4,,48.1,40.1,4.36,0.28,0.26,,,7,96.1,400,,,reliable,
SICA,10 S 3 CP 4 Ohms,4,10,,,346.4,11.1,3.1,,,,42.9,,44,51.3,4.55,0.3,0.281,,,7,97.7,450,,,reliable,
SICA,10 S 3 CP v2017,8,10,,,346.4,15.3,5.1,,,,57.8,,43,39.9,4.02,0.34,0.313,,,7,93.6,450,,,reliable,
Sica,10 S 3 PL,8,10,,,346.4,16.86,5.1,,,,58.5,,43,39.9,4.8,0.28,0.27,,,7,94.5,400,,,reliable,
SICA,10 S 3 PL v2017,8,10,,,346.4,16.9,5.1,,,,57.8,,43,39.9,4.8,0.28,0.265,,,6.1,94.5,400,,,reliable,
Sica,10 SR 2 CP,8,10,,,339.8,10.85,6.07,,,,52.5,,32.8,73,4.54,0.56,0.49,,,7,89.8,200,,,reliable,
SICA,10 SR 2 CP 4 Ohms,4,10,,,353,10.6,3.28,,,,64.7,,35.3,54.9,6.87,0.42,0.396,,,5.3,93.4,150,,,reliable,
SICA,10 SR 2 PL,8,10,,,353,11.2,6.16,,,,50.6,,32.6,82.3,8.53,0.51,0.481,,,6.5,90.6,150,,,reliable,
SICA,10 SR 2 PL Z006004,4,10,,,353,9.1,3.16,,,,58.9,,33.6,66.5,4.28,0.47,0.423,,,6.5,93.3,150,,,reliable,
SICA,10 SR 2.5 CP 4 Ohms,4,10,,,353,10.6,3.28,,,,64.7,,35.3,54.9,6.87,0.42,0.396,,,5.3,93.4,300,,,reliable,
SICA,10 SR 2.5 CP 8 Ohms v2017,8,10,,,353,13.6,5.2,,,,55.7,,34.5,66.7,6.35,0.34,0.323,,,6,92.9,250,,,reliable,
SICA,"10SR2,5CP",8.0,10,,,353,13.7,5.2,1.16,,,56.5,,34.5,66.7,6.35,0.34,0.32,0.377,,6,93,300,,,reliable,
SICA,12 BP 2.5 CS,8,12,,,530.9,14.3,5.46,,,,56.2,,46.8,81.3,12.58,0.44,0.425,,,5,96.4,200,,,reliable,
SICA,12 BS 2.5 PL,8,12,,,530.9,14.3,5.46,,,,56.2,,46.8,81.3,12.58,0.44,0.425,,,5,96.4,250,,,reliable,
SICA,12 C 2 CP,8,12,,,530.9,12.6,6.2,,,,36,,63,70,5.63,0.56,0.509,,,4.2,98,200,,,reliable,
SICA,12 E 2 CS Z007660,8,12,,,490.9,14.4,6.16,,,,49.3,,47.5,76.9,2.12,0.44,0.364,,,4,95.8,200,,,reliable,
SICA,12 E 2.5 CS,8,12,,,490.9,14.5,6.1,,,,47.2,,50,72.5,8.72,0.43,0.41,,,2.8,96.4,250,,,reliable,
Sica,12 F 4 CP,8,12,,,530.9,26.01,5.2,,,,92.1,,46,52,6.24,0.21,0.2,,,6,97.8,700,,,reliable,
Sica,12 K 4 PL,8,12,,,530.9,22.85,5.1,,,,91,,48.5,47.4,4.2,0.27,0.25,,,7,97.1,1000,,,reliable,
SICA,12 K 4 PL 1400W,8,12,,,531,23.3,5.16,,,,91.6,,50.4,43.3,10.3,0.28,0.27,,,6,94.8,700,,,reliable,
SICA,12 K 4 PL 2000W,8,12,,,531,24.7,5.49,,,,93.6,,48,46.3,4.41,0.254,0.24,,,7,94.9,1000,,,reliable,
Sica,12 L1 2.5 SL,8,12,,,490.9,14.2,5.5,,,,47,,47.5,81.8,7.5,0.38,0.36,,,3.7,97.3,300,,,reliable,
SICA,12 N 2.5 PL,8,12,,,530.9,13.8,5.47,,,,41.1,,55.3,79.7,10.93,0.41,0.395,,,3.5,98.8,250,,,reliable,
Sica,12 N 3 PL,8,12,,,530.9,16,5,,,,56.5,,46,87.9,7.5,0.31,0.3,,,5.5,98.5,400,,,reliable,
Sica,12 PF 3,8,12,,,530.9,15.38,5.6,,,,60,,47,76.5,5.8,0.42,0.39,,,5.5,96.4,500,,,reliable,
Sica,12 PFS 3,8,12,,,530.9,15.89,5.1,,,,93.7,,43,58.5,5.35,0.51,0.47,,,7,93.6,500,,,reliable,
Sica,12 PFS 4,8,12,,,530.9,23.88,5.2,,,,120,,39,55.6,4.6,0.27,0.26,,,9,94.8,1000,,,reliable,
Sica,12 PNS 4,8,12,,,530.9,22.3,5.2,,,,115.9,,41.7,50.2,12.63,0.32,0.31,,,9.5,94.5,1000,,,reliable,
SICA,12 S 2.5 CS,8,12,,,490.9,20,6.2,,,,83.9,,33,93.7,13.8,0.27,0.265,,,6,94,300,,,reliable,
SICA,12 S 3 CP,8,12,,,530.9,15.8,5.2,,,,76.6,,44,67.5,5.08,0.44,0.405,,,6,95,350,,,reliable,
SICA,12 S 3 CP v2018,8,12,,,530.9,16.8,5.2,,,,73.8,,42,76.9,6.1,0.36,0.34,,,6,95.8,350,,,reliable,
Sica,12 S 3 PL,8,12,,,530.9,16.8,5.2,,,,74.8,,42,76.9,6.1,0.36,0.34,,,7,95.8,400,,,reliable,
Sica,12 SR 3 CP,8,12,,,490.9,16.57,5.2,,,,104,,37,60.9,2.96,0.46,0.4,,,8,92.2,450,,,reliable,
SICA,12 SR 3 CP v2018,8,12,,,490.9,16.3,5.1,,,,98.7,,36.8,64,3.2,0.44,0.387,,,6,92.5,350,,,reliable,
SICA,12 SR 3 CP v2020,8,12,,,490.9,16.1,5.1,,,,99,,37.8,60.5,3.2,0.46,0.402,,,5,92.5,350,,,reliable,
Sica,12 SR 3 PL,8,12,,,490.9,17.02,5.3,,,,108.5,,36,60.4,5.9,0.45,0.42,,,7,91.8,400,,,reliable,
SICA,12 SR 3 PL,8,12,,,467.6,16.3,5.22,,,,93.1,,28.7,101.2,7.9,0.33,0.317,,,7,92.4,350,,,reliable,
SICA,12 SR 3 PL v2018,8,12,,,490.9,17.1,5.3,,,,109.3,,36,60.4,5.9,0.45,0.418,,,7,91.7,400,,,reliable,
Sica,12 SR 4 CP,8,12,,,490.9,24,5.2,,,,144.6,,38,41.7,4.78,0.31,0.3,,,9,92.6,1000,,,reliable,
SICA,12S4PL,8.0,12,,,530.9,23.5,5.2,1.15,,,109,,40.4,57,4.5,0.26,0.25,0.142,,7.5,95.5,1000,,,reliable,
SICA,12SR3PL,4,12,,,467.6,13.9,3.15,,,,100.3,,27.4,103.1,7.48,0.28,0.27,,,7,94.8,400,,,reliable,
SICA,15 BP 2.5 CS,8,15,,,754.7,13.7,6.77,,,,55.9,,46.4,167.9,3.24,0.59,0.499,,,2.5,97.2,250,,,reliable,
SICA,15 BP 3 SL,8,15,,,754.8,14.3,5.52,,,,60.1,,41.9,191.6,17.11,0.43,0.419,,,4,98.7,350,,,reliable,
SICA,15 BS 2.5 PL,8,15,,,855.3,14.6,5.32,,,,83.9,,44,160,11.59,0.58,0.552,,,4,97.5,250,,,reliable,
SICA,15 CX 3 PL,8,15,,,855.3,17.1,5.1,,,,86.1,,44.5,152.4,12.88,0.42,0.407,,,5.5,99,400,,,reliable,
SICA,15 E 3 CS,8,15,,,754.8,17.6,6.66,,,,63.6,,43.1,171.3,13,0.37,0.36,,,2.5,98.5,350,,,reliable,
Sica,15 F 4 CP,8,15,,,855.3,26,5.1,,,,126,,46.4,97,7.73,0.28,0.27,,,7,99.4,700,,,reliable,
Sica,15 Fe 3 CP,8,15,,,855.3,19.1,5.2,,,,91,,40.2,170.4,9.52,0.34,0.33,,,5.5,99.4,400,,,reliable,
Sica,15 K 4 PL,8,15,,,855.3,23.95,5.1,,,,119,,46.5,102.3,11.43,0.31,0.3,,,8,99.2,1200,,,reliable,
SICA,15 L 2.5 SL,8,15,,,754.8,15.7,6.2,,,,74.7,,45,133.8,2.06,0.53,0.422,,,4,96.7,250,,,reliable,
Sica,15 N 3 PL,8,15,,,855.3,18.45,5.1,,,,84.8,,46.9,140.4,11.89,0.37,0.37,,,10,99.8,400,,,reliable,
Sica,15 PF 3,8,15,,,855.3,21.95,5.1,,,,110.5,,45,117.6,5.56,0.33,0.31,,,8,99.1,1200,,,reliable,
Sica,15 PFS 4,8,15,,,855.3,24.24,5.3,,,,166.5,,39,103.9,4.87,0.37,0.34,,,8,95.8,1200,,,reliable,
Sica,15 PNS 4,8,15,,,855.3,22.73,5.1,,,,161.8,,37.3,116.3,5.21,0.38,0.35,,,9,96,1200,,,reliable,
SICA,15 S 2.5 CS,8,15,,,754.6,17.9,6.3,,,,91,,36.3,168.7,17.94,0.41,0.401,,,6.4,96,250,,,reliable,
SICA,15 S 3 PL 4 Ohms,4,15,,,855.3,14.4,3.09,,,,107.7,,38.4,163.5,8.32,0.39,0.373,,,6.5,99.9,400,,,reliable,
Sica,15 S 4 PL,8,15,,,855.3,22.52,5.1,,,,132,,39.5,127.6,15.87,0.33,0.32,,,10,97.8,1200,,,reliable,
Sica,15 SR 4 CP,8,15,,,754.8,25.03,5.1,,,,175.1,,34,101.2,5.53,0.3,0.29,,,8,95.1,1200,,,reliable,
SICA,15PFS3,8.0,15,,,855.3,17.5,5.1,1.36,,,127.7,,39,135.5,3.24,0.52,0.45,0.13,,7,95.9,500,,,reliable,
Sica,18 F 3 CP,8,18,,,1164.2,17.22,5.1,,,,152,,31.6,321,3.1,0.52,0.44,,,6.5,96.9,500,,,reliable,
SICA,18 F 4 CP,8,18,,,1164,29.8,6.4,,,,179.1,,38,185.2,5.5,0.31,0.29,,,6.2,97,700,,,reliable,
Sica,18 PFS 4,8,18,,,1164.2,24.6,5.68,,,,240.2,,28.7,245.9,4.31,0.41,0.37,,,9.5,95.1,1200,,,reliable,
Sica,18 S 4 CP,8,18,,,1164.2,23.5,5.2,,,,198.6,,33,225,3.94,0.39,0.35,,,11,97.1,1200,,,reliable,
Sica,18 S 4 PL,8,18,,,1164.2,23.54,5.2,,,,197,,36.2,189,6.56,0.42,0.39,,,8,97.3,1200,,,reliable,
SICA,18K4PL,8.0,18,,,1164.2,26.8,6,1.6,,,178.8,,36.8,201,4.62,0.35,0.32,0.105,,6.5,97.8,1200,,,reliable,
SICA,18PF4,8.0,18,,,1164.2,24.6,5.2,1.85,,,229.2,,38,147.3,6.46,0.47,0.43,0.076,,8,96.3,1200,,,reliable,
SICA,21 S 4 PL,4,21.5,,,1661.9,22.5,3.51,,,,284.9,,38.7,229.8,4.19,0.48,0.431,,,6.4,100,1000,,,reliable,
Sica,21 S 4 PL,8,21,,,1661.9,36.1,5.7,,,,325,,34.6,255,9.95,0.31,0.3,,,5.2,98.8,1200,,,reliable,
Sica,3 L 0.8 SL,8,3,,,30.2,2.8,5.5,,,,2,,145,0.8,4.92,1.28,1.01,,,1.5,86.4,20,,,reliable,
Sica,3.5 F 1 CS,8,3.5,,,38.5,4.2,5,,,,3.3,,107,1.4,6.52,0.63,0.57,,,1.5,88.5,45,,,reliable,
Sica,3.5 H 1 CS,8,3.5,,,38.5,4.83,6.1,,,,4.1,,85,1.8,6.95,0.57,0.53,,,2.5,86.1,45,,,reliable,
Sica,3.5 L 1 SL,8,3.5,,,38.5,4.27,5,,,,3.3,,108,1.4,7.83,0.61,0.57,,,1.5,88.6,45,,,reliable,
Sica,4 D 0.8 CS,4,4,,,44.2,2.65,3,,,,3.1,,140,1.2,4.2,1.18,0.92,,,1.3,87.5,35,,,reliable,
Sica,4 E 1 CS,8,4,,,44.2,5.76,5.6,,,,3.9,,118,1.3,1.85,0.49,0.39,,,2.2,90.2,70,,,reliable,
Sica,4 L 1 SL,8,4,,,44.2,5.1,6,,,,5,,108.3,1.2,3.15,0.78,0.63,,,2.4,86.2,60,,,reliable,
Sica,5 D 1 CS,8,5,,,78.5,5.73,6,,,,6.4,,79,5.5,4.95,0.58,0.52,,,3,90,60,,,reliable,
Sica,5 F 1.5 CP,8,5,,,78.5,7.57,5.6,,,,8.7,,61,6.8,4.23,0.33,0.3,,,3.5,90.3,100,,,reliable,
Sica,5 M 1.5 PL,8,5,,,84.9,7.69,6,,,,6.1,,145,2,5.12,0.56,0.51,,,1.5,93.7,130,,,reliable,
Sica,5 N 1.5 PL,8,5,,,84.9,6.21,5.7,,,,7.1,,110.6,3,2.55,0.72,0.56,,,3,91,130,,,reliable,
Sica,5 NR 1.5 PL,8,5,,,78.5,6.65,5.6,,,,8,,61,7.4,4.1,0.39,0.35,,,3.5,90,130,,,reliable,
Sica,6 D 1.5 CS,8,6,,,122.7,7.38,6,,,,10.4,,108.5,4.4,3.21,0.79,0.63,,,1.5,91.7,100,,,reliable,
Sica,6 D 1.5 SL,8,6,,,122.7,8.35,5,,,,11.2,,110,4,2.65,0.55,0.46,,,1.5,93.9,130,,,reliable,
Sica,6 E 1.5 CS,8,6,,,122.7,7.5,5,,,,13.3,,60,11.3,2.4,0.45,0.38,,,2.5,91.5,100,,,reliable,
Sica,6 H 1.5 CP,8,6,,,122.7,8.39,6.1,,,,15.4,,46,16.6,3.68,0.38,0.35,,,6,89.4,120,,,reliable,
Sica,6 L 1.5 SL,8,6,,,122.7,7.5,5,,,,14.1,,59,11,2.31,0.47,0.39,,,2.5,91,130,,,reliable,
Sica,6 M 2 CP,4,6,,,138.9,8.62,3.1,,,,10.8,,135,3.5,4.05,0.38,0.35,,,2,96.8,150,,,reliable,
Sica,6 N 2 PL,8,6,,,122.7,9.5,5.7,,,,13.5,,68,8.7,4.02,0.36,0.33,,,3.5,92.3,200,,,reliable,
Sica,6 N 2.5 PL,8,6,,,122.7,13.5,6.2,,,,17.1,,80,4.9,3.05,0.29,0.27,,,4.5,92.5,300,,,reliable,
Sica,6 NR 2 PL,8,6,,,122.7,9.86,5.6,,,,15.7,,60.5,9.4,6.05,0.34,0.33,,,4,91.4,200,,,reliable,
Sica,6.5 H 1.5 CP,8,6.5,,,122.7,7.02,6.1,,,,13,,45.4,20.2,5.21,0.46,0.42,,,6,89.4,120,,,reliable,
Sica,8 D 1.5 CS,8,8,,,213.8,11.18,6.6,,,,16.8,,62,25.5,2.21,0.35,0.3,,,2.5,95.3,130,,,reliable,
Sica,8 Fe 2 CP,8,8,,,213.8,12.27,6.1,,,,21.7,,67,16.9,2.27,0.37,0.32,,,4.5,94.6,200,,,reliable,
Sica,8 Fe 2.5 CP,8,8,,,213.8,13.01,5.5,,,,19.8,,73,15.6,3.73,0.3,0.28,,,4,96.7,300,,,reliable,
Sica,8 H 1 CS,8,8,,,213.8,8.73,6.1,,,,24.1,,49.5,27.8,5.13,0.6,0.54,,,4,90.7,70,,,reliable,
Sica,8 H 1.5 CS,8,8,,,213.8,7.02,6.1,,,,24,,50.5,26.9,2.98,0.94,0.72,,,4,88.9,100,,,reliable,
Sica,8 H 2 CP,8,8,,,213.8,9.9,6.2,,,,30,,39.1,35.9,5.77,0.47,0.43,,,6.5,89.7,200,,,reliable,
Sica,8 K 3 PL,8,8,,,213.8,16.1,5.6,,,,29,,68.1,12.2,3.85,0.27,0.25,,,5,95.1,400,,,reliable,
Sica,8 L 2 SL,8,8,,,213.8,12.3,6.1,,,,22.1,,64,18.2,2.69,0.36,0.32,,,3.5,94.5,200,,,reliable,
Sica,8 M 1.5 CS,8,8,,,213.8,9.83,6,,,,11.6,,460,0.7,12.36,2.13,1.82,,,1,98.7,100,,,reliable,
Sica,8 N 2.5 PL,8,8,,,213.8,12.95,5.6,,,,20.3,,77,13.7,4.21,0.33,0.3,,,3.5,96.4,300,,,reliable,
SICA,"8S2,5CP",8.0,8,,,213.8,11.9,5.1,1,,,30.3,,54,18.6,3.44,0.37,0.33,0.287,,5,93,300,,,reliable,
SICA,BP12/150,8,12,,,490.9,16.3,6.2,,,,46.2,,50.2,73.5,5.14,0.34,0.319,,,3.1,97.5,150,,,reliable,
SICA,LP 266.25 / 280 ER 4,4,10,,,330,4.2,3.1,,,,16.9,,75,40.6,17.13,1.42,1.311,,,1.5,96.9,60,,,reliable,
SICA,LP 266.50 / 640 WT,8,10,,,330,9.5,6.5,,,,26.8,,53,51.4,4.36,0.64,0.558,,,3,93.7,60,,,reliable,
SICA,LP385.50/1100WT8(Z008130),8,15,,,759,11.2,6,,,,50.9,,48,176.3,5.5,0.74,0.65,,,3,96,150,,,reliable,
SICA,P-A-PL15B3S,8,15,,,855.3,16.2,5.24,,,,85.9,,46.5,139.8,11.5,0.5,0.479,,,5.5,98.3,350,,,reliable,
SICA,P-A-SL15B3P,8,15,,,754.8,14.3,5.52,,,,60.1,,41.9,191.6,17.11,0.43,0.419,,,4,98.7,350,,,reliable,
SICA,PL 12 B 2.5 S,8,12,,,530.9,14.3,5.46,,,,56.2,,46.8,81.3,12.58,0.44,0.425,,,5,96.4,350,,,reliable,
SICA,PL 12 B 3 S,8,12,,,530.9,15.3,5.27,,,,57.9,,46.7,79.3,5.57,0.38,0.356,,,5.5,97.1,350,,,reliable,
SICA,PL10B25S,8,10,,,346.3,12.8,5.14,,,,41.5,,57.6,30.9,6.45,0.47,0.438,,,4.8,94.9,250,,,reliable,
SICA,SAMPLE 7161,8,12,,,490,15.9,6.25,,,,86.6,,35.2,79.6,5.8,0.473,0.437,,,8,91.7,450,,,reliable,
SICA,SL10B25P,8,10,,,330,12.4,6.3,,,,28.4,,57,41.9,2.04,0.42,0.348,,,4,95.7,250,,,reliable,
SICA,Z005780,4,10,,,330,7.1,3.18,,,,41.6,,31.7,92.6,3.67,0.52,0.455,,,8.9,93.5,150,,,reliable,
Siemens,C 71233-4A-A1,16,10,,,314,11,13.3,,,,12.1,,70.2,58.6,7.41,0.59,0.546,,,4,95.1,80,,,unreliable,"coupling_failed: Mms free-air radiation-mass correction exceeds 50% of Mms (0.530), check Sd/Mms, stated Mms=12.1 g, computed Mmd=5.68302 g, radiation mass difference=53.03% (limit 50%)"
Siemens,KL405,8,12,,,660.5,11.5,5.57,,,,39.7,,75.8,68,20.71,0.8,0.77,,,3,99.2,200,,,reliable,
Skar Audio,EV-10 S2,2,10,,,366,10.3,1.95,,,,140.3,,47.5,15.2,6.76,0.768,0.69,,,8.5,85.1,150,,,reliable,
Skar Audio,EV-10 S4,4,10,,,366,13,3.68,,,,122.2,,50.9,14,7.05,0.852,0.76,,,8.5,85.2,150,,,reliable,
Skar Audio,EV-12 S2,2,12,,,536,10.5,2.1,,,,151.5,,43.1,36.7,6.77,0.781,0.7,,,8.5,87.6,200,,,reliable,
Skar Audio,EV-12 S4,4,12,,,536,13.6,3.42,,,,151.6,,45.7,34.8,6.08,0.804,0.71,,,8.5,88,200,,,reliable,
Skar Audio,ZVX-18V2 D2,2,18,,,1164,12.1,1,,,,465.9,,26.1,151.6,5.1,0.52,0.472,,,12.1,98.2,1600,,,reliable,
Skytronic,"15"" PP",8,15,,,829,12.6,6.5,,,,160.8,,29.2,178,4.11,1.2,0.929,,,6,88.6,300,,,reliable,
Skytronic,902.214,8,10,,,346,9.7,7.2,,,,51.4,,34.3,70.2,1.959,0.854,0.595,,,6.1,87.7,125,,,reliable,
Skytronic,902.222,8,12,,,506,14.2,7.1,,,,145.6,,22,129,1.62,0.71,0.494,,,6,85.4,150,,,reliable,
Skytronic,902.436,8,12,,,522,13.2,7,,,,84.4,,42,65,1.8,0.9,0.6,,,4,89.8,250,,,reliable,
Skytronic,902.439,8,15,,,844,16,7,,,,122.2,,30,230,13,0.63,0.601,,,4,92.5,300,,,reliable,
Skytronic,SP 1000,8,10,,,302.9,5.5,5.6,,,,23.3,,52,51.6,4.24,1.42,1.064,,,6,90.6,250,,,reliable,
Skytronic,SPC 254,8,10,,,346,11.7,7.1,,,,58.5,,38.5,49,0.94,0.74,0.414,,,4.1,88.3,150,,,reliable,
Sonido,SCW-250,8,10,,,333,8.6,6.4,,,,23,,37,125,3,0.46,0.399,,,3,94.3,30,,,reliable,
Sonido,SCW-300,8,12,,,464,9.9,7.4,,,,29.7,,35,210,2.2,0.49,0.401,,,4.5,95,50,,,reliable,
Sonido,SCW-400,8,15,,,880,15.5,6.4,,,,66.6,,34,357,3.11,0.38,0.339,,,5,98.6,125,,,reliable,
Sonido,SWR-250,8,10,,,326,8.5,7.7,,,,18.9,,37,146,2.65,0.47,0.399,,,1.8,94.1,15,,,reliable,
Sonido,SWR-250A,8,10,,,325,8,7.4,,,,19.1,,35,160,2.9,0.49,0.419,,,1.8,93.8,15,,,reliable,
Sonido,SWR-300,8,12,,,452,9.8,7,,,,27.5,,35,215,2.57,0.443,0.378,,,1.6,95.7,15,,,reliable,
Sono Concept Plus,E07094D,8,15,,,790,17.8,7.3,,,,262.1,,25,135.3,4.92,0.95,0.796,,,6.1,85.9,200,,,reliable,
Sony,XS-GSW101,4,10,,,359,14.7,3.7,,,,100,,39,30.5,5.3,0.42,0.39,,,6.4,88.2,350,,,reliable,
Sony,XS-GTR100L,4,10,,,367,11.51,3,,,,112,,40,27,4.65,0.637,0.56,,,7.5,86.2,330,,,reliable,
Sony,XS-GTR101L,4,10,,,348,10.5,2.91,,,,107,,44,21,9.3,0.78,0.72,,,6.9,85.4,370,,,reliable,
Sony,XS-GTR121L,4,12,,,498,15.2,3.51,,,,146,,35,50,7.9,0.488,0.46,,,8.4,88.3,400,,,reliable,
Sony,XS-GTX121LB,4,12,,,517,16.3,3.43,,,,215.9,,27.5,58.1,4.674,0.479,0.434,,,4.7,89.7,300,,,reliable,
Sony,XS-L100C,4,10,,,353,8.5,3.19,,,,53.9,,28.1,104,2.766,0.416,0.362,,,6.3,93.4,150,,,reliable,
Sony,XS-L103P5B,4,10,,,370,12.7,3.3,,,,132.3,,26.6,52.5,8.4,0.43,0.41,,,6.2,85.5,300,,,reliable,
Sony,XS-L104P5B,4,10,,,333.3,14.1,3.55,,,,143.8,,37.7,19.3,8.52,0.61,0.569,,,6,87.8,330,,,reliable,
Sony,XS-L121P5,4,12,,,486,16.1,3.2,,,,219,,26.4,55.5,5.9,0.44,0.42,,,7.5,85.5,350,,,reliable,
Sony,XS-L121P5S,4,12,,,515,12.5,3.3,,,,183.3,,22.6,102.1,5.59,0.55,0.51,,,11.5,89,350,,,reliable,
Sony,XS-L122P5S,4,12,,,508.5,15.1,3.3,,,,172.2,,24.8,86.7,7.02,0.39,0.369,,,5.7,91.1,380,,,reliable,
Sony,XS-L124P5B,4,12,,,490.9,14.6,3.95,,,,175.5,,33.1,44.5,7.82,0.68,0.626,,,6,88.8,380,,,reliable,
Sony,XS-L151P5,4,15,,,796,14.4,3.15,,,,235.8,,22.2,195.9,5.65,0.5,0.46,,,7,88.2,400,,,reliable,
Sony,XS-L154P5B,4,15,,,784.3,15.5,3.91,,,,251.7,,25.6,132.4,7.54,0.66,0.607,,,5.6,90.4,400,,,reliable,
Sony,XS-L156P5,4,15,,,784.3,14.7,3,,,,318.1,,25,109.9,6.35,0.69,0.622,,,5.5,90.2,450,,,reliable,
Sony,XS-NW1201,4,12,,,706,10.38,4.1,,,,156.69,,27.5,151.21,8.773,1.038,0.928,,,4.15,86.7,300,,,reliable,
Sound Storm Labs,CR12D,8,12,,,517,18.6,7.2,,,,150.6,,30.7,66.9,3.822,0.605,0.522,,,10.3,87.5,600,,,reliable,
Sound Storm Labs,SS10,4,10,,,344,7.8,3,,,,55.9,,32.3,72.1,4.82,0.564,0.505,,,11.2,92.6,300,,,reliable,
Soundstream,R1-12,8,12,,,510.7,21.5,6.8,,,,247.1,,21.5,81.1,9.21,0.49,0.465,,,18,84.8,1000,,,reliable,
Soundstream,R1-15,8,15,,,823.9,22.1,6.8,,,,314.1,,23.7,136.6,13.4,0.65,0.62,,,17.2,87.2,1300,,,reliable,
Soundstream,SPLX-122,8,12,,,452,19.5,4,,,,147.3,,35,40.2,5.387,0.342,0.322,,,8,92,750,,,reliable,
Soundstream,SPLX-152,4,15,,,851,23,3.8,,,,272.3,,38,65.4,4.594,0.465,0.422,,,6.8,94.1,1000,,,reliable,
Soundstream,SS-10R,4,10,,,350,10.8,3,,,,69.6,,35,51,8,0.393,0.375,,,6,93.7,200,,,reliable,
Soundstream,STEALTH-124,8,12,,,487,16.38,7.24,,,,159.37,,29.98,59.5,4.53,0.81,0.687,,,13,84.8,350,,,reliable,
Soundstream,STEALTH-13,4,13,,,551,11.27,3.62,,,,282,,30.2,42.17,1.92,1.525,0.85,,,6,80.7,200,,,reliable,
Soundstream,T4-12,4,12,,,521,20.9,3.2,,,,246.8,,36.5,29.3,3.584,0.414,0.371,,,6.6,91.3,900,,,reliable,
Soundstream,T5-15,8,15,,,903.2,25.5,4,,,,484.5,,19.7,153.4,3.6,0.371,0.336,,,12,90,1000,,,reliable,
SpeaKa,150/180,8,10,,,415.5,11.5,7.16,,,,74.7,,32,80.2,4.2,0.81,0.679,,,4,87.6,150,,,reliable,
SpeaKa,180/200,16,12,,,517,9,8,,,,104.9,,28,115.4,5.777,1.831,1.39,,,5.1,83.4,180,,,reliable,
SpeaKa,CPA10-100,8,10,,,333.3,12.5,7.1,,,,31.6,,56.3,39.4,3.012,0.511,0.437,,,3,93.9,100,,,reliable,
Sphynx,SP-31-S,8,12,,,529.5,8.1,7.09,,,,58.6,,41,101,5.46,1.63,1.255,,,3.8,88.8,150,,,reliable,
Sphynx,SP-W10-BP,8,10,,,353,9.3,7.8,,,,80.8,,37.5,39,2.567,1.707,1.025,,,3.7,82.9,150,,,reliable,
Sphynx,SP-W10-PRO,16,10,,,317,11.7,8.09,,,,35.1,,50,40.7,5.35,0.649,0.579,,,4,90.9,100,,,reliable,
Sphynx,SP-W10-SONO,8,10,,,346,8.7,7.91,,,,30.5,,44,72,8.93,0.89,0.809,,,4,90.4,100,,,reliable,
Sphynx,SP-W10-SQP,8,10,,,311.5,9.4,7.8,,,,44.6,,35,63,3.14,0.86,0.675,,,3,87.1,100,,,reliable,
Sphynx,SP-W12,8,12,,,530,10.4,6,,,,49.3,,28,258,3.05,0.48,0.415,,,4,93.9,100,,,reliable,
Sphynx,SP-W12 IND,8,12,,,572.6,7,7.8,,,,37.4,,30.4,336.9,3.617,1.142,0.868,,,4,91.3,100,,,reliable,
Sphynx,SP-W12-BK,8,12,,,530,10.4,6,,,,49.3,,28,258,3.05,0.483,0.417,,,4,93.9,100,,,reliable,
Sphynx,SP-W12-BP,8,12,,,572.6,7,7.8,,,,37.4,,30.4,336.9,3.617,1.136,0.864,,,4,91.3,100,,,reliable,
Sphynx,SP-W12-BP ferrite,8,12,,,572.6,5.8,7.9,,,,29.4,,34.3,337,3.77,1.48,1.063,,,6,91.7,100,,,unreliable,"coupling_failed: Mms free-air radiation-mass correction exceeds 50% of Mms (0.537), check Sd/Mms, stated Mms=29.4 g, computed Mmd=13.5979 g, radiation mass difference=53.75% (limit 50%)"
Sphynx,SP-W12-BP v2015,8,12,,,576,5.8,7.9,,,,29.7,,34.3,337,3.77,1.48,1.063,,,6,91.7,100,,,unreliable,"coupling_failed: Mms free-air radiation-mass correction exceeds 50% of Mms (0.537), check Sd/Mms, stated Mms=29.7 g, computed Mmd=13.757 g, radiation mass difference=53.68% (limit 50%)"
Sphynx,SP-W12-GLB,8,12,,,520,15,7.3,,,,142.3,,32,65.9,4.93,0.93,0.782,,,5.8,86,200,,,reliable,
Sphynx,SP-W12-PRO-2,8,12,,,517,7.7,6.5,,,,30.7,,33,284,3.2,0.7,0.574,,,4.3,94.5,100,,,reliable,
Sphynx,SP-W15-BP,8,15,,,912,9.4,7.9,,,,68.4,,23.8,762.4,4.438,0.913,0.757,,,4,92.5,150,,,reliable,
Sphynx,SP-W15-PRO,16,15,,,830,14.7,8.53,,,,87.5,,32,273,5.35,0.696,0.616,,,4,92.8,150,,,reliable,
Sphynx,SP-W15-SONO,8,15,,,855,12.7,5.5,,,,47.8,,38,376,2.31,0.387,0.331,,,4,100.9,150,,,unreliable,"coupling_failed: Mms free-air radiation-mass correction exceeds 50% of Mms (0.603), check Sd/Mms, stated Mms=47.8 g, computed Mmd=18.9673 g, radiation mass difference=60.32% (limit 50%)"
Sphynx,SP-W250-PP,8,10,,,319,7.2,6.45,,,,29.7,,43,65.8,3.72,1.01,0.794,,,4,90.1,80,,,reliable,
Sphynx,WRB15,16,15,,,851,15.4,8.1,,,,47.4,,38,376,2.31,0.387,0.331,,,4,99.2,150,,,unreliable,"coupling_failed: Mms free-air radiation-mass correction exceeds 50% of Mms (0.604), check Sd/Mms, stated Mms=47.4 g, computed Mmd=18.7694 g, radiation mass difference=60.40% (limit 50%)"
Stereo Integrity,HS-24 MKII,4,25,,,2077.8,25.4,2.9,,,,800.3,,18.6,553.7,5.52,0.42,0.39,,,15.9,95.7,2000,,,reliable,
Stereo Integrity,HST-18 Dual 2 Ohms,4,18,,,1178,25.9,3.9,,,,686.2,,16.4,267,7.1,0.41,0.388,,,19,89.7,2000,,,reliable,
Stereo Integrity,HST-18 MKII,4,18,,,1178.4,26.5,3.8,,,,660,,15.6,307,5,0.35,0.327,,,19,90.4,2000,,,reliable,
Stereo Integrity,HST-18 MkIII,4,18,,,1178.4,25.7,3.4,,,,792.6,,14.8,284,5.95,0.38,0.357,,,19,89.5,2000,,,reliable,
Stereo Integrity,HT 15,4,15,,,804.5,18.8,3.7,,,,305.2,,18.5,220,6.3,0.37,0.349,,,24.7,91.1,2000,,,reliable,
Stereo Integrity,HT 18,4,18,,,1178.4,19.4,3.5,,,,414.2,,17,411.9,5.8,0.41,0.383,,,25.1,92.5,2000,,,reliable,
Stereo Integrity,IB-24 D2 DVC,4,25,,,2129.4,23.5,3.7,,,,676.5,,20,595,12.2,0.57,0.545,,,15.8,94.5,1500,,,reliable,
Stereo Integrity,RM-15 15,8,15,,,851,26.2,6.1,,,,340.9,,29,89.7,5.3,0.55,0.498,,,9.7,89.2,1000,,,reliable,
Stereo Integrity,SHS-24,4,25,,,2077,29.3,2.01,,,,1088.7,,27,193,5.66,0.43,0.4,,,7.9,97.5,2000,,,reliable,
Stereo Integrity,SQL-15 15,4,15,,,800,20.1,3.5,,,,348.9,,23.8,115,5.83,0.45,0.418,,,12.1,90.9,1000,,,reliable,
Stromberg-Carlson,15 PO,16,15,,,703.5,10.7,8.2,,,,63.1,,24.6,461.6,2.995,0.693,0.563,,,5,91.8,150,,,reliable,
Stromberg-Carlson,RF 484,8,15,,,728.3,18.8,7.77,,,,174.3,,31.6,108,2.671,0.763,0.593,,,4,88.6,150,,,reliable,
Stromberg-Carlson,RF 484,8,15,,,728.3,11.6,7.83,,,,66.7,,31,294.9,2.798,0.76,0.598,,,4,92.7,150,,,reliable,
STX,CS.18.140.4.FG,4,,,180,133,,3.7,,,,,,86,,3.41,1.16,0.89,,,3,87,70,,,unreliable,driver_spec_invalid: bl_t_m: Field required
STX,D.12.800.8.TI,8,,1,116,,,5.9,,,,,,900,,,,,,,0.95,109,60,1600,,unreliable,"driver_spec_invalid: sd_cm2: Field required, bl_t_m: Field required"
STX,D.14.1000.8.TI,8,,1,135,,,7.1,,,,,,900,,,,,,,1.05,108,80,1300,,unreliable,"driver_spec_invalid: sd_cm2: Field required, bl_t_m: Field required"
STX,D.9.500.8.TI,8,,1,91,,,6.4,,,,,,1350,,,,,,,0.8,107,50,1900,,unreliable,"driver_spec_invalid: sd_cm2: Field required, bl_t_m: Field required"
STX,F.18.140.4.MCX,4,,,180,133,3.44,3.5,0.12,,,10.9,,49,24,2.48,0.99,0.71,0.97,,4,90,70,,,reliable,
STX,F.18.140.4.WMCX,4,,,180,133,3.42,3.3,0.09,,,10.9,,52,21,2.41,1.01,0.71,0.86,,4,90,70,,,unreliable,"source_hold: source_parameter_conflict: Detailed table Fs 52 Hz/Vas 21 L versus summary 49 Hz/24 L, detailed table retained pending confirmation."
STX,F.18.140.8.MCX,8,6.5,,180,133,3.9,5.4,0.15,,,10.1,,51,24,2.45,1.20,0.79,0.97,,4,90,70,,,reliable,
STX,F.18.140.8.WMCX,8,6.5,,180,133,3.8,5.1,0.13,,,10.4,,54,21,2.37,1.22,0.81,0.83,,4,90,70,,,reliable,
STX,F.30.300.8.MC,8,12,,305,490,7.1,6.1,0.39,,,48,,55,57,2.10,2.08,1.51,0.17,,4,94,150,,,unreliable,"qts_inconsistent: stated=1.51, computed Qms*Qes/(Qms+Qes)=1.04498, difference=30.80% (limit 20%)"
STX,F30.300.8.MC,8,12,,,490,7.1,6.1,,,,49.4,,55,57,2.1,2.08,1.045,,,2.4,89.7,150,,,reliable,
STX,M.11.100.8.MC,8,4,,116,57,2.7,5.5,0.15,,,2.7,,110,3.2,2.77,1.90,1.12,0.71,,1,88,50,,,unreliable,"qes_inconsistent: stated=1.9 , computed=1.4079 , difference=25.90% (limit 20%)"
STX,M.12.140.8.MC,8,4,,121,57,3.5,5.0,0.22,,,5.5,,88,2.7,2.71,1.24,0.85,0.59,,1.5,88,70,,,reliable,
STX,M.12.140.8.WMC,8,4,,121,57,3.4,5.0,0.22,,,4.9,,95,2.5,2.89,1.26,0.88,0.56,,1.5,88,70,,,reliable,
STX,M.15.150.8.MCX,8,5,,151,87,4.45,5.0,0.15,,,7.6,,70,7.6,2.38,0.83,0.61,0.72,,2,89,75,,,reliable,
STX,M.15.250.8.FCX,8,5,,156,95,8.9,5.8,0.28,,,12,,58,7.7,3.30,0.33,0.30,0.61,,2.25,90.5,75,,,unreliable,"source_hold: source_parameter_conflict: Detailed versus summary values differ for Fs and AES power, detailed-table set preserved pending confirmation."
STX,M.16.120.8.MC,8,6.5,,,143,3.65,6.1,0.43,,,9.9,,95,8.2,3.65,2.43,1.46,0.29,,1,90,60,,,reliable,
STX,M.18.140.8.MC,8,6.5,,180,143,4.6,5.0,0.22,,,11.5,,53,23,2.52,0.91,0.67,0.80,,1.5,90,70,,,reliable,
STX,M.18.140.8.WMC,8,6.5,,180,143,4.2,5.0,0.16,,,10.3,,51,27,2.47,0.97,0.69,0.94,,1.5,90,70,,,reliable,
STX,M.18.200.8.MCX,8,6.5,,181.5,143,7.4,5.7,0.26,,,13.5,,70,13,2.20,0.57,0.45,0.45,,3,92,75,,,unreliable,"source_hold: source_power_conflict: Detailed table AES 75 W versus features 100 W, 75 W retained pending confirmation."
STX,SW.10.2.500.8.F.A.FC.X,8,10,,,350,15.7,5.2,,,,118,,25,59,3.61,0.39,0.352,,,6.8,87.6,250,,,reliable,
STX,T.10.100.8.PC,8,3.5,,103.8,,,5.1,,,,,,690,,,,,,,0.25,91,12,2200,,unreliable,"driver_spec_invalid: sd_cm2: Field required, bl_t_m: Field required"
STX,T.10.150.4.MS,4,4,,103.8,,,2.8,,,,,,1050,,,,,,,0.375,90,15,3000,,unreliable,"driver_spec_invalid: sd_cm2: Field required, bl_t_m: Field required"
STX,T.10.150.8.MS,8,4,,103.8,,,4.9,,,,,,850,,,,,,,0.25,90,15,2800,,unreliable,"driver_spec_invalid: sd_cm2: Field required, bl_t_m: Field required"
STX,T.10.150.8.MSX,8,4,,103.8,,,4.9,,,,,,650,,,,,,,0.25,90,15,2200,,unreliable,"driver_spec_invalid: sd_cm2: Field required, bl_t_m: Field required"
STX,T.10.200.8.ALX,8,4,,103.7,,,5.5,,,,,,700,,,,,,,0.3,90,25,2000,,unreliable,"driver_spec_invalid: sd_cm2: Field required, bl_t_m: Field required"
STX,T.10.200.8.MSX,8,4,,103.8,,,4.9,,,,,,650,,,,,,,0.25,90,20,2200,,unreliable,"driver_spec_invalid: sd_cm2: Field required, bl_t_m: Field required"
STX,T.10.200.8.PC,8,4,,103.7,,,5.1,,,,,,1050,,,,,,,0.5,92,20,2900,,unreliable,"driver_spec_invalid: sd_cm2: Field required, bl_t_m: Field required"
STX,T.10.200.8.PCX,8,4,,103.7,,,5.5,,,,,,750,,,,,,,0.3,91,25,2000,,unreliable,"driver_spec_invalid: sd_cm2: Field required, bl_t_m: Field required"
STX,T.10.250.8.PC,8,,,103.7,,,5.1,,,,,,1040,,,,,,,0.5,98,25,2800,,unreliable,"driver_spec_invalid: sd_cm2: Field required, bl_t_m: Field required"
STX,T.10.250.8.PCX,8,4,,103.7,,,5.5,,,,,,740,,,,,,,0.4,92,25,2000,,unreliable,"driver_spec_invalid: sd_cm2: Field required, bl_t_m: Field required"
STX,T.10.800.8.AL,8,4,,115,,,5.8,,,,,,3200,,,,,,,0.75,106,30,4900,,unreliable,"driver_spec_invalid: sd_cm2: Field required, bl_t_m: Field required"
STX,T.18.250.8.PH,8,,,,,,7.1,,,,,,1550,,,,,,,0.55,104,18,2500,,unreliable,"driver_spec_invalid: sd_cm2: Field required, bl_t_m: Field required"
STX,T.9.100.4.MS,4,3.5,,91.5,,,2.8,,,,,,740,,,,,,,0.25,89,10,2400,,unreliable,"driver_spec_invalid: sd_cm2: Field required, bl_t_m: Field required"
STX,T.9.100.8.MS,8,3.5,,91.5,,,4.9,,,,,,640,,,,,,,0.25,89,10,2400,,unreliable,"driver_spec_invalid: sd_cm2: Field required, bl_t_m: Field required"
STX,T.9.200.8.PC,8,4,,,,,5.1,,,,,,1050,,,,,,,0.5,92,20,2900,,unreliable,"driver_spec_invalid: sd_cm2: Field required, bl_t_m: Field required"
STX,T.9.250.8.PH,8,,,,,,7.1,,,,,,1550,,,,,,,0.55,104,18,2500,,unreliable,"driver_spec_invalid: sd_cm2: Field required, bl_t_m: Field required"
STX,W.11.100.8.MC,8,4,,116,57,4.1,5.5,0.26,,,6.4,,84,2.6,1.92,1.10,0.70,0.56,,3,85,50,,,reliable,
STX,W.12.100.8.MC,8,4,,121,57,3.5,5.0,0.28,,,5.5,,76,3.6,2.31,1.10,0.74,0.79,,4,86,50,,,reliable,
STX,W.12.100.8.WMC,8,4,,121,57,3.5,5.0,0.32,,,5.4,,77,3.5,2.25,1.02,0.70,0.78,,4,86,50,,,reliable,
STX,W.15.140.8.MCX,8,5,,151,870,5.1,5.1,0.25,,,8.3,,45,16,1.74,0.46,0.36,1.51,,4,89,70,,,unreliable,"coupling_failed: Mms free-air radiation-mass correction exceeds 50% of Mms (3.566), check Sd/Mms, stated Mms=8.3 g, computed Mmd=-21.2948 g, radiation mass difference=356.56% (limit 50%); vas_inconsistent: stated=16 L, computed=1619.07 L, difference=10019.20% (limit 20%)"
STX,W.15.160.16.FCX,16,5,,156,95,8.1,11.3,0.28,,,9.5,,38,25,3.30,0.38,0.36,1.85,,5.25,89,100,,,reliable,
STX,W.15.160.8.FCX,8,5,,156,95,5.1,5.1,0.18,,,10.9,,37,21,6.30,0.37,0.35,1.65,,5.25,88,100,,,unreliable,"qes_inconsistent: stated=0.37 , computed=0.496864 , difference=34.29% (limit 20%)"
STX,W.16.50.4.MC,4,6.5,,,143,3.4,3.4,0.32,,,13.9,,66,11.8,3.41,1.42,1.01,0.41,,3,87,30,,,reliable,
STX,W.16.50.8.MC,8,6.5,,,143,3.1,5.3,0.37,,,13.2,,59,16.2,3.11,1.62,1.07,0.55,,3,87,30,,,unreliable,"qes_inconsistent: stated=1.62 , computed=2.69872 , difference=66.59% (limit 20%)"
STX,W.18.140.4.MCX,4,6.5,,180,143,5.5,3.3,0.52,,,15.5,,40,29,2.64,0.42,0.36,1.01,,4,89,70,,,reliable,
STX,W.18.140.4.WMCX,4,6.5,,180,143,5.7,3.3,0.46,,,16.5,,40,27,2.61,0.43,0.37,0.94,,4,89,70,,,reliable,
STX,W.18.140.8.MCX,8,6.5,,180,143,6.0,5.1,0.61,,,15.1,,37,35,2.31,0.48,0.39,1.31,,4,89,70,,,reliable,
STX,W.18.140.8.WMCX,8,6.5,,180,143,5.9,3.3,0.62,,,14.9,,38,34,2.33,0.49,0.40,1.28,,4,89,70,,,unreliable,"qes_inconsistent: stated=0.49 , computed=0.337256 , difference=31.17% (limit 20%)"
STX,W.18.180.16.FCX_v2,16,6.5,,182,125,9.1,10.2,0.43,,,13.7,,37,30,4.79,0.39,0.36,1.35,,6.25,90,140,,,unreliable,"source_hold: source_impedance_conflict: Model/catalogue specify 16 ohm, but the parameter section says 8 ohm."
STX,W.18.180.8.FCX_v2,8,6.5,,182,125,7.1,5.5,0.31,,,14.6,,36,29,4.93,0.38,0.35,1.30,,6.25,90,140,,,reliable,
STX,W.18.200.8.FGX_v3,8,6.5,,181.5,133,7.2,5.6,0.39,,,17.9,,35,30,2.90,0.42,0.36,1.20,,6,89,100,,,reliable,
STX,W.18.200.8.MCX_v2,8,6.5,,181.5,133,7.2,5.5,0.29,,,18.1,,34,30,2.54,0.41,0.35,1.20,,6,89,100,,,unreliable,source_hold: source_revision_conflict: Catalogue v2 versus descriptive heading/image captions v3.
STX,W.18.220.8.MCX,8,6.5,,182,133,7.6,6.0,0.28,,,14.5,,39,29,1.70,0.37,0.30,1.15,,6,90,110,,,reliable,
STX,W.20.140.8.MC,8,8,,204,224,5.9,5.1,0.68,,,22.5,,27,91,2.12,0.58,0.45,1.42,,4.5,90,70,,,reliable,
STX,W.20.300.2x2.MC,4,8,,210,214,9.2,3.3,2.01,,,57,,33,26,3.50,0.45,0.39,0.38,,9,86,200,,,reliable,
STX,W.20.300.2x4.MC,8,8,,210,214,11.9,5.3,2.49,,,54,,35,25,3.60,0.48,0.42,0.38,,9,86,200,,,reliable,
STX,W.20.80.4.MC,4,8,,205,214,4.1,3.6,0.22,,,22.5,,48,33,3.10,1.40,0.97,0.51,,3.5,89,60,,,reliable,
STX,W.20.80.8.MC,8,8,,205,214,4.6,5.0,0.40,,,18.6,,32,88,2.95,0.87,0.68,1.38,,3.5,89,60,,,reliable,
STX,W.22.200.8.MCX_v3,8,8,,227.5,214,6.1,5.0,0.29,,,21.7,,26,117,2.45,0.46,0.39,1.79,,5,91,100,,,unreliable,source_hold: source_revision_conflict: Catalogue v3 versus internal v4 and URL/response caption v2.
STX,W.22.250.8.FCX,8,8,,221,214,11.1,5.2,1.05,,,49,,28,36,3.37,0.38,0.34,0.58,,6.5,88,150,,,reliable,
STX,W.25.200.8.MC,8,10,,,345,10.1,5.2,,,,52.2,,32,79,2.25,0.54,0.435,,,4.5,90.7,100,,,reliable,
STX,W.25.200.8.MC,8,10,,255,345,11.2,5.3,1.9,,,54,,28,95,3.27,0.41,0.36,0.57,,4.5,90,100,,,reliable,
STX,W.25.300.8.MC,8,10,,,346,8.9,5.2,,,,27.7,,51,59,2.9,0.58,0.483,,,4,95.2,150,,,reliable,
STX,W.25.300.8.MC_v2,8,10,,255,346,9.7,5.7,0.78,,,32,,65,32,5.10,0.78,0.68,0.19,,4,95,150,,,reliable,
STX,W.25.400.2x2.MC,4,10,,256,315,14,3.6,2.11,,,96,,33,34,3.60,0.36,0.33,0.24,,7.5,88,300,,,reliable,
STX,W.25.400.2x4.MC,,10,,256,315,17,5.6,3.15,,,93,,32,35,3.00,0.37,0.33,0.25,,7.5,89,300,,,unreliable,"source_hold: source_impedance_conflict nominal_impedance_unresolved: Catalogue/title 2x4 ohm versus feature/parameter table 2x2 ohm, combined nominal Z not assigned."
STX,W.25.400.8.MCX,8,10,,,344,13.5,5.4,,,,28.8,,54,50,9.71,0.29,0.282,,,3.5,98,200,,,reliable,
STX,W.25.400.8.MCX,8,10,,260,346,13.5,5.4,0.36,,,30.5,,54,50,9.71,0.29,0.28,0.29,,3.5,98,200,,,reliable,
STX,W.27.400.8.MC,8,10,,,345,12.1,5.3,,,,55.7,,31,79,2.11,0.39,0.329,,,7.6,91.6,200,,,reliable,
STX,W.27.400.8.MC,8,10,,281,345,10.4,5.2,0.95,,,46,,27,124,2.45,0.38,0.33,0.75,,5.5,92,250,,,reliable,
STX,W.27.500.8.FCX,8,10,,,350,15.7,5.2,,,,118,,25,59,3.61,0.39,0.352,,,9.6,87.6,300,,,reliable,
STX,W.27.500.8.FCX,8,10,,260,350,15.8,5.2,1.37,,,120,,25,59,3.61,0.39,0.35,0.34,,13.5,88,300,,,reliable,
STX,W.30.200.8.MC,8,12,,,510,9.1,5.2,,,,64.9,,31,148,2.93,0.79,0.622,,,6.2,91.3,100,,,reliable,
STX,W.30.200.8.MC,8,12,,305,510,9.8,5.2,1.93,,,65,,29,166,4.21,0.64,0.56,0.45,,4,91,100,,,reliable,
STX,W.30.300.4.MC,4,12,,305,490,6.4,2.8,0.45,,,39,,50,88,6.51,0.85,0.75,0.26,,3.5,95,150,,,reliable,
STX,W.30.300.8.MC,8,12,,305,490,9.1,5.1,0.72,,,56,,34,136,3.11,0.72,0.59,0.41,,4.5,94,150,,,reliable,
STX,W.30.500.2x2.MC,4,12,,311,490,14.5,3.6,2.28,,,135,,29,76,3.40,0.43,0.38,0.23,,7,89,300,,,reliable,
STX,W.30.500.2x4.MC,8,12,,311,490,19,5.8,2.85,,,155,,29,62,3.20,0.45,0.39,0.19,,7,89,300,,,reliable,
STX,W.30.500.8.MC v2,8,12,,313,530,15.6,5.6,0.97,,,45,,53,78,3.15,0.35,0.31,0.20,,5.5,99,250,,,reliable,
STX,W.30.750.8.MCX,8,12,,314,510,16.2,5.0,0.28,,,75,,47,57,3.30,0.42,0.37,0.15,,6,96.5,400,,,reliable,
STX,W.32.500.8.MC,8,12,,,491,14.6,5.4,,,,88.4,,25,155,2.03,0.35,0.299,,,7.5,92.1,300,,,reliable,
STX,W.32.500.8.MC_v2,8,12,,332,491,14.5,5.6,1.27,,,76,,24,199,2.48,0.30,0.27,0.59,,7.5,93,300,,,reliable,
STX,W.32.800.8.FCX,8,,,326,491,17.2,5.4,1.68,,,160,,24,96,3.34,0.45,0.39,0.27,,15,89,400,,,reliable,
STX,W.38.1200.8.MC,8,15,,386,855,20.1,5.0,2.21,,,160,,28,207,4.17,0.35,0.32,0.20,,8,95,600,,,reliable,
STX,W.38.500.4.MC,4,15,,385,855,11.6,3.2,0.58,,,92,,38,196,3.97,0.52,0.46,0.19,,5,97,250,,,reliable,
STX,W.38.500.8.MC,8,15,,385,855,12.8,5.1,0.74,,,80,,32,315,3.17,0.48,0.41,0.31,,5,98,250,,,reliable,
STX,W.38.800.4.MC,4,15,,,855,17,3,,,,130.9,,27,272,4.37,0.23,0.219,,,8,99.9,500,,,reliable,
STX,W.38.800.4.MC,4,15,,388,850,17,3.0,2.45,,,140,,27,272,4.37,0.23,0.22,0.27,,8,96.5,500,,,reliable,
STX,W.38.800.8.MC,8,15,,,855,22.3,5.7,,,,134,,28,247,3.71,0.27,0.252,,,8,96.5,500,,,reliable,
STX,W.38.800.8.MC,8,15,,388,850,23,5.7,3.68,,,136,,28,247,3.71,0.27,0.24,0.24,,8,96.5,500,,,reliable,
STX,W.46.1300.8.MC,8,18,,,1260,30,5.1,,,,265.2,,36,164,5.8,0.34,0.321,,,5.5,97.5,700,,,reliable,
STX,W.46.1300.8.MC,8,18,,465,1260,31,5.1,5.91,,,268,,36,164,5.80,0.34,0.32,0.07,,11,98,700,,,reliable,
STX,W.STX.12.2.500.4.F.S.MC,4,12,,,491,11.1,3.1,,,,90.7,,25,151,2.21,0.36,0.31,,,7.5,94.3,250,,,reliable,
Supravox,215-2000,8,10,,,283,7.2,4,,,,10.6,,47,121,8,0.24,0.233,,,2.6,102.2,20,,,unreliable,"coupling_failed: Mms free-air radiation-mass correction exceeds 50% of Mms (0.518), check Sd/Mms, stated Mms=10.6 g, computed Mmd=5.10945 g, radiation mass difference=51.80% (limit 50%)"
Supravox,215-2000 v2017,4,10,,,283,7.2,3.99,,,,10.6,,47,121,8,0.24,0.233,,,2.6,102.2,20,,,unreliable,"coupling_failed: Mms free-air radiation-mass correction exceeds 50% of Mms (0.518), check Sd/Mms, stated Mms=10.6 g, computed Mmd=5.10945 g, radiation mass difference=51.80% (limit 50%)"
Supravox,215-2000EXC_08V,8,10,,,283,6.5,4,,,,12.1,,49,97.8,9.506,0.357,0.344,,,2.9,100.1,20,,,reliable,
Supravox,215-2000EXC_09V,8,10,,,283,6.9,4,,,,12.3,,49,96.5,9.277,0.32,0.309,,,2.7,100.5,20,,,reliable,
Supravox,215-2000EXC_10V,8,10,,,283,7.1,4,,,,12.1,,49,98.2,9.174,0.295,0.286,,,2.6,100.9,20,,,reliable,
Supravox,215-2000EXC_11V,8,10,,,283,7.3,4,,,,11.9,,49,99.4,8.303,0.277,0.268,,,2.5,101.2,20,,,reliable,
Supravox,215-2000EXC_12V,8,10,,,283,7.3,4,,,,11.6,,49,102,8.036,0.269,0.26,,,2.5,101.5,20,,,reliable,
Supravox,215-2000EXC_13V,8,10,,,283,7.6,4,,,,12.1,,49,97.8,9.414,0.256,0.249,,,2.4,101.5,20,,,reliable,
Supravox,245 HERITAGE EXC 06V,8,10,,,330,7.9,6.5,,,,15.2,,50.4,100,3.37,0.506,0.44,,,3.5,96.9,50,,,reliable,
Supravox,245 HERITAGE EXC 14V,8,10,,,330,10.4,6.5,,,,15.2,,50.9,98,3.49,0.29,0.268,,,3.2,99.4,50,,,reliable,
Supravox,285 GMF,8,12,,,442.6,9.4,5.86,,,,18.4,,37.9,263,6.85,0.29,0.278,,,4,100.3,70,,,unreliable,"coupling_failed: Mms free-air radiation-mass correction exceeds 50% of Mms (0.584), check Sd/Mms, stated Mms=18.4 g, computed Mmd=7.66125 g, radiation mass difference=58.36% (limit 50%)"
Supravox,285 GMF,8,12,,,471,10.6,6.5,,,,18,,47.8,191,11.26,0.314,0.305,,,4,101.1,70,,,unreliable,"coupling_failed: Mms free-air radiation-mass correction exceeds 50% of Mms (0.655), check Sd/Mms, stated Mms=18 g, computed Mmd=6.21125 g, radiation mass difference=65.49% (limit 50%)"
Supravox,285 GMF,8,12,,,471,10.2,6.5,,,,18.7,,47.6,186,10.1,0.346,0.335,,,4,100.5,70,,,unreliable,"coupling_failed: Mms free-air radiation-mass correction exceeds 50% of Mms (0.630), check Sd/Mms, stated Mms=18.7 g, computed Mmd=6.91125 g, radiation mass difference=63.04% (limit 50%)"
Supravox,285 GMF,8,12,,,448.8,11.5,6.5,,,,20.9,,59.3,97.4,14.593,0.385,0.375,,,3.3,100.1,70,,,unreliable,"coupling_failed: Mms free-air radiation-mass correction exceeds 50% of Mms (0.525), check Sd/Mms, stated Mms=20.9 g, computed Mmd=9.93482 g, radiation mass difference=52.46% (limit 50%)"
Supravox,285 GMF,8,12,,,440.6,13.3,5.47,,,,39.9,,40,108,7.62,0.31,0.298,,,3.7,97.1,70,,,reliable,
Supravox,285 GMF,8,12,,,471,11.5,6.5,,,,21.8,,50.2,143,7.764,0.337,0.323,,,3.7,100.2,70,,,unreliable,"coupling_failed: Mms free-air radiation-mass correction exceeds 50% of Mms (0.541), check Sd/Mms, stated Mms=21.8 g, computed Mmd=10.0112 g, radiation mass difference=54.08% (limit 50%)"
Supravox,285 GMF,8,12,,,471,11.1,6.5,,,,20.3,,47.2,174,8.24,0.32,0.308,,,4,100.4,70,,,unreliable,"coupling_failed: Mms free-air radiation-mass correction exceeds 50% of Mms (0.581), check Sd/Mms, stated Mms=20.3 g, computed Mmd=8.51125 g, radiation mass difference=58.07% (limit 50%)"
Supravox,285 GMF,8,12,,,471,10.9,6.5,,,,19.9,,48,172,9.04,0.326,0.315,,,4,100.5,70,,,unreliable,"coupling_failed: Mms free-air radiation-mass correction exceeds 50% of Mms (0.592), check Sd/Mms, stated Mms=19.9 g, computed Mmd=8.11125 g, radiation mass difference=59.24% (limit 50%)"
Supravox,285 GMF,8,12,,,471,11.1,6.5,,,,20.2,,50.4,154,8.482,0.338,0.325,,,3.9,100.5,70,,,unreliable,"coupling_failed: Mms free-air radiation-mass correction exceeds 50% of Mms (0.584), check Sd/Mms, stated Mms=20.2 g, computed Mmd=8.41125 g, radiation mass difference=58.36% (limit 50%)"
Supravox,285 GMF,8,12,,,471,11,6.5,,,,20.8,,50.1,151,8.411,0.349,0.335,,,3.9,100.2,70,,,unreliable,"coupling_failed: Mms free-air radiation-mass correction exceeds 50% of Mms (0.567), check Sd/Mms, stated Mms=20.8 g, computed Mmd=9.01125 g, radiation mass difference=56.68% (limit 50%)"
Supravox,285 GMF,8,12,,,471,12,6,,,,42.9,,35,150,8,0.39,0.372,,,4,95.4,70,,,reliable,
Supravox,285 GMF,8,12,,,471,10.5,6.6,,,,18.1,,56.3,137.5,12.9,0.38,0.369,,,3.8,100.9,70,,,unreliable,"coupling_failed: Mms free-air radiation-mass correction exceeds 50% of Mms (0.651), check Sd/Mms, stated Mms=18.1 g, computed Mmd=6.31125 g, radiation mass difference=65.13% (limit 50%)"
Supravox,285 GMF,8,12,,,471,10.6,6.5,,,,18.9,,52.2,152.5,11.29,0.36,0.349,,,4,100.7,70,,,unreliable,"coupling_failed: Mms free-air radiation-mass correction exceeds 50% of Mms (0.624), check Sd/Mms, stated Mms=18.9 g, computed Mmd=7.11125 g, radiation mass difference=62.37% (limit 50%)"
Supravox,285 GMF v2008,8,12,,,471,10.8,6.5,,,,23.8,,47,150,8,0.39,0.372,,,4,98.9,70,,,reliable,
Supravox,285 GMF v2012,8,12,,,471,10.8,6.5,,,,23.8,,47,150,8,0.39,0.372,,,4,98.9,70,,,reliable,
Supravox,285 GMF v2013,8,12,,,471,11.3,6.5,,,,19.5,,48,175,7.19,0.302,0.29,,,4,100.9,70,,,unreliable,"coupling_failed: Mms free-air radiation-mass correction exceeds 50% of Mms (0.605), check Sd/Mms, stated Mms=19.5 g, computed Mmd=7.71125 g, radiation mass difference=60.46% (limit 50%)"
Supravox,285 GMF v2019,8,12,,,442.6,10.6,6.5,,,,19.4,,47.8,157,8.86,0.34,0.327,,,4,99.9,70,,,unreliable,"coupling_failed: Mms free-air radiation-mass correction exceeds 50% of Mms (0.554), check Sd/Mms, stated Mms=19.4 g, computed Mmd=8.66125 g, radiation mass difference=55.35% (limit 50%)"
Supravox,285 T,8,12,,,452.2,6.1,5.73,,,,15.7,,58.6,134.7,7.819,0.903,0.81,,,1.8,98.2,12,,,unreliable,"coupling_failed: Mms free-air radiation-mass correction exceeds 50% of Mms (0.706), check Sd/Mms, stated Mms=15.7 g, computed Mmd=4.60998 g, radiation mass difference=70.64% (limit 50%)"
Supravox,285-2000,8,12,,,471,12.7,6.5,,,,19.4,,45,200,6,0.22,0.212,,,2.9,102.1,45,,,unreliable,"coupling_failed: Mms free-air radiation-mass correction exceeds 50% of Mms (0.608), check Sd/Mms, stated Mms=19.4 g, computed Mmd=7.61125 g, radiation mass difference=60.77% (limit 50%)"
Supravox,285-2000 MK2,8,12,,,442.8,10.5,6.5,,,,14.3,,60,135,7,0.32,0.306,,,2.7,102.5,45,,,unreliable,"coupling_failed: Mms free-air radiation-mass correction exceeds 50% of Mms (0.751), check Sd/Mms, stated Mms=14.3 g, computed Mmd=3.55397 g, radiation mass difference=75.15% (limit 50%)"
Supravox,285-2000EXC_06V,8,12,,,458.9,7.4,6.5,,,,17.3,,53,154,10.48,0.68,0.639,,,4,98.2,70,,,unreliable,"coupling_failed: Mms free-air radiation-mass correction exceeds 50% of Mms (0.655), check Sd/Mms, stated Mms=17.3 g, computed Mmd=5.9626 g, radiation mass difference=65.53% (limit 50%)"
Supravox,285-2000EXC_07V,8,12,,,458.9,8.5,6.5,,,,16.8,,53,158,10,0.51,0.485,,,4,99.5,70,,,unreliable,"coupling_failed: Mms free-air radiation-mass correction exceeds 50% of Mms (0.675), check Sd/Mms, stated Mms=16.8 g, computed Mmd=5.4626 g, radiation mass difference=67.48% (limit 50%)"
Supravox,285-2000EXC_08V,8,12,,,458.9,9.6,6.5,,,,17.3,,53,154,9.31,0.41,0.393,,,4,100.4,70,,,unreliable,"coupling_failed: Mms free-air radiation-mass correction exceeds 50% of Mms (0.655), check Sd/Mms, stated Mms=17.3 g, computed Mmd=5.9626 g, radiation mass difference=65.53% (limit 50%)"
Supravox,285-2000EXC_09V,8,12,,,458.9,10.7,6.5,,,,17.1,,53,156,9.33,0.32,0.309,,,3.8,101.5,70,,,unreliable,"coupling_failed: Mms free-air radiation-mass correction exceeds 50% of Mms (0.663), check Sd/Mms, stated Mms=17.1 g, computed Mmd=5.7626 g, radiation mass difference=66.30% (limit 50%)"
Supravox,285-2000EXC_10V,8,12,,,458.9,11.8,6.5,,,,17.3,,53,154,8.83,0.27,0.262,,,3.4,102.2,70,,,unreliable,"coupling_failed: Mms free-air radiation-mass correction exceeds 50% of Mms (0.655), check Sd/Mms, stated Mms=17.3 g, computed Mmd=5.9626 g, radiation mass difference=65.53% (limit 50%)"
Supravox,285-2000EXC_11V,8,12,,,458.9,12.2,6.5,,,,17.2,,53,155,7.9,0.25,0.242,,,3.3,102.5,70,,,unreliable,"coupling_failed: Mms free-air radiation-mass correction exceeds 50% of Mms (0.659), check Sd/Mms, stated Mms=17.2 g, computed Mmd=5.8626 g, radiation mass difference=65.92% (limit 50%)"
Supravox,285-2000EXC_12V,8,12,,,458.9,13,6.5,,,,17.3,,53,154,8.2,0.22,0.214,,,3.1,103.1,70,,,unreliable,"coupling_failed: Mms free-air radiation-mass correction exceeds 50% of Mms (0.655), check Sd/Mms, stated Mms=17.3 g, computed Mmd=5.9626 g, radiation mass difference=65.53% (limit 50%)"
Supravox,380-2000 LC,8,15,,,907.9,12.7,5.8,,,,71.9,,38.7,272.2,5.73,0.631,0.568,,,5,97.3,120,,,reliable,
Supravox,380-2000 OB,8,15,,,908,14.8,5.78,,,,107.5,,27.5,360,5.6,0.49,0.451,,,6.3,95.2,120,,,reliable,
Supravox,400 EXC Ag 13V,8,15,,,855.1,16.3,5.95,,,,72.8,,25.3,555.6,8.47,0.261,0.253,,,5,98.7,120,,,reliable,
Supravox,400 EXC Ag 14V,8,15,,,855.1,17.1,5.95,,,,72.6,,25.4,554.5,8.36,0.236,0.23,,,5,99.1,120,,,reliable,
Supravox,400 GMF,8,15,,,855,15.9,6.5,,,,78.5,,26,489,10,0.33,0.319,,,5,97,120,,,reliable,
Supravox,400 GMF MK2,8,15,,,804,17.9,6.5,,,,74.9,,22,633,10.6,0.21,0.206,,,7,97.9,200,,,reliable,
Supravox,400 GMF PRO,8,15,,,855,18.2,6.5,,,,68.5,,32,370,9.5,0.27,0.263,,,4.8,99.4,120,,,reliable,
Supravox,400 GMF PRO MK2,8,15,,,804,18.1,6.5,,,,75.9,,35,247,10.6,0.33,0.32,,,5.8,97.9,200,,,reliable,
Supravox,400 GN-A,8,15,,,855,22.7,6.5,,,,109.5,,23,448,9.33,0.2,0.196,,,5,97.2,120,,,reliable,
Supravox,400 GN-B,8,15,,,855,17.2,6.5,,,,71,,28.5,450,9,0.28,0.272,,,5,98.6,120,,,reliable,
Supravox,400-2000,8,15,,,855,19.1,6.5,,,,109,,23,450,9,0.28,0.272,,,5,95.8,120,,,reliable,
Supravox,400-2000,8,15,,,855,15.4,6.5,,,,78.3,,21.1,748,7.35,0.283,0.273,,,5,96.8,120,,,reliable,
Supravox,400-2000,8,15,,,855,14.8,6.5,,,,75.5,,21,780,7.51,0.294,0.283,,,5,96.8,120,,,reliable,
Supravox,400-2000,8,15,,,855,16.1,6.5,,,,81.9,,21.1,715,7.277,0.271,0.261,,,5,96.8,120,,,reliable,
Supravox,400-2000 Argent,8,15,,,855,15.5,5.95,,,,72.4,,24.3,605.5,11.09,0.275,0.268,,,5,98.3,120,,,reliable,
Supravox,400-2000EXC_05V,8,15,,,855,9.5,6.5,,,,95.7,,25,434,15.349,1.082,1.011,,,5,90.9,120,,,reliable,
Supravox,400-2000EXC_07V,8,15,,,855,12.3,6.5,,,,93.5,,25,444,13.531,0.627,0.599,,,5,93.3,120,,,reliable,
Supravox,400-2000EXC_09V,8,15,,,855,14.7,6.5,,,,94.4,,25,440,12.801,0.446,0.431,,,5,94.8,120,,,reliable,
Supravox,400-2000EXC_11V,8,15,,,855,17.6,6.5,,,,95.9,,25,433,11.49,0.317,0.308,,,5,96.2,120,,,reliable,
Supravox,400-2000EXC_13V,8,15,,,855,20,6.5,,,,94.8,,25,438,10.06,0.242,0.236,,,5,97.4,120,,,reliable,
Supravox,400-2000EXC_14V,8,15,,,855,21,6.5,,,,94.6,,25,439,9.935,0.219,0.214,,,5,97.8,120,,,reliable,
Supravox,400-2000EXC_15V,8,15,,,855,22.2,6.5,,,,96.8,,25,429,9.334,0.2,0.196,,,4.9,98.1,120,,,reliable,
Supravox,T245,8,10,,,344,8.8,5.63,,,,17,,47.8,108.1,6.509,0.375,0.355,,,2,98.5,20,,,reliable,
Supravox,T285HF64,8,12,,,475.3,11.2,6.62,,,,35.5,,55,74.6,7.77,0.65,0.6,,,3.3,95.6,70,,,reliable,
Supravox,T285HF64,8,10,,,344,8.9,6.5,,,,9.6,,49.1,181,11.38,0.242,0.237,,,3.3,102.4,40,,,unreliable,"coupling_failed: Mms free-air radiation-mass correction exceeds 50% of Mms (0.766), check Sd/Mms, stated Mms=9.6 g, computed Mmd=2.24176 g, radiation mass difference=76.65% (limit 50%)"
Sure Electronics,AA-SP15116,,,,,32.67,2.58,3.72,0.18,,,2.62,,100,1.25,2.52,0.97,0.7,,0.65,0.5,79,10,,,reliable,
TAD,AL-1103,8,10,,,366,19.7,7,,,,77.6,,34,53,2.69,0.3,0.27,,,4.5,91,150,,,reliable,
TAD,TL-1101 H,16,10,,,366,24.7,13,,,,53.1,,38,62,3.86,0.27,0.252,,,1.3,90.9,100,,,reliable,
TAD,TL-1102,8,10,,,366,13.4,7.2,,,,40.9,,31,121,4.35,0.32,0.298,,,3.1,93,100,,,reliable,
TAD,TL-1601 A,8,15,,,881,20.5,6.6,,,,115.6,,28,304,6.8,0.32,0.306,,,5.5,96,150,,,reliable,
TAD,TL-1601 B,8,15,,,881,19.2,6.6,,,,114.5,,28,307,6.8,0.36,0.342,,,6.8,95.5,200,,,reliable,
TAD,TL-1601 C,8,15,,,881,20.5,6.6,,,,115.6,,28,304,8.76,0.32,0.309,,,5.6,96,150,,,reliable,
TAD,TL-1602,8,15,,,881,20.7,6.2,,,,120.4,,21,519,2.78,0.23,0.212,,,5.5,96.3,150,,,reliable,
TAD,TL-1602 A,8,15,,,881,20.7,6.2,,,,120.4,,21,519,2.78,0.23,0.212,,,5.5,96.3,150,,,reliable,
TAD,TL-1603,8,15,,,881,19.3,6.6,,,,115.6,,28,304,6.8,0.36,0.342,,,6.8,95.5,200,,,reliable,
TAD,TL-1801,8,18,,,1220,20.8,6.6,,,,156.4,,26,500,7.94,0.39,0.372,,,3.8,96.3,200,,,reliable,
TAD,TM-1201,8,12,,,531,26,5.3,,,,58.8,,52,63,1.43,0.15,0.136,,,1.3,101.5,150,,,reliable,
TAD,TM-1201 H,8,12,,,531,26,5.3,,,,58.8,,52,63,1.43,0.15,0.136,,,1.3,101.5,150,,,reliable,
Tang Band,W3-1876S,4,3,,,27,5.28,3.6,0.19,,,9.98,,55,0.849505,3.17,0.5,0.43,0.74,,5,76,15,,,reliable,
Tang Band,W3-2141,8,3,,,32,3.64,6.5,0.02,,,1.996,,75,3.3,2.51,0.46,0.39,2.269,,1.6,87,12,,75,reliable,
Tang Band,W3-315E,8,,,,32,3.89,6.6,0.2,,,2,,100,1.69901,5.51,0.57,0.52,1.15,,1.25,87,10,,,reliable,
Tang Band,W3-881SJ,8,3,,,32,2.9,6.6,,,,1.6,,100,2.208714034,3.07,0.8,0.63,1.31,,0.5,,15,,,reliable,
Tang Band,W4-1320SIF,8,,,,57,5.31,6.3,0.02,,,3.99,,75,5.09703,2.52,0.42,0.36,1.13,,3,88,25,,,reliable,
Tang Band,W4-1337SDF,8,4,,,57,5.32,6.3,0.03,,,3.99,,70,5.663369318,2.04,0.4,0.34,1.21,,2.5,,25,,,reliable,
Tang Band,W4-1879,8,4,,,57,4.19,6.3,0.025,,,4,,55,9.061390909,2.68,0.51,0.43,,,5,,25,,,reliable,
Tang Band,W4-2142,8,,,,54.3,5.41,6.3,0.022,,,4.61,,60,6.22971,2.2,0.39,0.33,1.52,,2.4,88,25,,,reliable,
Tang Band,W5-1138SM,4,5.25,,,94,6.51,3.4,1.15,,,24.95,,45,5.946537784,2.83,0.58,0.48,0.49,,9.25,,40,,,reliable,
Tang Band,W5-1138SMF,4,5.25,,,94,7.17,3.4,0.34,,,28.81,,45,4.81386,3.56,0.57,0.49,0.37,,9.25,85,40,,,reliable,
Tang Band,W5-1611SAF,8,5,,,94,5.53,6.3,0.02,,,5.99,,60,11.6099071,2.8,0.52,0.44,1.31,,3,,28,,,unreliable,"vas_inconsistent: stated=11.6099 L, computed=16.3975 L, difference=41.24% (limit 20%)"
Tang Band,W5-2143,8,5,,,97.83,5.43,6.3,0.023,,,5.99,,55,19.0006,3.21,0.43,0.38,1.4,,2.5,90,30,,,reliable,
Tang Band,W6-1139SIF,4,6.5,,,140,8.47,3.6,0.47,,,39.91,,35,11.89307557,2.65,0.47,0.4,0.6,,11.5,86,50,,,unreliable,"vas_inconsistent: stated=11.8931 L, computed=16.6594 L, difference=40.08% (limit 20%)"
Tang Band,W6-2253S,4,6.5,,,110,7.75,3.6,0.19,,,39.9,,40,6.34297,3.22,0.6,0.51,0.397,,5,80,100,,,reliable,
Tang Band,W8-1772,8,8,,,9,7.12,6.8,0.009,,,10.11,,42,,1.02,0.36,0.27,1.37,,3,95,30,,,reliable,
Tang Band,W8-1808,8,8,,,220,5.28,6.8,0.04,,,9.43,,45,88.0653929,1.33,0.66,0.44,1.28,,5,,30,,,reliable,
Tang Band,W8-2145,8,8,,,212.3,6.59,6.8,0.011,,,14.97,,40,67.67726335,1.65,0.61,0.44,1.05,,3,,40,,,reliable,
Tang Band,W8-2314,4,,,,220,6.08,3.6,0.063,,,22.25,,38,49.46,2.93,0.54,0.46,0.71959,,6,93,50,,,reliable,
Tang Band,W8Q-1071F,4,12,,,460,14.9,3.2,,,,146.4,,27,70.4,4.6,0.36,0.334,,,9.7,91.8,500,,,reliable,
Tang Band,WQ-1814S,4,12,,,500,12.9,3.4,,,,118.7,,35,61,2.19,0.53,0.427,,,4,92.6,300,,,reliable,
Tang Band,WQ-1858,8,12,,,500,17.9,6.8,,,,191.3,,20,116,3.88,0.51,0.451,,,13.3,85.3,500,,,reliable,
Tang Band,WQ-760C,4,12,,,500,13.7,3.2,,,,148.9,,25,95.4,5.32,0.4,0.372,,,6,91.7,300,,,reliable,
Tang Band,WT-1427G,4,10,,,350,17.2,3.2,,,,182,,25,38.2,3.42,0.31,0.284,,,4.3,88.8,120,,,reliable,
Tang Band,WT-644F,8,10,,,350,13.9,6.4,,,,55.2,,32,77,10.14,0.37,0.357,,,7.9,91.3,180,,,reliable,
Tannoy,250/HF/III-L-Z/8/U,8,10,,,360,11.1,5.8,,,,34,,26,200,2.2,0.26,0.233,,,4,94.7,30,,,reliable,
Tannoy,3128,8,12,,,550,15.6,5.5,,,,62.3,,25,276,1.75,0.22,0.195,,,3,96.5,80,,,reliable,
Tannoy,3138,8,12,,,531,16.4,5.47,,,,99.9,,67,22.3,2.926,0.853,0.66,,,0.4,92.6,250,,,reliable,
Tannoy,3149R,8,12,,,550,12.2,5.8,,,,53.9,,38,138,3.4,0.5,0.436,,,2.6,95.2,80,,,reliable,
Tannoy,3808,8,15,,,754,19.6,5.6,,,,98.6,,32,200,3.06,0.29,0.265,,,3.9,97.1,120,,,reliable,
Tannoy,DC 2513,8,10,,,330.1,11.4,7.89,,,,37.1,,42.4,58,5.514,0.604,0.544,,,3,90.7,30,,,reliable,
Tannoy,DC 3134 CPA12,16,12,,,510.7,12.8,9.49,,,,28.8,,37.7,226.7,5.163,0.397,0.369,,,5,96.1,75,,,reliable,
Tannoy,DC 3139 D900 SYSTEM,16,12,,,510.7,19.3,9.76,,,,73.2,,35,103.3,2.892,0.421,0.368,,,3.7,91.3,75,,,reliable,
Tannoy,DC 316,8,12,,,452,18.1,5.7,,,,143.4,,19.8,129,6.63,0.31,0.296,,,3,88.5,50,,,reliable,
Tannoy,DC 386,8,15,,,683,17.1,5.5,,,,93.9,,19.8,450,4.27,0.22,0.209,,,4,95.6,85,,,reliable,
Tannoy,DC200,8,10,,,330.1,10.2,6.7,,,,33.9,,66.5,25.8,1.82,0.91,0.607,,,1.6,92,40,,,reliable,
Tannoy,DU 386,8,15,,,770,18.8,5.7,,,,90.1,,22,483,2.4,0.2,0.185,,,4,97.6,85,,,reliable,
Tannoy,GOLD 12,16,12,,,528,22.6,11.8,,,,40.2,,49.7,99.7,1.29,0.29,0.237,,,1.4,96.5,30,,,reliable,
Tannoy,GOLD 15,8,15,,,770,19.1,5.5,,,,89,,26,350,2,0.22,0.198,,,3,98.1,50,,,reliable,
Tannoy,HPD 295,8,10,,,360,11.1,5.8,,,,34,,26,200,2.2,0.26,0.233,,,3,94.7,50,,,reliable,
Tannoy,HPD 315,8,12,,,550,15.4,5.5,,,,89.3,,15.3,513.9,6.3,0.2,0.194,,,3,93.2,60,,,reliable,
Tannoy,HPD 315A,8,12,,,550,15.6,5.5,,,,62.3,,25,276,1.75,0.22,0.195,,,3,96.5,60,,,reliable,
Tannoy,HPD 385/8,8,15,,,851,19,5.2,,,,143.4,,14.7,830,6.65,0.19,0.185,,,3,95.3,85,,,reliable,
Tannoy,HPD 385A,8,15,,,770,18.8,5.7,,,,90.1,,22,483,2.4,0.2,0.185,,,4,97.6,85,,,reliable,
Tannoy,K3808,8,15,,,770,21,5.5,,,,69,,35,249.2,1.1,0.19,0.162,,,2.9,101.1,120,,,reliable,
Tannoy,K3828,8,15,,,770,18.8,5.7,,,,90.1,,22,483,2.4,0.2,0.185,,,4,97.6,85,,,reliable,
Tannoy,K3838,8,15,,,770,19,5.5,,,,90.4,,22,481.4,2.4,0.19,0.176,,,4,97.9,120,,,reliable,
Tannoy,MONITOR GOLD 10 III-LZ,8,10,,,360,11.1,5.81,,,,34,,26,200,2,0.26,0.23,,,2.9,94.7,15,,,reliable,
Tannoy,MONITOR RED 12,8,12,,,531,22.2,6,,,,42.6,,48.6,99.6,6.25,0.158,0.154,,,1.2,101.8,30,,,reliable,
Tannoy,MONITOR RED 15,16,15,,,770,21.5,9.5,,,,77.3,,32,266,1.3,0.32,0.257,,,2.6,95.6,50,,,reliable,
Tannoy,MONITOR SILVER 12,16,12,,,527,22.6,11.8,,,,40,,49.7,99.7,1.29,0.29,0.237,,,1,96.5,15,,,reliable,
Tannoy,MONITOR SILVER 15,16,15,,,770,21.5,9.5,,,,77.3,,32,266,1.3,0.32,0.257,,,1.8,95.6,25,,,reliable,
TC Sounds,EPIC 10 DVC,4,10,,,330.1,15.1,3.72,,,,132.3,,24.3,49.5,7.5,0.33,0.316,,,11.9,88.6,500,,,reliable,
TC Sounds,EPIC 12 DVC v2009,4,12,,,517,15.4,3.66,,,,180.7,,24,91.2,7.8,0.42,0.399,,,11.7,90.1,500,,,reliable,
TC Sounds,EPIC 12 DVC v2012,4,12,,,480.9,14.4,3.66,,,,156.5,,24,91.1,7.8,0.415,0.394,,,12.5,90.2,500,,,reliable,
TC Sounds,EPIC 12 DVC v2014,4,12,,,490.9,14.7,3.66,,,,163.2,,24,91,7.8,0.415,0.394,,,12.2,90.2,500,,,reliable,
TC Sounds,LMS R12,4,12,,,491,20.6,3.96,,,,280,,28,39,6.7,0.46,0.43,,,10.8,87.7,1000,,,reliable,
TC Sounds,LMS R15,4,15,,,853,21.2,3.94,,,,377.1,,23.6,123,5,0.49,0.446,,,12.1,90.2,1000,,,reliable,
TC Sounds,LMS-ULTRA 5400,4,18,,,1194.6,26.8,3.78,,,,500.9,,20.5,240.7,7.6,0.34,0.325,,,16,93.1,2000,,,reliable,
TC Sounds,OEM 10 DVC,4,10,,,339.8,18.6,3.11,,,,236,,30,19.3,3.35,0.4,0.357,,,6.6,87.2,500,,,reliable,
TC Sounds,PRO 5100 NEO 2+2,4,18,,,1194.6,24,3.02,,,,287,,26.5,251.4,6.9,0.25,0.241,,,8.6,98.9,1000,,,reliable,
TC Sounds,TC2000,4,15,,,854,17.6,3.19,,,,299.4,,18,267,4.26,0.35,0.323,,,14,92.5,1000,,,reliable,
Technysound,TS 30/300,8,12,,,490,12.5,7.3,,,,55.6,,48.6,65,3.99,0.795,0.663,,,4,92.1,150,,,reliable,
Technysound,TS 30/300,8,12,,,510,7.2,7,,,,26.8,,44,178,13,1,0.929,,,4,94.4,150,,,reliable,
Technysound,TS 38-800 PRO,8,15,,,790,17.8,7.3,,,,262.1,,25,135.3,4.92,0.95,0.796,,,4,85.9,400,,,reliable,
Technysound,TS45/500D,8,18,,,1225,14.9,7.16,,,,151.8,,26.7,492,4.09,0.82,0.683,,,4,93,250,,,reliable,
Technysound,TS45/500D,8,18,,,1170.2,16.4,7.6,,,,178.9,,28.2,341.8,4.77,0.9,0.757,,,4,91.5,250,,,reliable,
Tectonic,TEBM65C20F-8,8,3.5,,,43.58,4.8,7.1,0.05,,,5.6,,104,1.132673864,6.65,1.11,0.95,0.42,,5,,30,,,reliable,
Tectonic Elements,TEBM28C10-4/A,4,,,,8.55,2.87,4.4,0.09,,,1,,130,0.15,2.74,0.45,0.39,1.5,,,83,10,,,reliable,
Tectonic Elements,TEBM35C02-6B,6,,,,11.04,2.39,5.6,0.09,,,1.24,,156,0.161406,4.37,1.19,0.93,0.839,,2.5,78.4,2,,,reliable,
Tectonic Elements,TEBM35C10,4.0,,,,11.04,2,4.2,0.05,,,1.11,,145,0.178396,3.84,1.06,0.83,,,2.5,83,10,,,reliable,
Tesla,ARM 9408,8,15,,,880,20.9,6,,,,86.3,,35,260,5.5,0.26,0.248,,,1.5,99.6,75,,,reliable,
The Box,10LB065-16N,16,10,,,346,16.3,10.5,,,,27.3,,65,36.8,2.789,0.439,0.379,,,2.5,94.4,200,,,reliable,
The Box,15LB075-UW4,4,15,,,900,16,3.6,,,,113.1,,40,158.9,8.48,0.4,0.382,,,4,99.5,300,,,reliable,
The Box,15LB100-8W,8,15,,,860,23.6,5.5,,,,138.3,,40.9,113.5,7.13,0.35,0.334,,,5.5,97.1,500,,,reliable,
The Box,18LB100-4N,4,18,,,908,26.5,5.8,,,,144.7,,34,175,1.99,0.256,0.227,,,5.4,97.7,800,,,reliable,
The Box,Speaker 10-250/8-A,8,10,,,350,14.5,5.8,,,,40.5,,56.8,33.3,7.56,0.4,0.38,,,4,95.2,250,,,reliable,
The Box,Speaker 12-280/8-A,8,12,,,510.7,13.3,5.7,,,,49.7,,50.6,72.8,6.33,0.51,0.472,,,5.5,96.1,280,,,reliable,
The Box,Speaker 12-280/8-W,8,12,,,510.7,20.6,6.6,,,,84.8,,38,75.7,8.187,0.316,0.304,,,5.5,94,280,,,reliable,
The Box,Speaker 15-300/8-A,8,15,,,855,16.2,5.7,,,,93.5,,52.6,100.3,14.08,0.67,0.64,,,4.6,96.8,300,,,reliable,
The Box,Speaker 18-500/8-A,8,18,,,1313,23.7,5.5,,,,182.8,,40.1,208.3,7.61,0.45,0.425,,,5.4,98.4,500,,,reliable,
Thiel,TSW 10.1,4,10,,,327,8,2,,,,124.7,,18,94,4.1,0.44,0.397,,,9.4,89,100,,,reliable,
Thiel,TSW 12.1,4,12,,,491,9.1,2,,,,191.1,,20,112,3.9,0.58,0.505,,,8.6,89.9,150,,,reliable,
Timpano Audio,TPT-MD12,8,12,,,552,12.4,6.2,,,,43.8,,48.2,105.9050063,14.6,0.54,0.52,0.25,,,,375,,,reliable,
Timpano Audio,TPT-MD12 PRO,8,12,,,573,14.3,5.5,,,,45.2,,51.7,96.27727841,10.7,0.39,0.38,0.21,,,,400,,,reliable,
Tonsil,GDN 30/60/1,8,12,,,480,6.7,5,,,,40,,25,327,2.6,0.745,0.579,,,3.1,90.2,60,,,reliable,
Tonsil,GDN 30/80/2,8,12,,,485,13,6.26,,,,50,,25,270,2.47,0.291,0.26,,,6,93.5,80,,,reliable,
Triangle,T36SV110C,8,12,,,594,20.6,7.4,,,,145.4,,30.7,91.3,6.74,0.49,0.457,,,6,89.6,200,,,reliable,
Turbosound,TS-10W300/8A,8,10,,,346,16.8,7.8,,,,47.9,,53,31.6,7.45,0.44,0.415,,,3.4,92.4,300,,,reliable,
Turbosound,TS-12W350/8W,8,12,,,510,18.2,5.7,,,,62.3,,55,49,5.56,0.37,0.347,,,4,96.9,350,,,reliable,
Turbosound,TS-15W300/8A,8,15,,,865.7,19.2,6.5,,,,96.6,,46,130.2,16.6,0.49,0.476,,,4.9,97,300,,,reliable,
Turbosound,TS-18SW700/8A,8,18,,,1288,22.4,5.2,,,,192.3,,35,250,25.9,0.44,0.433,,,7.5,97.7,700,,,reliable,
TVM,ARA 390-00/8 v1,8,15,,,830,21.6,7.15,,,,125,,25,313,3.3,0.3,0.275,,,5.5,94.6,150,,,reliable,
TVM,ARA 390-00/8 v2,8,15,,,829,17.3,6.9,,,,122,,25,320,4.3,0.44,0.399,,,5.5,93.2,150,,,reliable,
TVM,ARN 312-00/4,4,12,,,530,12.1,3.5,,,,100,,22,206,2.3,0.33,0.289,,,6.4,93.8,100,,,reliable,
TVM,ARN 312-00/8,8,12,,,530,12.8,5.1,,,,101.5,,22,203,1.4,0.44,0.335,,,6.3,90.8,100,,,reliable,
Tymphany,LAT 500-04,4,12,,,525,13,3.1,,,,154.1,,28,81,9,0.5,0.474,,,7.7,91.6,250,,,reliable,
University Sound,312 200,8,12,,,530,13.3,7.8,,,,46,,50.5,85,2.35,0.64,0.503,,,2,94.4,35,,,reliable,
University Sound,C-15W-1P,2,15,,,865.1,7.1,1.38,,,,34,,58,232,5.3,0.34,0.32,,,3,110.9,150,,,unreliable,"coupling_failed: Mms free-air radiation-mass correction exceeds 50% of Mms (0.863), check Sd/Mms, stated Mms=34 g, computed Mmd=4.65488 g, radiation mass difference=86.31% (limit 50%)"
University Sound,C-15W-1S,8,15,,,873.2,17.4,5.52,,,,34.7,,58,232,3.4,0.23,0.215,,,3,106.5,200,,,unreliable,"coupling_failed: Mms free-air radiation-mass correction exceeds 50% of Mms (0.858), check Sd/Mms, stated Mms=34.7 g, computed Mmd=4.94177 g, radiation mass difference=85.76% (limit 50%)"
University Sound,C-15W-2P,2,15,,,872,8,1.67,,,,24.2,,62.5,286,10,0.25,0.244,,,3,113.2,150,,,unreliable,"coupling_failed: Mms free-air radiation-mass correction exceeds 50% of Mms (1.227), check Sd/Mms, stated Mms=24.2 g, computed Mmd=-5.49691 g, radiation mass difference=122.71% (limit 50%)"
University Sound,C-15W-2S,8,15,,,853.3,19.5,6.7,,,,23.1,,62.5,286,10,0.16,0.157,,,3,109.1,250,,,unreliable,"coupling_failed: Mms free-air radiation-mass correction exceeds 50% of Mms (1.244), check Sd/Mms, stated Mms=23.1 g, computed Mmd=-5.64677 g, radiation mass difference=124.44% (limit 50%)"
Usher Audio,1001B,8,10,,,330,10.7,5.8,,,,45.9,,29,100.2,4.87,0.42,0.387,,,5,91,100,,,reliable,
Usher Audio,15 HM,8,15,,,880,18.2,5.3,,,,105.8,,28.7,314.9,11.095,0.307,0.299,,,5.5,97.6,150,,,reliable,
Usher Audio,1503HM,8,15,,,881,18.6,5.1,,,,118.2,,21,528.8,5.906,0.231,0.222,,,5.5,97.2,150,,,reliable,
Usher Audio,15HM Studio,8,15,,,902,17.7,5.2,,,,102.9,,27,385,8.1,0.29,0.28,,,5.9,98,150,,,reliable,
Vega,340 ACTBL,8,12,,,585,13.7,6.7,,,,61.9,,21,445,3.51,0.29,0.268,,,4,94.3,50,,,reliable,
Vifa,25WP250,8,10,,,345,10.9,5.7,,,,41.2,,24,178,37,0.3,0.298,,,8,92.6,70,,,reliable,
Vifa,M25W0-49-08,8,10,,,346,10.9,5.7,,,,41.5,,25,164,3.7,0.31,0.286,,,3,92.6,80,,,reliable,
Vifa,M26WR09-04,8,10,,,337,11,4.5,,,,49,,27,113,2.9,0.31,0.28,,,6.5,93,160,,,reliable,
Vifa,M30W0-49-08,8,12,,,513,12.6,5.7,,,,53,,21,400,2.3,0.25,0.225,,,6,95.2,100,,,reliable,
Vifa,NE-265W-04,4,10,,,330.1,11.8,2.9,,,,100.4,,23,72.8,13.8,0.3,0.294,,,8.9,91.1,190,,,reliable,
Vifa,NE-265W-08,8,10,,,326.9,14.6,6.2,,,,73.8,,23,97.2,10.33,0.31,0.301,,,9.4,88.9,190,,,reliable,
Vifa,NE-315W-04,4,12,,,506.7,11.1,2.8,,,,113,,20,201.7,15.6,0.32,0.314,,,6.7,93.6,75,,,reliable,
Vifa,NE-315W-08,8,12,,,506.7,17.6,6.3,,,,141.1,,20,161.5,11.72,0.36,0.349,,,6.4,88.6,75,,,reliable,
Vifa,P25WO-00-08,8,10,,,346,10.9,5.7,,,,41.5,,24,178,3.7,0.3,0.278,,,4,92.6,80,,,reliable,
Vifa,PLW 26 452/8,8,10,,,337,11.1,5.9,,,,45.9,,26,130,2.82,0.36,0.319,,,6.5,91.3,100,,,reliable,
Vifa,WCF265,8,10,,,337,10.3,5.5,,,,44.9,,24,155.9,2.39,0.35,0.305,,,5,91.5,80,,,reliable,
Visaton,AL 170,8,6.5,,,133,6.9,5.6,0.9,,,13,,38,34,3.88,0.43,0.39,,,11,88,70,,,reliable,
Visaton,AL 200,8,8,,,216,8.8,6.6,1.2,,,21,,32,77.02182273,3.73,0.39,0.35,,,10,,120,,,reliable,
Visaton,B100,6,,,,54.1,4.1,5.8,0.36,,,3.2,,75,5.27,10.13,0.54,0.52,1.28,,1.6,89.5,30,,,reliable,
Visaton,B200,6,,,,214,3.9,5,0.5,,,9.7,,40,102,8.39,0.83,0.75,1.57,,3.5,99,40,,,reliable,
Visaton,B80,8,,,,38.5,4.15,6.6,0.29,,,2.8,,110,1.8,6.53,0.69,0.63,0.87,,2.25,85,30,,,reliable,
Visaton,BF 37,8,1.5,,,6.2,2.56,7,0.085,,,1,,155,0.05663369318,4,1.1,0.86,,,3.4,,5,,,reliable,
Visaton,BG17,8,,,,143,5.7,6.3,0.7,,,6.5,,120,8.2,2.94,0.98,0.74,0.283,,1.5,93,40,,,reliable,
Visaton,BG20,8,,,,214,6.1,6.2,0.8,,,10,,38,110,3.47,0.51,0.44,,,4,92,40,,,unreliable,"qes_inconsistent: stated=0.51 , computed=0.397828 , difference=21.99% (limit 20%)"
Visaton,BGS 40 v1,8,15,,,855,16.3,6.5,,,,68.4,,38,263,1.3,0.4,0.306,,,4.6,98.5,200,,,reliable,
Visaton,BGS 40 v2,8,15,,,855,14.3,6.5,,,,61.7,,40,263,3.13,0.49,0.424,,,5.7,98.2,200,,,reliable,
Visaton,BZ300 4 Ohms,4,12,,,510,9.6,3.9,,,,55.2,,36,129,5.46,0.53,0.483,,,5,95.7,350,,,reliable,
Visaton,FR 30,8,12,,,530,10.3,6.6,,,,45.6,,90,27,6.18,1.62,1.284,,,1.1,93.7,100,,,reliable,
Visaton,FR 7 - 4,4,2.5,,,22,1.1,3.4,0.1,,,0.876,,220,0.4105942756,7.05,3.61,2.39,0.59,,1,,5,,,reliable,
Visaton,FR 8 WP,8,3.3,,,30,2.8,4.1,0.3,,,2.9,,158,0.2831684659,2.62,1.33,0.88,,,3,,15,,,unreliable,"fs_inconsistent: stated=158 Hz, computed=198.31 Hz, difference=25.51% (limit 20%)"
Visaton,FR 8 WP-4,4,3.3,,,30,2.8,4.1,0.3,,,2.9,,158,0.4,2.62,1.33,0.88,,,3,84,15,,100,reliable,
Visaton,FR 87,4,3.4,,,37,2.1,3.5,0.2,,,2,,137,1.302574943,6.4,1.56,1.25,,,2,,15,,,reliable,
Visaton,FR 9.15,4,,,,79,2.3,3.5,0.3,,,4.6,,120,2.831684659,8.9,2.29,1.82,,,1.5,,15,,,reliable,
Visaton,FR13-4,4,5,,,87,2.3,3.4,0.2,,,4.5,,100,6.22970625,5.17,1.64,1.25,,,2.5,,25,,,reliable,
Visaton,FRS 10 WP,4,4,,,57,3.8,3.4,0.2,,,2.4,,190,1.982179261,8.29,1.02,0.91,0.433,,3,,25,,,unreliable,"qes_inconsistent: stated=1.02 , computed=0.674616 , difference=33.86% (limit 20%)"
Visaton,FRS10WP-8,8,4,,,75.6,4.52,6.4,0.4,,,3,,190,1.897228722,7.6,1.21,0.98,0.234,,3,,25,,,reliable,
Visaton,FRS8,4.0,3,,,31,2.2,3.5,0.4,,,2.5,,115,1.1,3.61,0.85,0.69,0.734,,0.25,82,30,,,unreliable,"qes_inconsistent: stated=0.85 , computed=1.30629 , difference=53.68% (limit 20%)"
Visaton,FRS8,8.0,3.3,,,31,3.2,7.2,0.9,,,2.5,,120,0.9,4.85,1.32,1.04,0.66,,0.25,82,30,,100,reliable,
Visaton,FRS8M,8,3,,,29,4,7.2,0.3,,,1.8,,125,1.1,3.24,0.58,0.49,0.922,,0.25,88,30,,,reliable,
Visaton,FRWS 5,8,2,,,12,1.1,3.6,0.08,,,0.5,,250,0.1982179261,2.48,2.5,1.24,,,2,,2,,,reliable,
Visaton,GF 200,4,8,,,214,4.6,2.9,0.4,,,25,,34,62.01389404,4.51,0.93,0.77,,,10,,120,,,unreliable,"qes_inconsistent: stated=0.93 , computed=0.73195 , difference=21.30% (limit 20%)"
Visaton,GF 250,2,10,,,346,6.9,1.6,,,,57.2,,26,110,4.23,0.31,0.289,,,8.3,96.9,150,,,reliable,
Visaton,GF 250 - 2x4 Ohms s&eacute;rie,4,10,,,346,6.8,3.1,,,,57.2,,26,110,4.61,0.63,0.554,,,10,91,150,,,reliable,
Visaton,GF 250 - s&eacute;rie,8,10,,,346,13.3,6.2,,,,55.1,,24,134,4.35,0.29,0.272,,,9.3,91.1,150,,,reliable,
Visaton,GF 250 v2017 - 2x4 Ohms s&eacute;rie,8,10,,,346,13.3,6.2,,,,55.1,,24,134,4.35,0.29,0.272,,,9.3,91.1,150,,,reliable,
Visaton,GF200,2,8,,,214,4.6,1.4,0.3,,,25,,35,57,4.33,0.44,0.39,,,6,88,120,,,reliable,
Visaton,MR 130,8,5,,,70,4.3,6.8,0.4,,,5,,500,0.08495053978,8.67,5.85,3.49,,,2,,80,,,unreliable,"fs_inconsistent: stated=500 Hz, computed=643.392 Hz, difference=28.68% (limit 20%)"
Visaton,PAW 25/8,8,10,,,353,15.6,6.74,,,,37.6,,52,44,9.59,0.34,0.33,,,3.5,94.4,300,,,reliable,
Visaton,PAW-25,8,10,,,353,15.2,6.5,,,,37.2,,52,44,9.59,0.34,0.328,,,3.5,95.5,350,,,reliable,
Visaton,PAW38,8.0,15,,,898,25,7.2,2.6,,,125,,36,195,9,0.31,0.29,0.18,,5.5,92,700,,,reliable,
Visaton,PAW46,8.0,18,,,1210,23.6,6.1,1.5,,,186,,29,325,8.97,0.38,0.36,0.16,,4.9,93,700,,,reliable,
Visaton,R10S-4,4,4,,,56,1.9,3.4,0.2,,,1.9,,160,1.982179261,5.53,1.96,1.45,,,0.5,,20,,,reliable,
Visaton,R10SC,8,4,,,56,2.4,7.4,0.5,,,2.2,,165,2.265347727,5.3,2.63,1.74,,,0.5,,20,,,reliable,
Visaton,R10SC-4,4,4,,,56,2,3.6,0.95,,,1.9,,165,2.605149886,6.4,1.67,1.32,,,1.5,,20,,,reliable,
Visaton,SC 5.9,8,,,,24.9,2.5,7,0.4,,,1.5,,193,0.3964358523,7.52,1.5,1.25,0.453,,1.5,84.7,10,,,unreliable,"qes_inconsistent: stated=1.5 , computed=2.03726 , difference=35.82% (limit 20%)"
Visaton,SL87 FE,8,3.5,,,37.3,3.95,7.2,,,,2.4,,120,1.41584233,3.3,0.82,0.65,,,1.75,,10,,,reliable,
Visaton,TD,8,12,,,510,12.4,5.88,,,,48.1,,31,200,3.28,0.36,0.324,,,7.3,95.5,150,,,reliable,
Visaton,TD1,8,12,,,510,12.7,5.88,,,,50.4,,30.3,200,4.97,0.35,0.327,,,7.6,95.3,150,,,reliable,
Visaton,TIW200XS,8,,,,206,8.51,6,1.6,,,33,,30,51.5,5.19,0.5,0.46,0.856,,11,84,120,,,reliable,
Visaton,TIW250,8,10,,,315,12.2,5.8,,,,45.8,,31,80,4.39,0.35,0.324,,,8.8,91.7,200,,,reliable,
Visaton,TIW250XS,8,10,,,314,13,5.6,1.7,,,49,,33,66,5.21,0.35,0.33,0.472,,8.5,89,200,,,reliable,
Visaton,TIW250XS 8 Ohms v2,8,10,,,314,12.7,5.6,,,,48.7,,33,66,5.21,0.35,0.328,,,7.9,91.8,200,,,reliable,
Visaton,TIW300,8,12,,,510,16.5,5.4,1.7,,,92,,25,160,4.59,0.3,0.28,0.434,,7.5,90,300,,,reliable,
Visaton,TIW300,8,12,,,510,16.5,6.05,,,,88.2,,28.9,125,2.971,0.358,0.32,,,8.3,92.5,300,,,reliable,
Visaton,TIW360DS 2x4 Ohms,4,12,,,450,7.4,3.2,,,,70.1,,30,114,5.45,0.77,0.675,,,11.7,92,300,,,reliable,
Visaton,TIW400 DS 2x4 Ohms,4,15,,,755,7.5,3.5,,,,108.8,,21,422,6.27,0.9,0.787,,,15.6,91.9,300,,,reliable,
Visaton,W130S,4.0,5,,,74,3.6,3.5,0.6,,,5.4,,50,13.87,2.54,0.55,0.45,,,2.25,89,50,,,reliable,
Visaton,W130S,8.0,5,,,74,4.6,6,0.6,,,6,,52,11.8931,2.26,0.59,0.47,,,2.25,87,50,,,reliable,
Visaton,W130X,4,5,,,94.2,6.5,3.8,0.77,,,37,,40,5.1,4.27,0.86,0.71,0.448,,5.8,78,60,,,reliable,
Visaton,W170,8,6.5,,,137,5,7.2,0.9,,,8.7,,57,24,2.92,0.9,0.69,,,2,87,40,,,reliable,
Visaton,W170S,4.0,6.5,,,129,4.4,3.2,0.6,,,12,,36,38,2.16,0.51,0.41,1.61,,4.25,89,50,,,reliable,
Visaton,W170S,8.0,6.5,,,129,5.4,5.9,1.2,,,13,,36,38,2.43,0.66,0.52,1.61,,4.25,86,50,,,reliable,
Visaton,W200,4.0,,,,207,4.2,3.2,0.5,,,14,,45,54,3.46,0.77,0.63,0.889,,2,91,50,,,reliable,
Visaton,W200,8.0,8,,,207,5.9,6.8,0.9,,,14,,46,51,3.2,0.79,0.63,0.839,,2,88,50,,,reliable,
Visaton,W200S,4.0,8,,,214,7.7,3.4,1.5,,,28,,29,65,3.99,0.38,0.35,,,3.5,91,75,,,unreliable,"qes_inconsistent: stated=0.38 , computed=0.292572 , difference=23.01% (limit 20%)"
Visaton,W200S,8.0,8,,,214,9,6,2.2,,,26,,30,70,3.59,0.36,0.33,,,3.5,88,75,,,reliable,
Visaton,W250,8.0,10,,,360,6.3,6.8,1.1,,,24.9,,37,135.0713582,3.57,1,0.78,,,3,91,90,,,reliable,
Visaton,W250,8,10,,,359.7,7,6.66,,,,25.6,,55.6,58.1,6.895,1.231,1.045,,,3.4,91.9,90,,,reliable,
Visaton,W250,16,10,,,360,7.2,11,,,,16.8,,45,135,3.57,1,0.781,,,6.4,91.5,90,,,reliable,
Visaton,W250 v2016,8,10,,,360,5.3,6,,,,16.8,,45,135,3,1,0.75,,,5,94.1,90,,,reliable,
Visaton,W250 v2017,8,10,,,360,5.3,6,,,,16.8,,45,135,3.57,1,0.781,,,5,94.1,90,,,reliable,
Visaton,W250NG,8,10,,,360,6.3,6.7,,,,28,,37,120,4.3,1.1,0.876,,,6.1,90.2,80,,,reliable,
Visaton,W250S,4.0,10,,,346,8.9,3.6,0.9,,,32,,33,135,2.01,0.43,0.35,0.795,,5,93,100,,,unreliable,"qes_inconsistent: stated=0.43 , computed=0.301555 , difference=29.87% (limit 20%)"
Visaton,W250S,8.0,10,,,346,9.2,6.6,1.5,,,38,,31,121,1.88,0.39,0.32,0.713,,5,90,100,,,unreliable,"qes_inconsistent: stated=0.39 , computed=0.577156 , difference=47.99% (limit 20%)"
Visaton,W250S v2,8,10,,,346,11,6.6,,,,36.6,,31,121,1.88,0.39,0.323,,,6.5,92.5,100,,,reliable,
Visaton,W250S8,8,10,,,346,10.9,6.5,,,,36.6,,31,121,1.88,0.39,0.323,,,6.5,92.5,100,,,reliable,
Visaton,W250S8 v2,8,10,,,346,11,6.6,,,,36.6,,31,121,1.88,0.39,0.323,,,6.5,92.5,100,,,reliable,
Visaton,W300,8.0,12,,,490,9.4,6.6,1.77,,,43,,32,190,2.68,0.54,0.45,0.558,,5.25,91,120,,,reliable,
Visaton,W300S4,4,12,,,507,9.8,3.5,,,,57.5,,23,300,1.6,0.3,0.253,,,7,96.4,150,,,reliable,
Visaton,W300S8,8,12,,,507,10.8,6.7,,,,50.7,,23,340,1.65,0.42,0.335,,,7,92.7,150,,,reliable,
Visaton,WS13E,8,5,,,86.5,3.6,7.7,0.8,,,5.1,,83,7.7,3.52,1.56,1.08,0.726,,0.75,86,40,,,reliable,
Visaton,WS17E,8.0,6.5,,,143,3.9,5.8,0.9,,,16,,45,22,2.2,1.28,0.81,0.759,,3.5,88,60,,,unreliable,"qes_inconsistent: stated=1.28 , computed=1.72509 , difference=34.77% (limit 20%)"
Visaton,WS20E,8.0,8,,,240,5.5,6.8,1,,,21,,47,44,5.36,1.59,1.23,0.539,,3,88,80,,,reliable,
Visaton,WS25E,8.0,,,,346,3.8,5.9,0.8,,,33,,34,113,2.82,2.92,1.43,0.665,,5.5,88,80,,,reliable,
Visaton,WS27AW,8,10,,,350,6.4,6.8,,,,28.7,,38,105,4.18,1.15,0.902,,,7.7,89.7,150,,,reliable,
Visaton,WS300,8,12,,,507,11.4,6.6,,,,55.5,,22,340,1.8,0.39,0.321,,,8,92.5,150,,,reliable,
Visaton,WS32AW,8,12,,,490,13.3,7,,,,89.6,,45,47,6,1,0.857,,,3.7,88.9,150,,,reliable,
Visaton,WS32AW,8,12,,,510,9.9,6.85,,,,52.8,,39,115,5.1,0.9,0.765,,,5,91.5,150,,,reliable,
Visaton,WS33NG,8,12,,,450,11.2,6,,,,42,,30,190,1.63,0.38,0.308,,,8,94.5,200,,,reliable,
Visaton,WS40NG,8,15,,,780,14.3,6,,,,69.1,,25,500,1.18,0.32,0.252,,,6.5,97.1,200,,,reliable,
Visaton,WSP26S,8,10,,,330,8.6,5,,,,46.6,,19,230,3.19,0.38,0.34,,,11,90.2,110,,,reliable,
Vitavox,15/40,16,15,,,804,21.8,9.57,,,,57.2,,43.5,212,9.173,0.315,0.305,,,4,98.6,150,,,reliable,
Void Acoustic,V18-1000,8,18,,,1230,34.6,5.5,,,,223.3,,34.5,201.7,7.635,0.222,0.216,,,5.3,99.3,1000,,,reliable,
Volt,B250,8,10,,,346,9.8,5.1,,,,40.8,,31.7,104,3.04,0.43,0.377,,,6,92.8,250,,,reliable,
Volt,B250.2 PA,8,10,,,324,14.4,5.25,,,,45.2,,50,33,2.46,0.36,0.314,,,4.6,94.4,250,,,reliable,
Volt,B250.8,8,10,,,288,10.2,5.9,,,,40.6,,24,126,2,0.35,0.298,,,5.5,90.3,250,,,reliable,
Volt,B250.8 v2014,8,10,,,323.7,12,6.1,,,,40.8,,32,89,2.21,0.35,0.302,,,5.5,92.4,250,,,reliable,
Volt,B2500.1,8,10,,,299,19.2,5.9,,,,99.6,,25,51,1.4,0.25,0.212,,,5.5,88.3,250,,,reliable,
Volt,B2500.1 v2014,8,10,,,337,18.6,5.7,,,,102,,39,26,2.21,0.41,0.346,,,4.6,89.2,250,,,reliable,
Volt,B2549,8,10,,,337,14.6,5.8,,,,94.6,,24,74,1.8,0.39,0.321,,,8.3,87.6,200,,,reliable,
Volt,B2550,8,10,,,337,14.6,5.8,,,,94.6,,24,74,1.8,0.39,0.321,,,8.3,87.6,200,,,reliable,
Volt,BM2500.4,8,10,,,299,14.5,5.9,,,,42.5,,32,73,1.9,0.24,0.213,,,6.6,93.3,200,,,reliable,
Volt,BM2500.4 v2014,8,10,,,337,15.6,4.8,,,,53.8,,45,37,2.43,0.3,0.267,,,4,94.7,200,,,reliable,
Volt,BM2500.5 PA,8,10,,,336,15,5.2,,,,34.5,,52,43,6.55,0.26,0.25,,,4,97.5,250,,,reliable,
Volt,BM251.3 PA,8,10,,,336,12.1,5.2,,,,30.1,,55,44,5.42,0.37,0.346,,,4.8,96.8,200,,,reliable,
Volt,BM251.4 PA,8,10,,,337,12.5,5.15,,,,23.6,,59,49,4.88,0.29,0.274,,,2.5,99.3,200,,,reliable,
Volt,DVC251.7,4,10,,,346,10.1,2.8,,,,78.3,,32,53,3.84,0.43,0.387,,,7.8,92.6,250,,,reliable,
Volt,M2500.2 PA,8,10,,,337,20.1,5.1,,,,34.1,,59,34,0.96,0.16,0.137,,,0.4,100.3,200,,,reliable,
Volt,R3813,8,15,,,734,18.2,6.27,,,,81.8,,35,191,2.82,0.34,0.303,,,4.5,96.9,500,,,reliable,
Volt,R3823,8,15,,,755,19.4,5.4,,,,100.1,,39,133,3.25,0.35,0.316,,,4.5,97.2,500,,,reliable,
Volt,RV2501,8,10,,,330,13.8,5.3,,,,54.1,,39,47,3.19,0.37,0.332,,,5,92.5,250,,,reliable,
Volt,RV2550,8,10,,,330,13.7,5.9,,,,68.7,,28,71.8,2.58,0.38,0.331,,,9.1,89.5,250,,,reliable,
Volt,RV3143,8,12,,,480,18,6,,,,93.1,,34,76,5.7,0.37,0.347,,,5.2,92.3,300,,,reliable,
Volt,RV3143 v2014,8,12,,,479,18,6.1,,,,77.3,,35,86,5.35,0.32,0.302,,,5.2,93.8,300,,,reliable,
Volt,RV3863,8,15,,,760,19.1,5.6,,,,117.8,,29,207,3.82,0.33,0.304,,,7.5,95.4,400,,,reliable,
Volt,RV3863 v2014,8,15,,,760,19,5.6,,,,111.6,,35,150,3.5,0.38,0.343,,,6.7,95.8,400,,,reliable,
Volt,RV4504,8,15,,,962,20.4,5.5,,,,139.1,,33,217,4.26,0.38,0.349,,,9.2,96.7,750,,,reliable,
Volt,RV4564,8,18,,,1029,25.5,5.8,,,,233.7,,26,238,3.94,0.34,0.313,,,9.6,94.3,750,,,reliable,
Volt,SB2550,8,10,,,337,13.9,6,,,,82.4,,21,111,1.9,0.34,0.288,,,10.4,88,200,,,reliable,
Volt Loudspeakers,BM1651,8,,,,153.94,9.8,5.5,1.2,,,25,,30,40.75,4.12,0.26,0.24,1.23,,6.3,88,100,,,reliable,
Volt Loudspeakers,RV2501,8,,,,330,13.9,5.3,1.02,,,55.22,,39,47.03,3.19,0.37,0.33,0.3,,10,91,250,,,reliable,
Volt Loudspeakers,RV2550,8,,,,330,13.9,5.9,1.45,,,69,,28,71.78,2.58,0.38,0.33,0.47,,12,89,250,,,reliable,
Volt Loudspeakers,RV3143,8,,,,479,18,6.1,3.2,,,76,,35,86,5.35,0.32,0.3,0.27,,18,91.5,300,,,reliable,
Volt Loudspeakers,RV3863,8,,,,760,19.3,5.8,3.1,,,119,,29,205,4.03,0.33,0.31,0.253,,7.5,94,400,,,reliable,
Volt Loudspeakers,RV4564,4,,,,1029,25.7,5.8,3.8,,,235,,26,238,3.94,0.34,0.31,0.16,,12.5,93,750,,,reliable,
Volt Loudspeakers,SB2550,8,,,,337,14,6,1.46,,,84.48,,21,111,1.9,0.34,0.29,0.69,,11,88,200,,,reliable,
Volt Loudspeakers,VM754,8,,,,57,14.9,7,0.19,,,16,,400,0.04,,,,0.01,,4,92,100,,,reliable,
Warehouse Sound,G15A ALNICO,8,15,,,795.6,4.9,5.15,,,,14.2,,98.5,162.5,9.1,1.87,1.551,,,1.3,103.1,75,,,unreliable,"coupling_failed: Mms free-air radiation-mass correction exceeds 50% of Mms (1.823), check Sd/Mms, stated Mms=14.2 g, computed Mmd=-11.6809 g, radiation mass difference=182.26% (limit 50%)"
Warehouse Sound,REAPER 12,8,12,,,558.7,13.5,6.6,,,,28.5,,77.4,65,6.196,0.502,0.464,,,1.3,100.6,30,,,unreliable,"coupling_failed: Mms free-air radiation-mass correction exceeds 50% of Mms (0.534), check Sd/Mms, stated Mms=28.5 g, computed Mmd=13.2698 g, radiation mass difference=53.44% (limit 50%)"
Warehouse Sound,RETRO 10,8,10,,,324.3,2,6.27,,,,0.6,,115.6,460.4,6.72,0.66,0.601,,,3,113.4,60,,,unreliable,"coupling_failed: Mms free-air radiation-mass correction exceeds 50% of Mms (11.225), check Sd/Mms, stated Mms=0.6 g, computed Mmd=-6.1353 g, radiation mass difference=1122.55% (limit 50%)"
Warehouse Sound,VETERAN 30,8,10,,,366.1,2.5,7.99,,,,1,,94.8,524.7,12.15,0.78,0.733,,,2,109.6,30,,,unreliable,"coupling_failed: Mms free-air radiation-mass correction exceeds 50% of Mms (8.079), check Sd/Mms, stated Mms=1 g, computed Mmd=-7.0786 g, radiation mass difference=807.86% (limit 50%)"
Warehouse Sound,WGS 12L,8,10,,,366.1,16.7,5.84,,,,38.3,,49.6,50.5,7.41,0.25,0.242,,,3.3,97.3,200,,,reliable,
Wavecor,SW118WA01,4,4.5,,,49,4.7,3.2,0.48,,,7.9,,58,3.398021591,8.4,0.41,0.39,0.97,,4,,40,,,reliable,
Wavecor,SW146WA01,4,5.5,,,85,5.9,3,0.9,,,18.3,,51,5.380200852,9.5,0.5,0.48,0.54,,6,,55,,,reliable,
Wavecor,SW146WA02,8,10,,,85,7.8,6.35,,,,16.1,,54,5.5,9,0.57,0.53,,,6,83.7,55,,,reliable,
Wavecor,SW168WA01,4,6.5,,,127,7.5,3,1.3,,,32.5,,43,9.627727841,10.2,0.47,0.45,0.42,,7,,100,,,reliable,
Wavecor,SW182BD03,4,7,,,131,7.6,3,1,,,39.5,,35.1,12.74258097,13.3,0.45,0.44,0.52,,7,,250,,,reliable,
Wavecor,SW182BD04,8,7,,,131,10.2,6.4,1,,,35.2,,37.2,12.74258097,12.6,0.51,0.49,0.52,,7,,125,,,reliable,
Wavecor,SW215WA01,4,8.5,,,206,8.45,3.3,1.2,,,53,,33,26,11,0.51,0.49,0.43,1,10,88.5,400,,,reliable,
Wavecor,SW215WA02,8,9,,,206,11.4,6.3,1.7,,,49,,35,26.05149886,10.7,0.52,0.49,0.43,,10,,400,,,reliable,
Wavecor,SW223BD02,4,9,,,206,11,3.5,0.8,,,97,,24,28.31684659,10.7,0.42,0.4,0.47,,10.7,,200,,,reliable,
Wavecor,SW259WA01,4,10,,,312,14.2,3.3,,,,164.4,,29,25,10,0.49,0.467,,,6.3,86.8,200,,,reliable,
Wavecor,SW259WA02,8,10,,,312,18.6,6.5,2.3,,,158,,24,39.92675369,14.2,0.44,0.43,0.29,,11.5,,200,,,reliable,
Wavecor,SW263TU01,4,10,,,314,13.7,3.2,,,,164.2,,29.5,24.5,13,0.52,0.5,,,6.4,86.8,200,,,reliable,
Wavecor,SW263WA01,8,10,,,314,17.8,6.3,,,,150.1,,24,40.5,20,0.45,0.44,,,8.7,84,200,,,reliable,
Wavecor,SW263WA03,4,10,,,314,14.2,3.4,,,,173,,27,28,8.8,0.5,0.47,,,12,82.3,100,,,reliable,
Wavecor,SW263WA03,8,10,,,314,17.8,6.3,,,,150.1,,24,40.5,20,0.45,0.44,,,8.7,84,200,,,reliable,
Wavecor,SW270WA01,4,10,,,312,9.7,3.2,1.4,,,88,,28,50.97032387,8.1,0.53,0.49,0.37,,11,89.1,150,,,reliable,
Wavecor,SW275BD01,4,10,,,314,12,3.7,,,,119,,30.8,31,12.7,0.59,0.564,,,6.9,87.2,180,,,reliable,
Wavecor,SW280WA01,4,10,,,335,13.4,3.4,1.4,,,138,,26,43.04160682,6,0.43,0.4,0.27,,6,88.1,200,,,reliable,
Wavecor,SW310WA01,8,12,,,513,17.7,6.3,,,,175.6,,28.5,65.5,14,0.63,0.603,,,7.6,86.8,250,,,reliable,
Wavecor,SW310WA02,4,12,,,513,14,3.2,,,,191.6,,27.5,64.5,13.8,0.54,0.52,,,7.4,89.9,250,,,reliable,
Wavecor,SW312TU01,4,12,,,472,15.1,3.2,,,,207.7,,23,72,20,0.42,0.411,,,8.5,89.2,250,,,reliable,
Wavecor,SW312WA03,4,12,,,488,14.1,3.2,,,,176.8,,28,61,11.5,0.5,0.479,,,7.3,90.2,250,,,reliable,
Wavecor,SW312WA04,8,12,,,488,18.2,6.6,,,,164.8,,29,61,11,0.6,0.569,,,7.5,86.8,250,,,reliable,
Wavecor,WF090WA01,4,3.5,,,36,2.9,3.1,0.14,,,3.45,,109,1.132673864,6.1,0.87,0.76,0.62,,2.75,,15,,,reliable,
Wavecor,WF118WA02,8,4.5,,,55,5.8,6.3,0.28,,,6,,65,4.247526989,8.8,0.46,0.44,1,,3,,50,,,reliable,
Wavecor,WF118WA07,4,4.5,,,54,4.5,3.2,0.22,,,6.9,,56,4.813863921,7.8,0.38,0.36,1.18,,4,,40,,,reliable,
Wavecor,WF118WA08,8,4.5,,,54,5.8,6.4,0.36,,,6.5,,58,4.813863921,7.8,0.38,0.36,1.18,,4,,40,,,reliable,
Wavecor,WF120BD05,4,5,,,54,4.1,3.2,0.087,,,7.3,,48,6.22970625,7.4,0.42,0.4,1.5,,4,,60,,,reliable,
Wavecor,WF132TU02,4,5.25,,,95,5.2,3.2,0.23,,,10,,62,9.061390909,8,0.46,0.44,0.66,,,,55,,,reliable,
Wavecor,WF146WA01,4,5.75,,,95,5.1,3.2,0.24,,,10.4,,56,9.910896307,7,0.45,0.42,0.78,,3,,55,,,reliable,
Wavecor,WF146WA02,8,5.75,,,95,6.4,6.3,0.39,,,9.7,,58,9.910896307,7,0.54,0.51,0.78,,3,,55,,,reliable,
Wavecor,WF146WA05,4,5.75,,,93,5,3.2,0.24,,,12.5,,41,15.00792869,8.2,0.41,0.39,1.22,,3,,55,,,reliable,
Wavecor,WF146WA06,8,5.75,,,93,6.4,6.5,0.4,,,11.9,,42,15.00792869,8,0.5,0.47,1.22,,3,,55,,,reliable,
Wavecor,WF165TU01,4,5.5,,,136,4.3,3,,,,16,,56,13.02574943,10.9,0.91,0.84,0.5,,3,,450,,,reliable,
Wavecor,WF166TU02,4,6.5,,,139,5,3.2,0.23,,,12.5,,50,22.37030881,9.8,0.5,0.48,0.81,,3,,60,,,reliable,
Wavecor,WF168WA02,8,6.5,,,139,6.4,6.3,0.39,,,11.8,,49,24.6,7.1,0.56,0.52,0.9,,3,89,60,,,reliable,
Wavecor,WF168WA06,8,6.5,,,131,6.4,6.4,0.4,,,13.4,,41,27.75050966,7,0.54,0.5,1.14,,3,,60,,,reliable,
Wavecor,WF182BD10,8,7,,,131,8.2,6.4,0.17,,,21.9,,29.5,32.28120511,8.8,0.38,0.37,1.33,,5.5,,80,,,reliable,
Wavecor,WF182BD12,8,7,,,131,8.2,6.4,0.17,,,21.9,,29.5,32.28120511,8.8,0.38,0.37,1.33,,5.5,,80,,,reliable,
Wavecor,WF223BD01,4,8,,,213,7.7,3.4,0.13,,,34,,32.6,45.02378608,14.5,0.4,0.39,0.7,,6.5,,300,,,reliable,
Wavecor,WF223BD02,8,8,,,213,9.5,6.2,0.2,,,33,,33.1,45.02378608,14.3,0.47,0.46,0.7,,6.5,,300,,,reliable,
Wavecor,WF275BD01,4,10.75,,,312,9,3.1,,,,57,,27,81.55251818,11.6,0.38,0.37,0.59,,9,92.4,180,,,reliable,
Westra,SW-300-2808,8,12,,,531,13.7,6.7,,,,53.2,,30,209,3.03,0.36,0.322,,,9.3,94.7,250,,,reliable,
Wharfedale,3014,8,12,,,547.4,11.7,5.4,,,,77.7,,20.7,319.1,2.343,0.4,0.342,,,8,92.2,100,,,reliable,
Wharfedale,D-002,8,10,,,363.1,8.1,5.36,,,,18.2,,71.3,50.8,11.53,0.66,0.624,,,4,98.2,200,,,reliable,
Wharfedale,D592,16,18,,,1134,21,8,,,,148.5,,35,251,7.54,0.59,0.547,,,6,94.6,400,,,reliable,
Wharfedale,W15RS,16,12,,,641.3,15.6,9.4,,,,37.5,,21.2,866.5,4.326,0.193,0.185,,,6,97.6,50,,,reliable,
Xtant,X2 1044,2,10,,,383.2,8.2,1.33,,,,237.7,,37.2,15.9,7.6,1.1,0.961,,,5.7,88.5,600,,,reliable,
Xtant,X2 1204,4,12,,,569,14.4,3.72,,,,318.9,,30.6,38.6,7.6,1.1,0.961,,,6.6,85.3,600,,,reliable,
Yamaha,JA-3882,16,15,,,829.6,36.8,13.6,,,,66.7,,38.1,253.1,8.45,0.16,0.157,,,3.1,99.1,150,,,reliable,
Zeuz,10 400 HC,8,10,,,341,12.4,6.6,,,,33.7,,43.1,66.1,5.831,0.392,0.367,,,2.5,94.1,200,,,reliable,
Zeuz,10500X,4,10,,,340,11.2,3.81,,,,50.6,,48.4,34.6,9.292,0.467,0.445,,,4.3,94.5,500,,,reliable,
Zeuz,15400X,8,15,,,760,13.1,5.5,,,,94.5,,38.1,149.6,8.19,0.72,0.662,,,5.1,94.2,150,,,reliable,
Zeuz,DC181125ip,4,18,,,1200,16.2,3.8,,,,242.1,,22.2,429.3,6.99,0.49,0.458,,,8.5,95,250,,,reliable,
