row_id,manufacturer,model,Z_ohm,parameter,original_value,source_value_in_library_units,comparison,proposed_value,disposition,qualification,source_url
546ef3cb08a01609542afaa0,Celestion,AN2075,8,Z_ohm,8,8,published_matches,,unchanged,"Power: AES 20 W, not continuous 40 W. Le: 1 kHz. Sensitivity: 1 W/1 m, 2pi.",https://celestion.com/product/an2075/
546ef3cb08a01609542afaa0,Celestion,AN2075,8,Size_in,2,2,published_matches,,unchanged,"Power: AES 20 W, not continuous 40 W. Le: 1 kHz. Sensitivity: 1 W/1 m, 2pi.",https://celestion.com/product/an2075/
546ef3cb08a01609542afaa0,Celestion,AN2075,8,Throat_in,,,not_present_in_either,,unchanged,"Power: AES 20 W, not continuous 40 W. Le: 1 kHz. Sensitivity: 1 W/1 m, 2pi.",https://celestion.com/product/an2075/
546ef3cb08a01609542afaa0,Celestion,AN2075,8,Diameter_mm,,,not_present_in_either,,unchanged,"Power: AES 20 W, not continuous 40 W. Le: 1 kHz. Sensitivity: 1 W/1 m, 2pi.",https://celestion.com/product/an2075/
546ef3cb08a01609542afaa0,Celestion,AN2075,8,Sd_cm2,12.49,12.56,published_differs,,withheld_source_or_variant_conflict,"Power: AES 20 W, not continuous 40 W. Le: 1 kHz. Sensitivity: 1 W/1 m, 2pi.",https://celestion.com/product/an2075/
546ef3cb08a01609542afaa0,Celestion,AN2075,8,Bl_Tm,2.71,2.71,published_matches,,unchanged,"Power: AES 20 W, not continuous 40 W. Le: 1 kHz. Sensitivity: 1 W/1 m, 2pi.",https://celestion.com/product/an2075/
546ef3cb08a01609542afaa0,Celestion,AN2075,8,Re_ohm,0.84,5.33,published_differs,,withheld_source_or_variant_conflict,"Power: AES 20 W, not continuous 40 W. Le: 1 kHz. Sensitivity: 1 W/1 m, 2pi.",https://celestion.com/product/an2075/
546ef3cb08a01609542afaa0,Celestion,AN2075,8,Le_mH,,0.04,published_missing_in_library,,withheld_source_or_variant_conflict,"Power: AES 20 W, not continuous 40 W. Le: 1 kHz. Sensitivity: 1 W/1 m, 2pi.",https://celestion.com/product/an2075/
546ef3cb08a01609542afaa0,Celestion,AN2075,8,Le2_mH,,,not_present_in_either,,unchanged,"Power: AES 20 W, not continuous 40 W. Le: 1 kHz. Sensitivity: 1 W/1 m, 2pi.",https://celestion.com/product/an2075/
546ef3cb08a01609542afaa0,Celestion,AN2075,8,Re2_ohm,,,not_present_in_either,,unchanged,"Power: AES 20 W, not continuous 40 W. Le: 1 kHz. Sensitivity: 1 W/1 m, 2pi.",https://celestion.com/product/an2075/
546ef3cb08a01609542afaa0,Celestion,AN2075,8,Mms_g,1.49,1.49,published_matches,,unchanged,"Power: AES 20 W, not continuous 40 W. Le: 1 kHz. Sensitivity: 1 W/1 m, 2pi.",https://celestion.com/product/an2075/
546ef3cb08a01609542afaa0,Celestion,AN2075,8,Mmd_g,,,not_present_in_either,,unchanged,"Power: AES 20 W, not continuous 40 W. Le: 1 kHz. Sensitivity: 1 W/1 m, 2pi.",https://celestion.com/product/an2075/
546ef3cb08a01609542afaa0,Celestion,AN2075,8,Fs_Hz,153.4,153.4,published_matches,,unchanged,"Power: AES 20 W, not continuous 40 W. Le: 1 kHz. Sensitivity: 1 W/1 m, 2pi.",https://celestion.com/product/an2075/
546ef3cb08a01609542afaa0,Celestion,AN2075,8,Vas_L,0.2831684659,1.51,published_differs,,withheld_source_or_variant_conflict,"Power: AES 20 W, not continuous 40 W. Le: 1 kHz. Sensitivity: 1 W/1 m, 2pi.",https://celestion.com/product/an2075/
546ef3cb08a01609542afaa0,Celestion,AN2075,8,Qms,5.28,5.281,published_differs,,withheld_source_or_variant_conflict,"Power: AES 20 W, not continuous 40 W. Le: 1 kHz. Sensitivity: 1 W/1 m, 2pi.",https://celestion.com/product/an2075/
546ef3cb08a01609542afaa0,Celestion,AN2075,8,Qes,0.998,0.998,published_matches,,unchanged,"Power: AES 20 W, not continuous 40 W. Le: 1 kHz. Sensitivity: 1 W/1 m, 2pi.",https://celestion.com/product/an2075/
546ef3cb08a01609542afaa0,Celestion,AN2075,8,Qts,0.84,0.839,published_differs,,withheld_source_or_variant_conflict,"Power: AES 20 W, not continuous 40 W. Le: 1 kHz. Sensitivity: 1 W/1 m, 2pi.",https://celestion.com/product/an2075/
546ef3cb08a01609542afaa0,Celestion,AN2075,8,Cms_mm_per_N,0.72,0.72,published_matches,,unchanged,"Power: AES 20 W, not continuous 40 W. Le: 1 kHz. Sensitivity: 1 W/1 m, 2pi.",https://celestion.com/product/an2075/
546ef3cb08a01609542afaa0,Celestion,AN2075,8,Rms_kg_per_s,,0.27,published_missing_in_library,,withheld_source_or_variant_conflict,"Power: AES 20 W, not continuous 40 W. Le: 1 kHz. Sensitivity: 1 W/1 m, 2pi.",https://celestion.com/product/an2075/
546ef3cb08a01609542afaa0,Celestion,AN2075,8,Xmax_mm,1.5,2.25,published_differs,,withheld_source_or_variant_conflict,"Power: AES 20 W, not continuous 40 W. Le: 1 kHz. Sensitivity: 1 W/1 m, 2pi.",https://celestion.com/product/an2075/
546ef3cb08a01609542afaa0,Celestion,AN2075,8,Sensitivity_dB,,80,published_missing_in_library,,withheld_source_or_variant_conflict,"Power: AES 20 W, not continuous 40 W. Le: 1 kHz. Sensitivity: 1 W/1 m, 2pi.",https://celestion.com/product/an2075/
546ef3cb08a01609542afaa0,Celestion,AN2075,8,Power_W,20,20,published_matches,,unchanged,"Power: AES 20 W, not continuous 40 W. Le: 1 kHz. Sensitivity: 1 W/1 m, 2pi.",https://celestion.com/product/an2075/
546ef3cb08a01609542afaa0,Celestion,AN2075,8,XO_min_Hz,,,not_present_in_either,,unchanged,"Power: AES 20 W, not continuous 40 W. Le: 1 kHz. Sensitivity: 1 W/1 m, 2pi.",https://celestion.com/product/an2075/
546ef3cb08a01609542afaa0,Celestion,AN2075,8,Freq_low_Hz,,160,published_missing_in_library,,withheld_source_or_variant_conflict,"Power: AES 20 W, not continuous 40 W. Le: 1 kHz. Sensitivity: 1 W/1 m, 2pi.",https://celestion.com/product/an2075/
5c1e89bba75d7b505a091193,Celestion,AN3510,8,Z_ohm,8,8,published_matches,,unchanged,"Power: AES 35 W, not continuous 70 W. Le: 1 kHz. Sensitivity: 1 W/1 m, 2pi.",https://celestion.com/product/an3510/
5c1e89bba75d7b505a091193,Celestion,AN3510,8,Size_in,3.5,3.5,published_matches,,unchanged,"Power: AES 35 W, not continuous 70 W. Le: 1 kHz. Sensitivity: 1 W/1 m, 2pi.",https://celestion.com/product/an3510/
5c1e89bba75d7b505a091193,Celestion,AN3510,8,Throat_in,,,not_present_in_either,,unchanged,"Power: AES 35 W, not continuous 70 W. Le: 1 kHz. Sensitivity: 1 W/1 m, 2pi.",https://celestion.com/product/an3510/
5c1e89bba75d7b505a091193,Celestion,AN3510,8,Diameter_mm,,,not_present_in_either,,unchanged,"Power: AES 35 W, not continuous 70 W. Le: 1 kHz. Sensitivity: 1 W/1 m, 2pi.",https://celestion.com/product/an3510/
5c1e89bba75d7b505a091193,Celestion,AN3510,8,Sd_cm2,38.48,38.45,published_differs,,withheld_source_or_variant_conflict,"Power: AES 35 W, not continuous 70 W. Le: 1 kHz. Sensitivity: 1 W/1 m, 2pi.",https://celestion.com/product/an3510/
5c1e89bba75d7b505a091193,Celestion,AN3510,8,Bl_Tm,4.56,4.56,published_matches,,unchanged,"Power: AES 35 W, not continuous 70 W. Le: 1 kHz. Sensitivity: 1 W/1 m, 2pi.",https://celestion.com/product/an3510/
5c1e89bba75d7b505a091193,Celestion,AN3510,8,Re_ohm,5.73,5.73,published_matches,,unchanged,"Power: AES 35 W, not continuous 70 W. Le: 1 kHz. Sensitivity: 1 W/1 m, 2pi.",https://celestion.com/product/an3510/
5c1e89bba75d7b505a091193,Celestion,AN3510,8,Le_mH,,0.14,published_missing_in_library,,withheld_source_or_variant_conflict,"Power: AES 35 W, not continuous 70 W. Le: 1 kHz. Sensitivity: 1 W/1 m, 2pi.",https://celestion.com/product/an3510/
5c1e89bba75d7b505a091193,Celestion,AN3510,8,Le2_mH,,,not_present_in_either,,unchanged,"Power: AES 35 W, not continuous 70 W. Le: 1 kHz. Sensitivity: 1 W/1 m, 2pi.",https://celestion.com/product/an3510/
5c1e89bba75d7b505a091193,Celestion,AN3510,8,Re2_ohm,,,not_present_in_either,,unchanged,"Power: AES 35 W, not continuous 70 W. Le: 1 kHz. Sensitivity: 1 W/1 m, 2pi.",https://celestion.com/product/an3510/
5c1e89bba75d7b505a091193,Celestion,AN3510,8,Mms_g,3.37,3.76,published_differs,,withheld_source_or_variant_conflict,"Power: AES 35 W, not continuous 70 W. Le: 1 kHz. Sensitivity: 1 W/1 m, 2pi.",https://celestion.com/product/an3510/
5c1e89bba75d7b505a091193,Celestion,AN3510,8,Mmd_g,,,not_present_in_either,,unchanged,"Power: AES 35 W, not continuous 70 W. Le: 1 kHz. Sensitivity: 1 W/1 m, 2pi.",https://celestion.com/product/an3510/
5c1e89bba75d7b505a091193,Celestion,AN3510,8,Fs_Hz,113.4,113.4,published_matches,,unchanged,"Power: AES 35 W, not continuous 70 W. Le: 1 kHz. Sensitivity: 1 W/1 m, 2pi.",https://celestion.com/product/an3510/
5c1e89bba75d7b505a091193,Celestion,AN3510,8,Vas_L,1.982179261,1.87,published_differs,,withheld_source_or_variant_conflict,"Power: AES 35 W, not continuous 70 W. Le: 1 kHz. Sensitivity: 1 W/1 m, 2pi.",https://celestion.com/product/an3510/
5c1e89bba75d7b505a091193,Celestion,AN3510,8,Qms,5.09,5.093,published_differs,,withheld_source_or_variant_conflict,"Power: AES 35 W, not continuous 70 W. Le: 1 kHz. Sensitivity: 1 W/1 m, 2pi.",https://celestion.com/product/an3510/
5c1e89bba75d7b505a091193,Celestion,AN3510,8,Qes,0.74,0.74,published_matches,,unchanged,"Power: AES 35 W, not continuous 70 W. Le: 1 kHz. Sensitivity: 1 W/1 m, 2pi.",https://celestion.com/product/an3510/
5c1e89bba75d7b505a091193,Celestion,AN3510,8,Qts,0.65,0.646,published_differs,,withheld_source_or_variant_conflict,"Power: AES 35 W, not continuous 70 W. Le: 1 kHz. Sensitivity: 1 W/1 m, 2pi.",https://celestion.com/product/an3510/
5c1e89bba75d7b505a091193,Celestion,AN3510,8,Cms_mm_per_N,0.52,0.52,published_matches,,unchanged,"Power: AES 35 W, not continuous 70 W. Le: 1 kHz. Sensitivity: 1 W/1 m, 2pi.",https://celestion.com/product/an3510/
5c1e89bba75d7b505a091193,Celestion,AN3510,8,Rms_kg_per_s,,0.53,published_missing_in_library,,withheld_source_or_variant_conflict,"Power: AES 35 W, not continuous 70 W. Le: 1 kHz. Sensitivity: 1 W/1 m, 2pi.",https://celestion.com/product/an3510/
5c1e89bba75d7b505a091193,Celestion,AN3510,8,Xmax_mm,1.25,2.25,published_differs,,withheld_source_or_variant_conflict,"Power: AES 35 W, not continuous 70 W. Le: 1 kHz. Sensitivity: 1 W/1 m, 2pi.",https://celestion.com/product/an3510/
5c1e89bba75d7b505a091193,Celestion,AN3510,8,Sensitivity_dB,,87,published_missing_in_library,,withheld_source_or_variant_conflict,"Power: AES 35 W, not continuous 70 W. Le: 1 kHz. Sensitivity: 1 W/1 m, 2pi.",https://celestion.com/product/an3510/
5c1e89bba75d7b505a091193,Celestion,AN3510,8,Power_W,35,35,published_matches,,unchanged,"Power: AES 35 W, not continuous 70 W. Le: 1 kHz. Sensitivity: 1 W/1 m, 2pi.",https://celestion.com/product/an3510/
5c1e89bba75d7b505a091193,Celestion,AN3510,8,XO_min_Hz,,,not_present_in_either,,unchanged,"Power: AES 35 W, not continuous 70 W. Le: 1 kHz. Sensitivity: 1 W/1 m, 2pi.",https://celestion.com/product/an3510/
5c1e89bba75d7b505a091193,Celestion,AN3510,8,Freq_low_Hz,,98,published_missing_in_library,,withheld_source_or_variant_conflict,"Power: AES 35 W, not continuous 70 W. Le: 1 kHz. Sensitivity: 1 W/1 m, 2pi.",https://celestion.com/product/an3510/
ddfd14bd3f9b37bb0579aeea,Celestion,FTX0820,8,Z_ohm,8,8,published_matches,,unchanged,"Power: LF AES 200 W, not continuous 400 W. Le: 1 kHz. Sensitivity: LF 1 W/1 m.",https://celestion.com/product/ftx0820/
ddfd14bd3f9b37bb0579aeea,Celestion,FTX0820,8,Size_in,8,8,published_matches,,unchanged,"Power: LF AES 200 W, not continuous 400 W. Le: 1 kHz. Sensitivity: LF 1 W/1 m.",https://celestion.com/product/ftx0820/
ddfd14bd3f9b37bb0579aeea,Celestion,FTX0820,8,Throat_in,,,not_present_in_either,,unchanged,"Power: LF AES 200 W, not continuous 400 W. Le: 1 kHz. Sensitivity: LF 1 W/1 m.",https://celestion.com/product/ftx0820/
ddfd14bd3f9b37bb0579aeea,Celestion,FTX0820,8,Diameter_mm,,,not_present_in_either,,unchanged,"Power: LF AES 200 W, not continuous 400 W. Le: 1 kHz. Sensitivity: LF 1 W/1 m.",https://celestion.com/product/ftx0820/
ddfd14bd3f9b37bb0579aeea,Celestion,FTX0820,8,Sd_cm2,227.1,226.98,published_differs,226.98,correction_proposed,"Power: LF AES 200 W, not continuous 400 W. Le: 1 kHz. Sensitivity: LF 1 W/1 m.",https://celestion.com/product/ftx0820/
ddfd14bd3f9b37bb0579aeea,Celestion,FTX0820,8,Bl_Tm,14.4,14.56,published_differs,14.56,correction_proposed,"Power: LF AES 200 W, not continuous 400 W. Le: 1 kHz. Sensitivity: LF 1 W/1 m.",https://celestion.com/product/ftx0820/
ddfd14bd3f9b37bb0579aeea,Celestion,FTX0820,8,Re_ohm,5.9,5.85,published_differs,5.85,correction_proposed,"Power: LF AES 200 W, not continuous 400 W. Le: 1 kHz. Sensitivity: LF 1 W/1 m.",https://celestion.com/product/ftx0820/
ddfd14bd3f9b37bb0579aeea,Celestion,FTX0820,8,Le_mH,0.84,0.62,published_differs,0.62,correction_proposed,"Power: LF AES 200 W, not continuous 400 W. Le: 1 kHz. Sensitivity: LF 1 W/1 m.",https://celestion.com/product/ftx0820/
ddfd14bd3f9b37bb0579aeea,Celestion,FTX0820,8,Le2_mH,,,not_present_in_either,,unchanged,"Power: LF AES 200 W, not continuous 400 W. Le: 1 kHz. Sensitivity: LF 1 W/1 m.",https://celestion.com/product/ftx0820/
ddfd14bd3f9b37bb0579aeea,Celestion,FTX0820,8,Re2_ohm,,,not_present_in_either,,unchanged,"Power: LF AES 200 W, not continuous 400 W. Le: 1 kHz. Sensitivity: LF 1 W/1 m.",https://celestion.com/product/ftx0820/
ddfd14bd3f9b37bb0579aeea,Celestion,FTX0820,8,Mms_g,21.12,22.66,published_differs,22.66,correction_proposed,"Power: LF AES 200 W, not continuous 400 W. Le: 1 kHz. Sensitivity: LF 1 W/1 m.",https://celestion.com/product/ftx0820/
ddfd14bd3f9b37bb0579aeea,Celestion,FTX0820,8,Mmd_g,,,not_present_in_either,,unchanged,"Power: LF AES 200 W, not continuous 400 W. Le: 1 kHz. Sensitivity: LF 1 W/1 m.",https://celestion.com/product/ftx0820/
ddfd14bd3f9b37bb0579aeea,Celestion,FTX0820,8,Fs_Hz,78.8,78.8,published_matches,,unchanged,"Power: LF AES 200 W, not continuous 400 W. Le: 1 kHz. Sensitivity: LF 1 W/1 m.",https://celestion.com/product/ftx0820/
ddfd14bd3f9b37bb0579aeea,Celestion,FTX0820,8,Vas_L,21.23763494,13.13,published_differs,13.13,correction_proposed,"Power: LF AES 200 W, not continuous 400 W. Le: 1 kHz. Sensitivity: LF 1 W/1 m.",https://celestion.com/product/ftx0820/
ddfd14bd3f9b37bb0579aeea,Celestion,FTX0820,8,Qms,4.7,2.8,published_differs,2.8,correction_proposed,"Power: LF AES 200 W, not continuous 400 W. Le: 1 kHz. Sensitivity: LF 1 W/1 m.",https://celestion.com/product/ftx0820/
ddfd14bd3f9b37bb0579aeea,Celestion,FTX0820,8,Qes,0.242,0.31,published_differs,0.31,correction_proposed,"Power: LF AES 200 W, not continuous 400 W. Le: 1 kHz. Sensitivity: LF 1 W/1 m.",https://celestion.com/product/ftx0820/
ddfd14bd3f9b37bb0579aeea,Celestion,FTX0820,8,Qts,0.231,0.279,published_differs,0.279,correction_proposed,"Power: LF AES 200 W, not continuous 400 W. Le: 1 kHz. Sensitivity: LF 1 W/1 m.",https://celestion.com/product/ftx0820/
ddfd14bd3f9b37bb0579aeea,Celestion,FTX0820,8,Cms_mm_per_N,0.238,0.18,published_differs,0.18,correction_proposed,"Power: LF AES 200 W, not continuous 400 W. Le: 1 kHz. Sensitivity: LF 1 W/1 m.",https://celestion.com/product/ftx0820/
ddfd14bd3f9b37bb0579aeea,Celestion,FTX0820,8,Rms_kg_per_s,,4.01,published_missing_in_library,4.01,correction_proposed,"Power: LF AES 200 W, not continuous 400 W. Le: 1 kHz. Sensitivity: LF 1 W/1 m.",https://celestion.com/product/ftx0820/
ddfd14bd3f9b37bb0579aeea,Celestion,FTX0820,8,Xmax_mm,2,4,published_differs,4,correction_proposed,"Power: LF AES 200 W, not continuous 400 W. Le: 1 kHz. Sensitivity: LF 1 W/1 m.",https://celestion.com/product/ftx0820/
ddfd14bd3f9b37bb0579aeea,Celestion,FTX0820,8,Sensitivity_dB,,94,published_missing_in_library,94,correction_proposed,"Power: LF AES 200 W, not continuous 400 W. Le: 1 kHz. Sensitivity: LF 1 W/1 m.",https://celestion.com/product/ftx0820/
ddfd14bd3f9b37bb0579aeea,Celestion,FTX0820,8,Power_W,200,200,published_matches,,unchanged,"Power: LF AES 200 W, not continuous 400 W. Le: 1 kHz. Sensitivity: LF 1 W/1 m.",https://celestion.com/product/ftx0820/
ddfd14bd3f9b37bb0579aeea,Celestion,FTX0820,8,XO_min_Hz,,,not_present_in_either,,unchanged,"Power: LF AES 200 W, not continuous 400 W. Le: 1 kHz. Sensitivity: LF 1 W/1 m.",https://celestion.com/product/ftx0820/
ddfd14bd3f9b37bb0579aeea,Celestion,FTX0820,8,Freq_low_Hz,,70,published_missing_in_library,70,correction_proposed,"Power: LF AES 200 W, not continuous 400 W. Le: 1 kHz. Sensitivity: LF 1 W/1 m.",https://celestion.com/product/ftx0820/
01b616b4e3b34a7fac2c7406,Celestion,Truvox 0615,8,Z_ohm,8,8,published_matches,,unchanged,Power: AES 150 W. Le: 1 kHz. Sensitivity: 1 W/1 m.,https://celestion.com/product/truvox-0615/
01b616b4e3b34a7fac2c7406,Celestion,Truvox 0615,8,Size_in,6.5,6.5,published_matches,,unchanged,Power: AES 150 W. Le: 1 kHz. Sensitivity: 1 W/1 m.,https://celestion.com/product/truvox-0615/
01b616b4e3b34a7fac2c7406,Celestion,Truvox 0615,8,Throat_in,,,not_present_in_either,,unchanged,Power: AES 150 W. Le: 1 kHz. Sensitivity: 1 W/1 m.,https://celestion.com/product/truvox-0615/
01b616b4e3b34a7fac2c7406,Celestion,Truvox 0615,8,Diameter_mm,,167.4,published_missing_in_library,,withheld_source_or_variant_conflict,Power: AES 150 W. Le: 1 kHz. Sensitivity: 1 W/1 m.,https://celestion.com/product/truvox-0615/
01b616b4e3b34a7fac2c7406,Celestion,Truvox 0615,8,Sd_cm2,154.54,154.54,published_matches,,unchanged,Power: AES 150 W. Le: 1 kHz. Sensitivity: 1 W/1 m.,https://celestion.com/product/truvox-0615/
01b616b4e3b34a7fac2c7406,Celestion,Truvox 0615,8,Bl_Tm,0.298,8.032,published_differs,,withheld_source_or_variant_conflict,Power: AES 150 W. Le: 1 kHz. Sensitivity: 1 W/1 m.,https://celestion.com/product/truvox-0615/
01b616b4e3b34a7fac2c7406,Celestion,Truvox 0615,8,Re_ohm,5.59,5.59,published_matches,,unchanged,Power: AES 150 W. Le: 1 kHz. Sensitivity: 1 W/1 m.,https://celestion.com/product/truvox-0615/
01b616b4e3b34a7fac2c7406,Celestion,Truvox 0615,8,Le_mH,0.369,0.369,published_matches,,unchanged,Power: AES 150 W. Le: 1 kHz. Sensitivity: 1 W/1 m.,https://celestion.com/product/truvox-0615/
01b616b4e3b34a7fac2c7406,Celestion,Truvox 0615,8,Le2_mH,,,not_present_in_either,,unchanged,Power: AES 150 W. Le: 1 kHz. Sensitivity: 1 W/1 m.,https://celestion.com/product/truvox-0615/
01b616b4e3b34a7fac2c7406,Celestion,Truvox 0615,8,Re2_ohm,,,not_present_in_either,,unchanged,Power: AES 150 W. Le: 1 kHz. Sensitivity: 1 W/1 m.,https://celestion.com/product/truvox-0615/
01b616b4e3b34a7fac2c7406,Celestion,Truvox 0615,8,Mms_g,10.584,10.584,published_matches,,unchanged,Power: AES 150 W. Le: 1 kHz. Sensitivity: 1 W/1 m.,https://celestion.com/product/truvox-0615/
01b616b4e3b34a7fac2c7406,Celestion,Truvox 0615,8,Mmd_g,,,not_present_in_either,,unchanged,Power: AES 150 W. Le: 1 kHz. Sensitivity: 1 W/1 m.,https://celestion.com/product/truvox-0615/
01b616b4e3b34a7fac2c7406,Celestion,Truvox 0615,8,Fs_Hz,89.6,89.6,published_matches,,unchanged,Power: AES 150 W. Le: 1 kHz. Sensitivity: 1 W/1 m.,https://celestion.com/product/truvox-0615/
01b616b4e3b34a7fac2c7406,Celestion,Truvox 0615,8,Vas_L,7.362380114,7.44,published_differs,,withheld_source_or_variant_conflict,Power: AES 150 W. Le: 1 kHz. Sensitivity: 1 W/1 m.,https://celestion.com/product/truvox-0615/
01b616b4e3b34a7fac2c7406,Celestion,Truvox 0615,8,Qms,5.535,5.535,published_matches,,unchanged,Power: AES 150 W. Le: 1 kHz. Sensitivity: 1 W/1 m.,https://celestion.com/product/truvox-0615/
01b616b4e3b34a7fac2c7406,Celestion,Truvox 0615,8,Qes,0.516,0.516,published_matches,,unchanged,Power: AES 150 W. Le: 1 kHz. Sensitivity: 1 W/1 m.,https://celestion.com/product/truvox-0615/
01b616b4e3b34a7fac2c7406,Celestion,Truvox 0615,8,Qts,0.472,0.472,published_matches,,unchanged,Power: AES 150 W. Le: 1 kHz. Sensitivity: 1 W/1 m.,https://celestion.com/product/truvox-0615/
01b616b4e3b34a7fac2c7406,Celestion,Truvox 0615,8,Cms_mm_per_N,0.298,0.298,published_matches,,unchanged,Power: AES 150 W. Le: 1 kHz. Sensitivity: 1 W/1 m.,https://celestion.com/product/truvox-0615/
01b616b4e3b34a7fac2c7406,Celestion,Truvox 0615,8,Rms_kg_per_s,,1.076,published_missing_in_library,,withheld_source_or_variant_conflict,Power: AES 150 W. Le: 1 kHz. Sensitivity: 1 W/1 m.,https://celestion.com/product/truvox-0615/
01b616b4e3b34a7fac2c7406,Celestion,Truvox 0615,8,Xmax_mm,3.5,3.5,published_matches,,unchanged,Power: AES 150 W. Le: 1 kHz. Sensitivity: 1 W/1 m.,https://celestion.com/product/truvox-0615/
01b616b4e3b34a7fac2c7406,Celestion,Truvox 0615,8,Sensitivity_dB,,93,published_missing_in_library,,withheld_source_or_variant_conflict,Power: AES 150 W. Le: 1 kHz. Sensitivity: 1 W/1 m.,https://celestion.com/product/truvox-0615/
01b616b4e3b34a7fac2c7406,Celestion,Truvox 0615,8,Power_W,150,150,published_matches,,unchanged,Power: AES 150 W. Le: 1 kHz. Sensitivity: 1 W/1 m.,https://celestion.com/product/truvox-0615/
01b616b4e3b34a7fac2c7406,Celestion,Truvox 0615,8,XO_min_Hz,,,not_present_in_either,,unchanged,Power: AES 150 W. Le: 1 kHz. Sensitivity: 1 W/1 m.,https://celestion.com/product/truvox-0615/
01b616b4e3b34a7fac2c7406,Celestion,Truvox 0615,8,Freq_low_Hz,,80,published_missing_in_library,,withheld_source_or_variant_conflict,Power: AES 150 W. Le: 1 kHz. Sensitivity: 1 W/1 m.,https://celestion.com/product/truvox-0615/
f44c78160402477a8b11241f,Celestion,Truvox 0820,8,Z_ohm,8,8,published_matches,,unchanged,Power: AES 250 W. Le: 1 kHz. Sensitivity: 1 W/1 m.,https://celestion.com/product/truvox-0820/
f44c78160402477a8b11241f,Celestion,Truvox 0820,8,Size_in,8,8,published_matches,,unchanged,Power: AES 250 W. Le: 1 kHz. Sensitivity: 1 W/1 m.,https://celestion.com/product/truvox-0820/
f44c78160402477a8b11241f,Celestion,Truvox 0820,8,Throat_in,,,not_present_in_either,,unchanged,Power: AES 250 W. Le: 1 kHz. Sensitivity: 1 W/1 m.,https://celestion.com/product/truvox-0820/
f44c78160402477a8b11241f,Celestion,Truvox 0820,8,Diameter_mm,,208.5,published_missing_in_library,208.5,correction_proposed,Power: AES 250 W. Le: 1 kHz. Sensitivity: 1 W/1 m.,https://celestion.com/product/truvox-0820/
f44c78160402477a8b11241f,Celestion,Truvox 0820,8,Sd_cm2,226.98,226.98,published_matches,,unchanged,Power: AES 250 W. Le: 1 kHz. Sensitivity: 1 W/1 m.,https://celestion.com/product/truvox-0820/
f44c78160402477a8b11241f,Celestion,Truvox 0820,8,Bl_Tm,1.51,11.51,published_differs,11.51,correction_proposed,Power: AES 250 W. Le: 1 kHz. Sensitivity: 1 W/1 m.,https://celestion.com/product/truvox-0820/
f44c78160402477a8b11241f,Celestion,Truvox 0820,8,Re_ohm,6.06,6.06,published_matches,,unchanged,Power: AES 250 W. Le: 1 kHz. Sensitivity: 1 W/1 m.,https://celestion.com/product/truvox-0820/
f44c78160402477a8b11241f,Celestion,Truvox 0820,8,Le_mH,0.543,0.543,published_matches,,unchanged,Power: AES 250 W. Le: 1 kHz. Sensitivity: 1 W/1 m.,https://celestion.com/product/truvox-0820/
f44c78160402477a8b11241f,Celestion,Truvox 0820,8,Le2_mH,,,not_present_in_either,,unchanged,Power: AES 250 W. Le: 1 kHz. Sensitivity: 1 W/1 m.,https://celestion.com/product/truvox-0820/
f44c78160402477a8b11241f,Celestion,Truvox 0820,8,Re2_ohm,,,not_present_in_either,,unchanged,Power: AES 250 W. Le: 1 kHz. Sensitivity: 1 W/1 m.,https://celestion.com/product/truvox-0820/
f44c78160402477a8b11241f,Celestion,Truvox 0820,8,Mms_g,19.49,19.49,published_matches,,unchanged,Power: AES 250 W. Le: 1 kHz. Sensitivity: 1 W/1 m.,https://celestion.com/product/truvox-0820/
f44c78160402477a8b11241f,Celestion,Truvox 0820,8,Mmd_g,,,not_present_in_either,,unchanged,Power: AES 250 W. Le: 1 kHz. Sensitivity: 1 W/1 m.,https://celestion.com/product/truvox-0820/
f44c78160402477a8b11241f,Celestion,Truvox 0820,8,Fs_Hz,74.1,74.1,published_matches,,unchanged,Power: AES 250 W. Le: 1 kHz. Sensitivity: 1 W/1 m.,https://celestion.com/product/truvox-0820/
f44c78160402477a8b11241f,Celestion,Truvox 0820,8,Vas_L,17.27327642,17.25,published_differs,17.25,correction_proposed,Power: AES 250 W. Le: 1 kHz. Sensitivity: 1 W/1 m.,https://celestion.com/product/truvox-0820/
f44c78160402477a8b11241f,Celestion,Truvox 0820,8,Qms,6.304,6.304,published_matches,,unchanged,Power: AES 250 W. Le: 1 kHz. Sensitivity: 1 W/1 m.,https://celestion.com/product/truvox-0820/
f44c78160402477a8b11241f,Celestion,Truvox 0820,8,Qes,0.417,0.417,published_matches,,unchanged,Power: AES 250 W. Le: 1 kHz. Sensitivity: 1 W/1 m.,https://celestion.com/product/truvox-0820/
f44c78160402477a8b11241f,Celestion,Truvox 0820,8,Qts,0.39,0.39,published_matches,,unchanged,Power: AES 250 W. Le: 1 kHz. Sensitivity: 1 W/1 m.,https://celestion.com/product/truvox-0820/
f44c78160402477a8b11241f,Celestion,Truvox 0820,8,Cms_mm_per_N,0.24,0.24,published_matches,,unchanged,Power: AES 250 W. Le: 1 kHz. Sensitivity: 1 W/1 m.,https://celestion.com/product/truvox-0820/
f44c78160402477a8b11241f,Celestion,Truvox 0820,8,Rms_kg_per_s,,1.5,published_missing_in_library,1.5,correction_proposed,Power: AES 250 W. Le: 1 kHz. Sensitivity: 1 W/1 m.,https://celestion.com/product/truvox-0820/
f44c78160402477a8b11241f,Celestion,Truvox 0820,8,Xmax_mm,5,5,published_matches,,unchanged,Power: AES 250 W. Le: 1 kHz. Sensitivity: 1 W/1 m.,https://celestion.com/product/truvox-0820/
f44c78160402477a8b11241f,Celestion,Truvox 0820,8,Sensitivity_dB,,96,published_missing_in_library,96,correction_proposed,Power: AES 250 W. Le: 1 kHz. Sensitivity: 1 W/1 m.,https://celestion.com/product/truvox-0820/
f44c78160402477a8b11241f,Celestion,Truvox 0820,8,Power_W,250,250,published_matches,,unchanged,Power: AES 250 W. Le: 1 kHz. Sensitivity: 1 W/1 m.,https://celestion.com/product/truvox-0820/
f44c78160402477a8b11241f,Celestion,Truvox 0820,8,XO_min_Hz,,,not_present_in_either,,unchanged,Power: AES 250 W. Le: 1 kHz. Sensitivity: 1 W/1 m.,https://celestion.com/product/truvox-0820/
f44c78160402477a8b11241f,Celestion,Truvox 0820,8,Freq_low_Hz,,70,published_missing_in_library,70,correction_proposed,Power: AES 250 W. Le: 1 kHz. Sensitivity: 1 W/1 m.,https://celestion.com/product/truvox-0820/
b6301beeaf436c606b04883c,Dayton Audio,CE45N-4,4,Z_ohm,4,4,published_matches,,unchanged,"Power: 5 W RMS, AES 426B. Le: 10 kHz, not 1 kHz. Sensitivity: 2.83 V/1 m.",https://www.daytonaudio.com/images/resources/285-161--dayton-audio-ce45n-4-specification-sheet.pdf
b6301beeaf436c606b04883c,Dayton Audio,CE45N-4,4,Size_in,,1.75,published_missing_in_library,,withheld_source_or_variant_conflict,"Power: 5 W RMS, AES 426B. Le: 10 kHz, not 1 kHz. Sensitivity: 2.83 V/1 m.",https://www.daytonaudio.com/images/resources/285-161--dayton-audio-ce45n-4-specification-sheet.pdf
b6301beeaf436c606b04883c,Dayton Audio,CE45N-4,4,Throat_in,,,not_present_in_either,,unchanged,"Power: 5 W RMS, AES 426B. Le: 10 kHz, not 1 kHz. Sensitivity: 2.83 V/1 m.",https://www.daytonaudio.com/images/resources/285-161--dayton-audio-ce45n-4-specification-sheet.pdf
b6301beeaf436c606b04883c,Dayton Audio,CE45N-4,4,Diameter_mm,,,not_present_in_either,,unchanged,"Power: 5 W RMS, AES 426B. Le: 10 kHz, not 1 kHz. Sensitivity: 2.83 V/1 m.",https://www.daytonaudio.com/images/resources/285-161--dayton-audio-ce45n-4-specification-sheet.pdf
b6301beeaf436c606b04883c,Dayton Audio,CE45N-4,4,Sd_cm2,8.04,8.04,published_matches,,unchanged,"Power: 5 W RMS, AES 426B. Le: 10 kHz, not 1 kHz. Sensitivity: 2.83 V/1 m.",https://www.daytonaudio.com/images/resources/285-161--dayton-audio-ce45n-4-specification-sheet.pdf
b6301beeaf436c606b04883c,Dayton Audio,CE45N-4,4,Bl_Tm,1.78,1.78,published_matches,,unchanged,"Power: 5 W RMS, AES 426B. Le: 10 kHz, not 1 kHz. Sensitivity: 2.83 V/1 m.",https://www.daytonaudio.com/images/resources/285-161--dayton-audio-ce45n-4-specification-sheet.pdf
b6301beeaf436c606b04883c,Dayton Audio,CE45N-4,4,Re_ohm,3.68,3.68,published_matches,,unchanged,"Power: 5 W RMS, AES 426B. Le: 10 kHz, not 1 kHz. Sensitivity: 2.83 V/1 m.",https://www.daytonaudio.com/images/resources/285-161--dayton-audio-ce45n-4-specification-sheet.pdf
b6301beeaf436c606b04883c,Dayton Audio,CE45N-4,4,Le_mH,0.07,0.07,published_matches,,unchanged,"Power: 5 W RMS, AES 426B. Le: 10 kHz, not 1 kHz. Sensitivity: 2.83 V/1 m.",https://www.daytonaudio.com/images/resources/285-161--dayton-audio-ce45n-4-specification-sheet.pdf
b6301beeaf436c606b04883c,Dayton Audio,CE45N-4,4,Le2_mH,,,not_present_in_either,,unchanged,"Power: 5 W RMS, AES 426B. Le: 10 kHz, not 1 kHz. Sensitivity: 2.83 V/1 m.",https://www.daytonaudio.com/images/resources/285-161--dayton-audio-ce45n-4-specification-sheet.pdf
b6301beeaf436c606b04883c,Dayton Audio,CE45N-4,4,Re2_ohm,,,not_present_in_either,,unchanged,"Power: 5 W RMS, AES 426B. Le: 10 kHz, not 1 kHz. Sensitivity: 2.83 V/1 m.",https://www.daytonaudio.com/images/resources/285-161--dayton-audio-ce45n-4-specification-sheet.pdf
b6301beeaf436c606b04883c,Dayton Audio,CE45N-4,4,Mms_g,0.86,0.86,published_matches,,unchanged,"Power: 5 W RMS, AES 426B. Le: 10 kHz, not 1 kHz. Sensitivity: 2.83 V/1 m.",https://www.daytonaudio.com/images/resources/285-161--dayton-audio-ce45n-4-specification-sheet.pdf
b6301beeaf436c606b04883c,Dayton Audio,CE45N-4,4,Mmd_g,,,not_present_in_either,,unchanged,"Power: 5 W RMS, AES 426B. Le: 10 kHz, not 1 kHz. Sensitivity: 2.83 V/1 m.",https://www.daytonaudio.com/images/resources/285-161--dayton-audio-ce45n-4-specification-sheet.pdf
b6301beeaf436c606b04883c,Dayton Audio,CE45N-4,4,Fs_Hz,178,178,published_matches,,unchanged,"Power: 5 W RMS, AES 426B. Le: 10 kHz, not 1 kHz. Sensitivity: 2.83 V/1 m.",https://www.daytonaudio.com/images/resources/285-161--dayton-audio-ce45n-4-specification-sheet.pdf
b6301beeaf436c606b04883c,Dayton Audio,CE45N-4,4,Vas_L,0.05663369318,0.084,published_differs,,withheld_source_or_variant_conflict,"Power: 5 W RMS, AES 426B. Le: 10 kHz, not 1 kHz. Sensitivity: 2.83 V/1 m.",https://www.daytonaudio.com/images/resources/285-161--dayton-audio-ce45n-4-specification-sheet.pdf
b6301beeaf436c606b04883c,Dayton Audio,CE45N-4,4,Qms,4.23,4.23,published_matches,,unchanged,"Power: 5 W RMS, AES 426B. Le: 10 kHz, not 1 kHz. Sensitivity: 2.83 V/1 m.",https://www.daytonaudio.com/images/resources/285-161--dayton-audio-ce45n-4-specification-sheet.pdf
b6301beeaf436c606b04883c,Dayton Audio,CE45N-4,4,Qes,1.12,1.12,published_matches,,unchanged,"Power: 5 W RMS, AES 426B. Le: 10 kHz, not 1 kHz. Sensitivity: 2.83 V/1 m.",https://www.daytonaudio.com/images/resources/285-161--dayton-audio-ce45n-4-specification-sheet.pdf
b6301beeaf436c606b04883c,Dayton Audio,CE45N-4,4,Qts,0.89,0.89,published_matches,,unchanged,"Power: 5 W RMS, AES 426B. Le: 10 kHz, not 1 kHz. Sensitivity: 2.83 V/1 m.",https://www.daytonaudio.com/images/resources/285-161--dayton-audio-ce45n-4-specification-sheet.pdf
b6301beeaf436c606b04883c,Dayton Audio,CE45N-4,4,Cms_mm_per_N,0.92,0.92,published_matches,,unchanged,"Power: 5 W RMS, AES 426B. Le: 10 kHz, not 1 kHz. Sensitivity: 2.83 V/1 m.",https://www.daytonaudio.com/images/resources/285-161--dayton-audio-ce45n-4-specification-sheet.pdf
b6301beeaf436c606b04883c,Dayton Audio,CE45N-4,4,Rms_kg_per_s,,,not_present_in_either,,unchanged,"Power: 5 W RMS, AES 426B. Le: 10 kHz, not 1 kHz. Sensitivity: 2.83 V/1 m.",https://www.daytonaudio.com/images/resources/285-161--dayton-audio-ce45n-4-specification-sheet.pdf
b6301beeaf436c606b04883c,Dayton Audio,CE45N-4,4,Xmax_mm,1.1,1.1,published_matches,,unchanged,"Power: 5 W RMS, AES 426B. Le: 10 kHz, not 1 kHz. Sensitivity: 2.83 V/1 m.",https://www.daytonaudio.com/images/resources/285-161--dayton-audio-ce45n-4-specification-sheet.pdf
b6301beeaf436c606b04883c,Dayton Audio,CE45N-4,4,Sensitivity_dB,,81,published_missing_in_library,,withheld_source_or_variant_conflict,"Power: 5 W RMS, AES 426B. Le: 10 kHz, not 1 kHz. Sensitivity: 2.83 V/1 m.",https://www.daytonaudio.com/images/resources/285-161--dayton-audio-ce45n-4-specification-sheet.pdf
b6301beeaf436c606b04883c,Dayton Audio,CE45N-4,4,Power_W,5,5,published_matches,,unchanged,"Power: 5 W RMS, AES 426B. Le: 10 kHz, not 1 kHz. Sensitivity: 2.83 V/1 m.",https://www.daytonaudio.com/images/resources/285-161--dayton-audio-ce45n-4-specification-sheet.pdf
b6301beeaf436c606b04883c,Dayton Audio,CE45N-4,4,XO_min_Hz,,,not_present_in_either,,unchanged,"Power: 5 W RMS, AES 426B. Le: 10 kHz, not 1 kHz. Sensitivity: 2.83 V/1 m.",https://www.daytonaudio.com/images/resources/285-161--dayton-audio-ce45n-4-specification-sheet.pdf
b6301beeaf436c606b04883c,Dayton Audio,CE45N-4,4,Freq_low_Hz,,150,published_missing_in_library,,withheld_source_or_variant_conflict,"Power: 5 W RMS, AES 426B. Le: 10 kHz, not 1 kHz. Sensitivity: 2.83 V/1 m.",https://www.daytonaudio.com/images/resources/285-161--dayton-audio-ce45n-4-specification-sheet.pdf
b0f6460539d7849e10f14831,Dayton Audio,CE53N,4.0,Z_ohm,4.0,4,published_matches,,unchanged,"PDF Le: 10 kHz. PDF sensitivity: 2.83 V/1 m. Power: 10 W RMS, AES 426B.",https://www.daytonaudio.com/images/resources/285-171--dayton-audio-ce53n-4-spec-sheet.pdf
b0f6460539d7849e10f14831,Dayton Audio,CE53N,4.0,Size_in,2,2,published_matches,,unchanged,"PDF Le: 10 kHz. PDF sensitivity: 2.83 V/1 m. Power: 10 W RMS, AES 426B.",https://www.daytonaudio.com/images/resources/285-171--dayton-audio-ce53n-4-spec-sheet.pdf
b0f6460539d7849e10f14831,Dayton Audio,CE53N,4.0,Throat_in,,,not_present_in_either,,unchanged,"PDF Le: 10 kHz. PDF sensitivity: 2.83 V/1 m. Power: 10 W RMS, AES 426B.",https://www.daytonaudio.com/images/resources/285-171--dayton-audio-ce53n-4-spec-sheet.pdf
b0f6460539d7849e10f14831,Dayton Audio,CE53N,4.0,Diameter_mm,,,not_present_in_either,,unchanged,"PDF Le: 10 kHz. PDF sensitivity: 2.83 V/1 m. Power: 10 W RMS, AES 426B.",https://www.daytonaudio.com/images/resources/285-171--dayton-audio-ce53n-4-spec-sheet.pdf
b0f6460539d7849e10f14831,Dayton Audio,CE53N,4.0,Sd_cm2,11.3,11.3,published_matches,,unchanged,"PDF Le: 10 kHz. PDF sensitivity: 2.83 V/1 m. Power: 10 W RMS, AES 426B.",https://www.daytonaudio.com/images/resources/285-171--dayton-audio-ce53n-4-spec-sheet.pdf
b0f6460539d7849e10f14831,Dayton Audio,CE53N,4.0,Bl_Tm,3.44,3.44,published_matches,,unchanged,"PDF Le: 10 kHz. PDF sensitivity: 2.83 V/1 m. Power: 10 W RMS, AES 426B.",https://www.daytonaudio.com/images/resources/285-171--dayton-audio-ce53n-4-spec-sheet.pdf
b0f6460539d7849e10f14831,Dayton Audio,CE53N,4.0,Re_ohm,3.47,3.5,published_differs,,withheld_source_or_variant_conflict,"PDF Le: 10 kHz. PDF sensitivity: 2.83 V/1 m. Power: 10 W RMS, AES 426B.",https://www.daytonaudio.com/images/resources/285-171--dayton-audio-ce53n-4-spec-sheet.pdf
b0f6460539d7849e10f14831,Dayton Audio,CE53N,4.0,Le_mH,0.13,0.13,published_matches,,unchanged,"PDF Le: 10 kHz. PDF sensitivity: 2.83 V/1 m. Power: 10 W RMS, AES 426B.",https://www.daytonaudio.com/images/resources/285-171--dayton-audio-ce53n-4-spec-sheet.pdf
b0f6460539d7849e10f14831,Dayton Audio,CE53N,4.0,Le2_mH,,,not_present_in_either,,unchanged,"PDF Le: 10 kHz. PDF sensitivity: 2.83 V/1 m. Power: 10 W RMS, AES 426B.",https://www.daytonaudio.com/images/resources/285-171--dayton-audio-ce53n-4-spec-sheet.pdf
b0f6460539d7849e10f14831,Dayton Audio,CE53N,4.0,Re2_ohm,,,not_present_in_either,,unchanged,"PDF Le: 10 kHz. PDF sensitivity: 2.83 V/1 m. Power: 10 W RMS, AES 426B.",https://www.daytonaudio.com/images/resources/285-171--dayton-audio-ce53n-4-spec-sheet.pdf
b0f6460539d7849e10f14831,Dayton Audio,CE53N,4.0,Mms_g,1.8,1.8,published_matches,,unchanged,"PDF Le: 10 kHz. PDF sensitivity: 2.83 V/1 m. Power: 10 W RMS, AES 426B.",https://www.daytonaudio.com/images/resources/285-171--dayton-audio-ce53n-4-spec-sheet.pdf
b0f6460539d7849e10f14831,Dayton Audio,CE53N,4.0,Mmd_g,,,not_present_in_either,,unchanged,"PDF Le: 10 kHz. PDF sensitivity: 2.83 V/1 m. Power: 10 W RMS, AES 426B.",https://www.daytonaudio.com/images/resources/285-171--dayton-audio-ce53n-4-spec-sheet.pdf
b0f6460539d7849e10f14831,Dayton Audio,CE53N,4.0,Fs_Hz,132,132,published_matches,,unchanged,"PDF Le: 10 kHz. PDF sensitivity: 2.83 V/1 m. Power: 10 W RMS, AES 426B.",https://www.daytonaudio.com/images/resources/285-171--dayton-audio-ce53n-4-spec-sheet.pdf
b0f6460539d7849e10f14831,Dayton Audio,CE53N,4.0,Vas_L,0.15,0.15,published_matches,,unchanged,"PDF Le: 10 kHz. PDF sensitivity: 2.83 V/1 m. Power: 10 W RMS, AES 426B.",https://www.daytonaudio.com/images/resources/285-171--dayton-audio-ce53n-4-spec-sheet.pdf
b0f6460539d7849e10f14831,Dayton Audio,CE53N,4.0,Qms,5.22,5.22,published_matches,,unchanged,"PDF Le: 10 kHz. PDF sensitivity: 2.83 V/1 m. Power: 10 W RMS, AES 426B.",https://www.daytonaudio.com/images/resources/285-171--dayton-audio-ce53n-4-spec-sheet.pdf
b0f6460539d7849e10f14831,Dayton Audio,CE53N,4.0,Qes,0.43,0.43,published_matches,,unchanged,"PDF Le: 10 kHz. PDF sensitivity: 2.83 V/1 m. Power: 10 W RMS, AES 426B.",https://www.daytonaudio.com/images/resources/285-171--dayton-audio-ce53n-4-spec-sheet.pdf
b0f6460539d7849e10f14831,Dayton Audio,CE53N,4.0,Qts,1,0.4,published_differs,,withheld_source_or_variant_conflict,"PDF Le: 10 kHz. PDF sensitivity: 2.83 V/1 m. Power: 10 W RMS, AES 426B.",https://www.daytonaudio.com/images/resources/285-171--dayton-audio-ce53n-4-spec-sheet.pdf
b0f6460539d7849e10f14831,Dayton Audio,CE53N,4.0,Cms_mm_per_N,0.83,0.83,published_matches,,unchanged,"PDF Le: 10 kHz. PDF sensitivity: 2.83 V/1 m. Power: 10 W RMS, AES 426B.",https://www.daytonaudio.com/images/resources/285-171--dayton-audio-ce53n-4-spec-sheet.pdf
b0f6460539d7849e10f14831,Dayton Audio,CE53N,4.0,Rms_kg_per_s,,,not_present_in_either,,unchanged,"PDF Le: 10 kHz. PDF sensitivity: 2.83 V/1 m. Power: 10 W RMS, AES 426B.",https://www.daytonaudio.com/images/resources/285-171--dayton-audio-ce53n-4-spec-sheet.pdf
b0f6460539d7849e10f14831,Dayton Audio,CE53N,4.0,Xmax_mm,2,2,published_matches,,unchanged,"PDF Le: 10 kHz. PDF sensitivity: 2.83 V/1 m. Power: 10 W RMS, AES 426B.",https://www.daytonaudio.com/images/resources/285-171--dayton-audio-ce53n-4-spec-sheet.pdf
b0f6460539d7849e10f14831,Dayton Audio,CE53N,4.0,Sensitivity_dB,84,84,published_matches,,unchanged,"PDF Le: 10 kHz. PDF sensitivity: 2.83 V/1 m. Power: 10 W RMS, AES 426B.",https://www.daytonaudio.com/images/resources/285-171--dayton-audio-ce53n-4-spec-sheet.pdf
b0f6460539d7849e10f14831,Dayton Audio,CE53N,4.0,Power_W,10,10,published_matches,,unchanged,"PDF Le: 10 kHz. PDF sensitivity: 2.83 V/1 m. Power: 10 W RMS, AES 426B.",https://www.daytonaudio.com/images/resources/285-171--dayton-audio-ce53n-4-spec-sheet.pdf
b0f6460539d7849e10f14831,Dayton Audio,CE53N,4.0,XO_min_Hz,,,not_present_in_either,,unchanged,"PDF Le: 10 kHz. PDF sensitivity: 2.83 V/1 m. Power: 10 W RMS, AES 426B.",https://www.daytonaudio.com/images/resources/285-171--dayton-audio-ce53n-4-spec-sheet.pdf
b0f6460539d7849e10f14831,Dayton Audio,CE53N,4.0,Freq_low_Hz,,150,published_missing_in_library,,withheld_source_or_variant_conflict,"PDF Le: 10 kHz. PDF sensitivity: 2.83 V/1 m. Power: 10 W RMS, AES 426B.",https://www.daytonaudio.com/images/resources/285-171--dayton-audio-ce53n-4-spec-sheet.pdf
2b393ac7a4954373b9529321,Dayton Audio,CE54N-4,4,Z_ohm,4,4,published_matches,,unchanged,"Power: 15 W RMS, AES 426B. Le: 10 kHz. Sensitivity: 2.83 V/1 m.",https://www.daytonaudio.com/images/resources/285-167--dayton-audio-ce54n-4-specification-sheet.pdf
2b393ac7a4954373b9529321,Dayton Audio,CE54N-4,4,Size_in,,2,published_missing_in_library,2,correction_proposed,"Power: 15 W RMS, AES 426B. Le: 10 kHz. Sensitivity: 2.83 V/1 m.",https://www.daytonaudio.com/images/resources/285-167--dayton-audio-ce54n-4-specification-sheet.pdf
2b393ac7a4954373b9529321,Dayton Audio,CE54N-4,4,Throat_in,,,not_present_in_either,,unchanged,"Power: 15 W RMS, AES 426B. Le: 10 kHz. Sensitivity: 2.83 V/1 m.",https://www.daytonaudio.com/images/resources/285-167--dayton-audio-ce54n-4-specification-sheet.pdf
2b393ac7a4954373b9529321,Dayton Audio,CE54N-4,4,Diameter_mm,,,not_present_in_either,,unchanged,"Power: 15 W RMS, AES 426B. Le: 10 kHz. Sensitivity: 2.83 V/1 m.",https://www.daytonaudio.com/images/resources/285-167--dayton-audio-ce54n-4-specification-sheet.pdf
2b393ac7a4954373b9529321,Dayton Audio,CE54N-4,4,Sd_cm2,14.5,14.5,published_matches,,unchanged,"Power: 15 W RMS, AES 426B. Le: 10 kHz. Sensitivity: 2.83 V/1 m.",https://www.daytonaudio.com/images/resources/285-167--dayton-audio-ce54n-4-specification-sheet.pdf
2b393ac7a4954373b9529321,Dayton Audio,CE54N-4,4,Bl_Tm,3.82,3.82,published_matches,,unchanged,"Power: 15 W RMS, AES 426B. Le: 10 kHz. Sensitivity: 2.83 V/1 m.",https://www.daytonaudio.com/images/resources/285-167--dayton-audio-ce54n-4-specification-sheet.pdf
2b393ac7a4954373b9529321,Dayton Audio,CE54N-4,4,Re_ohm,3.6,3.6,published_matches,,unchanged,"Power: 15 W RMS, AES 426B. Le: 10 kHz. Sensitivity: 2.83 V/1 m.",https://www.daytonaudio.com/images/resources/285-167--dayton-audio-ce54n-4-specification-sheet.pdf
2b393ac7a4954373b9529321,Dayton Audio,CE54N-4,4,Le_mH,0.11,0.11,published_matches,,unchanged,"Power: 15 W RMS, AES 426B. Le: 10 kHz. Sensitivity: 2.83 V/1 m.",https://www.daytonaudio.com/images/resources/285-167--dayton-audio-ce54n-4-specification-sheet.pdf
2b393ac7a4954373b9529321,Dayton Audio,CE54N-4,4,Le2_mH,,,not_present_in_either,,unchanged,"Power: 15 W RMS, AES 426B. Le: 10 kHz. Sensitivity: 2.83 V/1 m.",https://www.daytonaudio.com/images/resources/285-167--dayton-audio-ce54n-4-specification-sheet.pdf
2b393ac7a4954373b9529321,Dayton Audio,CE54N-4,4,Re2_ohm,,,not_present_in_either,,unchanged,"Power: 15 W RMS, AES 426B. Le: 10 kHz. Sensitivity: 2.83 V/1 m.",https://www.daytonaudio.com/images/resources/285-167--dayton-audio-ce54n-4-specification-sheet.pdf
2b393ac7a4954373b9529321,Dayton Audio,CE54N-4,4,Mms_g,2.4,2.4,published_matches,,unchanged,"Power: 15 W RMS, AES 426B. Le: 10 kHz. Sensitivity: 2.83 V/1 m.",https://www.daytonaudio.com/images/resources/285-167--dayton-audio-ce54n-4-specification-sheet.pdf
2b393ac7a4954373b9529321,Dayton Audio,CE54N-4,4,Mmd_g,,,not_present_in_either,,unchanged,"Power: 15 W RMS, AES 426B. Le: 10 kHz. Sensitivity: 2.83 V/1 m.",https://www.daytonaudio.com/images/resources/285-167--dayton-audio-ce54n-4-specification-sheet.pdf
2b393ac7a4954373b9529321,Dayton Audio,CE54N-4,4,Fs_Hz,168,168,published_matches,,unchanged,"Power: 15 W RMS, AES 426B. Le: 10 kHz. Sensitivity: 2.83 V/1 m.",https://www.daytonaudio.com/images/resources/285-167--dayton-audio-ce54n-4-specification-sheet.pdf
2b393ac7a4954373b9529321,Dayton Audio,CE54N-4,4,Vas_L,0.08495053978,0.111,published_differs,0.111,correction_proposed,"Power: 15 W RMS, AES 426B. Le: 10 kHz. Sensitivity: 2.83 V/1 m.",https://www.daytonaudio.com/images/resources/285-167--dayton-audio-ce54n-4-specification-sheet.pdf
2b393ac7a4954373b9529321,Dayton Audio,CE54N-4,4,Qms,6.77,6.77,published_matches,,unchanged,"Power: 15 W RMS, AES 426B. Le: 10 kHz. Sensitivity: 2.83 V/1 m.",https://www.daytonaudio.com/images/resources/285-167--dayton-audio-ce54n-4-specification-sheet.pdf
2b393ac7a4954373b9529321,Dayton Audio,CE54N-4,4,Qes,0.63,0.63,published_matches,,unchanged,"Power: 15 W RMS, AES 426B. Le: 10 kHz. Sensitivity: 2.83 V/1 m.",https://www.daytonaudio.com/images/resources/285-167--dayton-audio-ce54n-4-specification-sheet.pdf
2b393ac7a4954373b9529321,Dayton Audio,CE54N-4,4,Qts,0.58,0.58,published_matches,,unchanged,"Power: 15 W RMS, AES 426B. Le: 10 kHz. Sensitivity: 2.83 V/1 m.",https://www.daytonaudio.com/images/resources/285-167--dayton-audio-ce54n-4-specification-sheet.pdf
2b393ac7a4954373b9529321,Dayton Audio,CE54N-4,4,Cms_mm_per_N,0.37,0.37,published_matches,,unchanged,"Power: 15 W RMS, AES 426B. Le: 10 kHz. Sensitivity: 2.83 V/1 m.",https://www.daytonaudio.com/images/resources/285-167--dayton-audio-ce54n-4-specification-sheet.pdf
2b393ac7a4954373b9529321,Dayton Audio,CE54N-4,4,Rms_kg_per_s,,,not_present_in_either,,unchanged,"Power: 15 W RMS, AES 426B. Le: 10 kHz. Sensitivity: 2.83 V/1 m.",https://www.daytonaudio.com/images/resources/285-167--dayton-audio-ce54n-4-specification-sheet.pdf
2b393ac7a4954373b9529321,Dayton Audio,CE54N-4,4,Xmax_mm,1.4,1.4,published_matches,,unchanged,"Power: 15 W RMS, AES 426B. Le: 10 kHz. Sensitivity: 2.83 V/1 m.",https://www.daytonaudio.com/images/resources/285-167--dayton-audio-ce54n-4-specification-sheet.pdf
2b393ac7a4954373b9529321,Dayton Audio,CE54N-4,4,Sensitivity_dB,,84,published_missing_in_library,84,correction_proposed,"Power: 15 W RMS, AES 426B. Le: 10 kHz. Sensitivity: 2.83 V/1 m.",https://www.daytonaudio.com/images/resources/285-167--dayton-audio-ce54n-4-specification-sheet.pdf
2b393ac7a4954373b9529321,Dayton Audio,CE54N-4,4,Power_W,15,15,published_matches,,unchanged,"Power: 15 W RMS, AES 426B. Le: 10 kHz. Sensitivity: 2.83 V/1 m.",https://www.daytonaudio.com/images/resources/285-167--dayton-audio-ce54n-4-specification-sheet.pdf
2b393ac7a4954373b9529321,Dayton Audio,CE54N-4,4,XO_min_Hz,,,not_present_in_either,,unchanged,"Power: 15 W RMS, AES 426B. Le: 10 kHz. Sensitivity: 2.83 V/1 m.",https://www.daytonaudio.com/images/resources/285-167--dayton-audio-ce54n-4-specification-sheet.pdf
2b393ac7a4954373b9529321,Dayton Audio,CE54N-4,4,Freq_low_Hz,,150,published_missing_in_library,150,correction_proposed,"Power: 15 W RMS, AES 426B. Le: 10 kHz. Sensitivity: 2.83 V/1 m.",https://www.daytonaudio.com/images/resources/285-167--dayton-audio-ce54n-4-specification-sheet.pdf
794249e5d4bae8938d9267d0,Dayton Audio,HARB252-8,8,Z_ohm,8,8,published_matches,,unchanged,Power: RMS 10 W. Le: 1 kHz. Sensitivity: 2.83 V/1 m.,https://www.daytonaudio.com/product/1282/harb252-8-1-x-5-dual-motor-high-aspect-ratio-bmt-8-ohms
794249e5d4bae8938d9267d0,Dayton Audio,HARB252-8,8,Size_in,,,not_present_in_either,,unchanged,Power: RMS 10 W. Le: 1 kHz. Sensitivity: 2.83 V/1 m.,https://www.daytonaudio.com/product/1282/harb252-8-1-x-5-dual-motor-high-aspect-ratio-bmt-8-ohms
794249e5d4bae8938d9267d0,Dayton Audio,HARB252-8,8,Throat_in,,,not_present_in_either,,unchanged,Power: RMS 10 W. Le: 1 kHz. Sensitivity: 2.83 V/1 m.,https://www.daytonaudio.com/product/1282/harb252-8-1-x-5-dual-motor-high-aspect-ratio-bmt-8-ohms
794249e5d4bae8938d9267d0,Dayton Audio,HARB252-8,8,Diameter_mm,,,not_present_in_either,,unchanged,Power: RMS 10 W. Le: 1 kHz. Sensitivity: 2.83 V/1 m.,https://www.daytonaudio.com/product/1282/harb252-8-1-x-5-dual-motor-high-aspect-ratio-bmt-8-ohms
794249e5d4bae8938d9267d0,Dayton Audio,HARB252-8,8,Sd_cm2,21.03,21.2,published_differs,21.2,correction_proposed,Power: RMS 10 W. Le: 1 kHz. Sensitivity: 2.83 V/1 m.,https://www.daytonaudio.com/product/1282/harb252-8-1-x-5-dual-motor-high-aspect-ratio-bmt-8-ohms
794249e5d4bae8938d9267d0,Dayton Audio,HARB252-8,8,Bl_Tm,3.039,3.04,published_differs,3.04,correction_proposed,Power: RMS 10 W. Le: 1 kHz. Sensitivity: 2.83 V/1 m.,https://www.daytonaudio.com/product/1282/harb252-8-1-x-5-dual-motor-high-aspect-ratio-bmt-8-ohms
794249e5d4bae8938d9267d0,Dayton Audio,HARB252-8,8,Re_ohm,7.2,7.2,published_matches,,unchanged,Power: RMS 10 W. Le: 1 kHz. Sensitivity: 2.83 V/1 m.,https://www.daytonaudio.com/product/1282/harb252-8-1-x-5-dual-motor-high-aspect-ratio-bmt-8-ohms
794249e5d4bae8938d9267d0,Dayton Audio,HARB252-8,8,Le_mH,0.09,0.09,published_matches,,unchanged,Power: RMS 10 W. Le: 1 kHz. Sensitivity: 2.83 V/1 m.,https://www.daytonaudio.com/product/1282/harb252-8-1-x-5-dual-motor-high-aspect-ratio-bmt-8-ohms
794249e5d4bae8938d9267d0,Dayton Audio,HARB252-8,8,Le2_mH,,,not_present_in_either,,unchanged,Power: RMS 10 W. Le: 1 kHz. Sensitivity: 2.83 V/1 m.,https://www.daytonaudio.com/product/1282/harb252-8-1-x-5-dual-motor-high-aspect-ratio-bmt-8-ohms
794249e5d4bae8938d9267d0,Dayton Audio,HARB252-8,8,Re2_ohm,,,not_present_in_either,,unchanged,Power: RMS 10 W. Le: 1 kHz. Sensitivity: 2.83 V/1 m.,https://www.daytonaudio.com/product/1282/harb252-8-1-x-5-dual-motor-high-aspect-ratio-bmt-8-ohms
794249e5d4bae8938d9267d0,Dayton Audio,HARB252-8,8,Mms_g,3.24,3.2,published_differs,3.2,correction_proposed,Power: RMS 10 W. Le: 1 kHz. Sensitivity: 2.83 V/1 m.,https://www.daytonaudio.com/product/1282/harb252-8-1-x-5-dual-motor-high-aspect-ratio-bmt-8-ohms
794249e5d4bae8938d9267d0,Dayton Audio,HARB252-8,8,Mmd_g,,,not_present_in_either,,unchanged,Power: RMS 10 W. Le: 1 kHz. Sensitivity: 2.83 V/1 m.,https://www.daytonaudio.com/product/1282/harb252-8-1-x-5-dual-motor-high-aspect-ratio-bmt-8-ohms
794249e5d4bae8938d9267d0,Dayton Audio,HARB252-8,8,Fs_Hz,172.11,172.11,published_matches,,unchanged,Power: RMS 10 W. Le: 1 kHz. Sensitivity: 2.83 V/1 m.,https://www.daytonaudio.com/product/1282/harb252-8-1-x-5-dual-motor-high-aspect-ratio-bmt-8-ohms
794249e5d4bae8938d9267d0,Dayton Audio,HARB252-8,8,Vas_L,0.2831684659,0.19,published_differs,0.19,correction_proposed,Power: RMS 10 W. Le: 1 kHz. Sensitivity: 2.83 V/1 m.,https://www.daytonaudio.com/product/1282/harb252-8-1-x-5-dual-motor-high-aspect-ratio-bmt-8-ohms
794249e5d4bae8938d9267d0,Dayton Audio,HARB252-8,8,Qms,4.23,4.23,published_matches,,unchanged,Power: RMS 10 W. Le: 1 kHz. Sensitivity: 2.83 V/1 m.,https://www.daytonaudio.com/product/1282/harb252-8-1-x-5-dual-motor-high-aspect-ratio-bmt-8-ohms
794249e5d4bae8938d9267d0,Dayton Audio,HARB252-8,8,Qes,2.98,2.98,published_matches,,unchanged,Power: RMS 10 W. Le: 1 kHz. Sensitivity: 2.83 V/1 m.,https://www.daytonaudio.com/product/1282/harb252-8-1-x-5-dual-motor-high-aspect-ratio-bmt-8-ohms
794249e5d4bae8938d9267d0,Dayton Audio,HARB252-8,8,Qts,1.74,1.74,published_matches,,unchanged,Power: RMS 10 W. Le: 1 kHz. Sensitivity: 2.83 V/1 m.,https://www.daytonaudio.com/product/1282/harb252-8-1-x-5-dual-motor-high-aspect-ratio-bmt-8-ohms
794249e5d4bae8938d9267d0,Dayton Audio,HARB252-8,8,Cms_mm_per_N,0.305,0.3,published_differs,0.3,correction_proposed,Power: RMS 10 W. Le: 1 kHz. Sensitivity: 2.83 V/1 m.,https://www.daytonaudio.com/product/1282/harb252-8-1-x-5-dual-motor-high-aspect-ratio-bmt-8-ohms
794249e5d4bae8938d9267d0,Dayton Audio,HARB252-8,8,Rms_kg_per_s,,,not_present_in_either,,unchanged,Power: RMS 10 W. Le: 1 kHz. Sensitivity: 2.83 V/1 m.,https://www.daytonaudio.com/product/1282/harb252-8-1-x-5-dual-motor-high-aspect-ratio-bmt-8-ohms
794249e5d4bae8938d9267d0,Dayton Audio,HARB252-8,8,Xmax_mm,1.25,1.3,published_differs,1.3,correction_proposed,Power: RMS 10 W. Le: 1 kHz. Sensitivity: 2.83 V/1 m.,https://www.daytonaudio.com/product/1282/harb252-8-1-x-5-dual-motor-high-aspect-ratio-bmt-8-ohms
794249e5d4bae8938d9267d0,Dayton Audio,HARB252-8,8,Sensitivity_dB,,77,published_missing_in_library,77,correction_proposed,Power: RMS 10 W. Le: 1 kHz. Sensitivity: 2.83 V/1 m.,https://www.daytonaudio.com/product/1282/harb252-8-1-x-5-dual-motor-high-aspect-ratio-bmt-8-ohms
794249e5d4bae8938d9267d0,Dayton Audio,HARB252-8,8,Power_W,10,10,published_matches,,unchanged,Power: RMS 10 W. Le: 1 kHz. Sensitivity: 2.83 V/1 m.,https://www.daytonaudio.com/product/1282/harb252-8-1-x-5-dual-motor-high-aspect-ratio-bmt-8-ohms
794249e5d4bae8938d9267d0,Dayton Audio,HARB252-8,8,XO_min_Hz,,,not_present_in_either,,unchanged,Power: RMS 10 W. Le: 1 kHz. Sensitivity: 2.83 V/1 m.,https://www.daytonaudio.com/product/1282/harb252-8-1-x-5-dual-motor-high-aspect-ratio-bmt-8-ohms
794249e5d4bae8938d9267d0,Dayton Audio,HARB252-8,8,Freq_low_Hz,,150,published_missing_in_library,150,correction_proposed,Power: RMS 10 W. Le: 1 kHz. Sensitivity: 2.83 V/1 m.,https://www.daytonaudio.com/product/1282/harb252-8-1-x-5-dual-motor-high-aspect-ratio-bmt-8-ohms
52c8ea1492aded7133b51249,Dayton Audio,ND140,4.0,Z_ohm,4.0,4,published_matches,,unchanged,Power: RMS 40 W. Le: 1 kHz. Sensitivity: 2.83 V/1 m.,https://www.daytonaudio.com/images/resources/290-216-dayton-audio-nd140-4-specifications.pdf
52c8ea1492aded7133b51249,Dayton Audio,ND140,4.0,Size_in,5.25,5.25,published_matches,,unchanged,Power: RMS 40 W. Le: 1 kHz. Sensitivity: 2.83 V/1 m.,https://www.daytonaudio.com/images/resources/290-216-dayton-audio-nd140-4-specifications.pdf
52c8ea1492aded7133b51249,Dayton Audio,ND140,4.0,Throat_in,,,not_present_in_either,,unchanged,Power: RMS 40 W. Le: 1 kHz. Sensitivity: 2.83 V/1 m.,https://www.daytonaudio.com/images/resources/290-216-dayton-audio-nd140-4-specifications.pdf
52c8ea1492aded7133b51249,Dayton Audio,ND140,4.0,Diameter_mm,,,not_present_in_either,,unchanged,Power: RMS 40 W. Le: 1 kHz. Sensitivity: 2.83 V/1 m.,https://www.daytonaudio.com/images/resources/290-216-dayton-audio-nd140-4-specifications.pdf
52c8ea1492aded7133b51249,Dayton Audio,ND140,4.0,Sd_cm2,86.6,86.6,published_matches,,unchanged,Power: RMS 40 W. Le: 1 kHz. Sensitivity: 2.83 V/1 m.,https://www.daytonaudio.com/images/resources/290-216-dayton-audio-nd140-4-specifications.pdf
52c8ea1492aded7133b51249,Dayton Audio,ND140,4.0,Bl_Tm,3.9,4.42,published_differs,,withheld_source_or_variant_conflict,Power: RMS 40 W. Le: 1 kHz. Sensitivity: 2.83 V/1 m.,https://www.daytonaudio.com/images/resources/290-216-dayton-audio-nd140-4-specifications.pdf
52c8ea1492aded7133b51249,Dayton Audio,ND140,4.0,Re_ohm,3.7,3.7,published_matches,,unchanged,Power: RMS 40 W. Le: 1 kHz. Sensitivity: 2.83 V/1 m.,https://www.daytonaudio.com/images/resources/290-216-dayton-audio-nd140-4-specifications.pdf
52c8ea1492aded7133b51249,Dayton Audio,ND140,4.0,Le_mH,0.79,0.79,published_matches,,unchanged,Power: RMS 40 W. Le: 1 kHz. Sensitivity: 2.83 V/1 m.,https://www.daytonaudio.com/images/resources/290-216-dayton-audio-nd140-4-specifications.pdf
52c8ea1492aded7133b51249,Dayton Audio,ND140,4.0,Le2_mH,,,not_present_in_either,,unchanged,Power: RMS 40 W. Le: 1 kHz. Sensitivity: 2.83 V/1 m.,https://www.daytonaudio.com/images/resources/290-216-dayton-audio-nd140-4-specifications.pdf
52c8ea1492aded7133b51249,Dayton Audio,ND140,4.0,Re2_ohm,,,not_present_in_either,,unchanged,Power: RMS 40 W. Le: 1 kHz. Sensitivity: 2.83 V/1 m.,https://www.daytonaudio.com/images/resources/290-216-dayton-audio-nd140-4-specifications.pdf
52c8ea1492aded7133b51249,Dayton Audio,ND140,4.0,Mms_g,10.1,10.1,published_matches,,unchanged,Power: RMS 40 W. Le: 1 kHz. Sensitivity: 2.83 V/1 m.,https://www.daytonaudio.com/images/resources/290-216-dayton-audio-nd140-4-specifications.pdf
52c8ea1492aded7133b51249,Dayton Audio,ND140,4.0,Mmd_g,,,not_present_in_either,,unchanged,Power: RMS 40 W. Le: 1 kHz. Sensitivity: 2.83 V/1 m.,https://www.daytonaudio.com/images/resources/290-216-dayton-audio-nd140-4-specifications.pdf
52c8ea1492aded7133b51249,Dayton Audio,ND140,4.0,Fs_Hz,59.2,59.2,published_matches,,unchanged,Power: RMS 40 W. Le: 1 kHz. Sensitivity: 2.83 V/1 m.,https://www.daytonaudio.com/images/resources/290-216-dayton-audio-nd140-4-specifications.pdf
52c8ea1492aded7133b51249,Dayton Audio,ND140,4.0,Vas_L,7.22,7.22,published_matches,,unchanged,Power: RMS 40 W. Le: 1 kHz. Sensitivity: 2.83 V/1 m.,https://www.daytonaudio.com/images/resources/290-216-dayton-audio-nd140-4-specifications.pdf
52c8ea1492aded7133b51249,Dayton Audio,ND140,4.0,Qms,5.35,5.35,published_matches,,unchanged,Power: RMS 40 W. Le: 1 kHz. Sensitivity: 2.83 V/1 m.,https://www.daytonaudio.com/images/resources/290-216-dayton-audio-nd140-4-specifications.pdf
52c8ea1492aded7133b51249,Dayton Audio,ND140,4.0,Qes,0.72,0.72,published_matches,,unchanged,Power: RMS 40 W. Le: 1 kHz. Sensitivity: 2.83 V/1 m.,https://www.daytonaudio.com/images/resources/290-216-dayton-audio-nd140-4-specifications.pdf
52c8ea1492aded7133b51249,Dayton Audio,ND140,4.0,Qts,0.63,0.63,published_matches,,unchanged,Power: RMS 40 W. Le: 1 kHz. Sensitivity: 2.83 V/1 m.,https://www.daytonaudio.com/images/resources/290-216-dayton-audio-nd140-4-specifications.pdf
52c8ea1492aded7133b51249,Dayton Audio,ND140,4.0,Cms_mm_per_N,0.71,0.71,published_matches,,unchanged,Power: RMS 40 W. Le: 1 kHz. Sensitivity: 2.83 V/1 m.,https://www.daytonaudio.com/images/resources/290-216-dayton-audio-nd140-4-specifications.pdf
52c8ea1492aded7133b51249,Dayton Audio,ND140,4.0,Rms_kg_per_s,,,not_present_in_either,,unchanged,Power: RMS 40 W. Le: 1 kHz. Sensitivity: 2.83 V/1 m.,https://www.daytonaudio.com/images/resources/290-216-dayton-audio-nd140-4-specifications.pdf
52c8ea1492aded7133b51249,Dayton Audio,ND140,4.0,Xmax_mm,4,4,published_matches,,unchanged,Power: RMS 40 W. Le: 1 kHz. Sensitivity: 2.83 V/1 m.,https://www.daytonaudio.com/images/resources/290-216-dayton-audio-nd140-4-specifications.pdf
52c8ea1492aded7133b51249,Dayton Audio,ND140,4.0,Sensitivity_dB,88.4,88.4,published_matches,,unchanged,Power: RMS 40 W. Le: 1 kHz. Sensitivity: 2.83 V/1 m.,https://www.daytonaudio.com/images/resources/290-216-dayton-audio-nd140-4-specifications.pdf
52c8ea1492aded7133b51249,Dayton Audio,ND140,4.0,Power_W,40,40,published_matches,,unchanged,Power: RMS 40 W. Le: 1 kHz. Sensitivity: 2.83 V/1 m.,https://www.daytonaudio.com/images/resources/290-216-dayton-audio-nd140-4-specifications.pdf
52c8ea1492aded7133b51249,Dayton Audio,ND140,4.0,XO_min_Hz,,,not_present_in_either,,unchanged,Power: RMS 40 W. Le: 1 kHz. Sensitivity: 2.83 V/1 m.,https://www.daytonaudio.com/images/resources/290-216-dayton-audio-nd140-4-specifications.pdf
52c8ea1492aded7133b51249,Dayton Audio,ND140,4.0,Freq_low_Hz,,54,published_missing_in_library,,withheld_source_or_variant_conflict,Power: RMS 40 W. Le: 1 kHz. Sensitivity: 2.83 V/1 m.,https://www.daytonaudio.com/images/resources/290-216-dayton-audio-nd140-4-specifications.pdf
030ce09bca8cd45b2f24acc7,Dayton Audio,ND64,4.0,Z_ohm,4.0,4,published_matches,,unchanged,Power: RMS 15 W. Sensitivity: 2.83 V/1 m.,https://www.daytonaudio.com/images/resources/295-520--dayton-audio-nd64-4-aluminum-magnesium-cone-full-range-driver-specifications.pdf
030ce09bca8cd45b2f24acc7,Dayton Audio,ND64,4.0,Size_in,2.5,2.5,published_matches,,unchanged,Power: RMS 15 W. Sensitivity: 2.83 V/1 m.,https://www.daytonaudio.com/images/resources/295-520--dayton-audio-nd64-4-aluminum-magnesium-cone-full-range-driver-specifications.pdf
030ce09bca8cd45b2f24acc7,Dayton Audio,ND64,4.0,Throat_in,,,not_present_in_either,,unchanged,Power: RMS 15 W. Sensitivity: 2.83 V/1 m.,https://www.daytonaudio.com/images/resources/295-520--dayton-audio-nd64-4-aluminum-magnesium-cone-full-range-driver-specifications.pdf
030ce09bca8cd45b2f24acc7,Dayton Audio,ND64,4.0,Diameter_mm,,,not_present_in_either,,unchanged,Power: RMS 15 W. Sensitivity: 2.83 V/1 m.,https://www.daytonaudio.com/images/resources/295-520--dayton-audio-nd64-4-aluminum-magnesium-cone-full-range-driver-specifications.pdf
030ce09bca8cd45b2f24acc7,Dayton Audio,ND64,4.0,Sd_cm2,15.6,15.6,published_matches,,unchanged,Power: RMS 15 W. Sensitivity: 2.83 V/1 m.,https://www.daytonaudio.com/images/resources/295-520--dayton-audio-nd64-4-aluminum-magnesium-cone-full-range-driver-specifications.pdf
030ce09bca8cd45b2f24acc7,Dayton Audio,ND64,4.0,Bl_Tm,4.13,4.13,published_matches,,unchanged,Power: RMS 15 W. Sensitivity: 2.83 V/1 m.,https://www.daytonaudio.com/images/resources/295-520--dayton-audio-nd64-4-aluminum-magnesium-cone-full-range-driver-specifications.pdf
030ce09bca8cd45b2f24acc7,Dayton Audio,ND64,4.0,Re_ohm,3.7,3.7,published_matches,,unchanged,Power: RMS 15 W. Sensitivity: 2.83 V/1 m.,https://www.daytonaudio.com/images/resources/295-520--dayton-audio-nd64-4-aluminum-magnesium-cone-full-range-driver-specifications.pdf
030ce09bca8cd45b2f24acc7,Dayton Audio,ND64,4.0,Le_mH,0.37,0.37,published_matches,,unchanged,Power: RMS 15 W. Sensitivity: 2.83 V/1 m.,https://www.daytonaudio.com/images/resources/295-520--dayton-audio-nd64-4-aluminum-magnesium-cone-full-range-driver-specifications.pdf
030ce09bca8cd45b2f24acc7,Dayton Audio,ND64,4.0,Le2_mH,,,not_present_in_either,,unchanged,Power: RMS 15 W. Sensitivity: 2.83 V/1 m.,https://www.daytonaudio.com/images/resources/295-520--dayton-audio-nd64-4-aluminum-magnesium-cone-full-range-driver-specifications.pdf
030ce09bca8cd45b2f24acc7,Dayton Audio,ND64,4.0,Re2_ohm,,,not_present_in_either,,unchanged,Power: RMS 15 W. Sensitivity: 2.83 V/1 m.,https://www.daytonaudio.com/images/resources/295-520--dayton-audio-nd64-4-aluminum-magnesium-cone-full-range-driver-specifications.pdf
030ce09bca8cd45b2f24acc7,Dayton Audio,ND64,4.0,Mms_g,2.56,2.56,published_matches,,unchanged,Power: RMS 15 W. Sensitivity: 2.83 V/1 m.,https://www.daytonaudio.com/images/resources/295-520--dayton-audio-nd64-4-aluminum-magnesium-cone-full-range-driver-specifications.pdf
030ce09bca8cd45b2f24acc7,Dayton Audio,ND64,4.0,Mmd_g,,,not_present_in_either,,unchanged,Power: RMS 15 W. Sensitivity: 2.83 V/1 m.,https://www.daytonaudio.com/images/resources/295-520--dayton-audio-nd64-4-aluminum-magnesium-cone-full-range-driver-specifications.pdf
030ce09bca8cd45b2f24acc7,Dayton Audio,ND64,4.0,Fs_Hz,103,103,published_matches,,unchanged,Power: RMS 15 W. Sensitivity: 2.83 V/1 m.,https://www.daytonaudio.com/images/resources/295-520--dayton-audio-nd64-4-aluminum-magnesium-cone-full-range-driver-specifications.pdf
030ce09bca8cd45b2f24acc7,Dayton Audio,ND64,4.0,Vas_L,0.4247526989,0.42,published_differs,,withheld_source_or_variant_conflict,Power: RMS 15 W. Sensitivity: 2.83 V/1 m.,https://www.daytonaudio.com/images/resources/295-520--dayton-audio-nd64-4-aluminum-magnesium-cone-full-range-driver-specifications.pdf
030ce09bca8cd45b2f24acc7,Dayton Audio,ND64,4.0,Qms,4.36,4.36,published_matches,,unchanged,Power: RMS 15 W. Sensitivity: 2.83 V/1 m.,https://www.daytonaudio.com/images/resources/295-520--dayton-audio-nd64-4-aluminum-magnesium-cone-full-range-driver-specifications.pdf
030ce09bca8cd45b2f24acc7,Dayton Audio,ND64,4.0,Qes,0.36,0.36,published_matches,,unchanged,Power: RMS 15 W. Sensitivity: 2.83 V/1 m.,https://www.daytonaudio.com/images/resources/295-520--dayton-audio-nd64-4-aluminum-magnesium-cone-full-range-driver-specifications.pdf
030ce09bca8cd45b2f24acc7,Dayton Audio,ND64,4.0,Qts,0.33,0.33,published_matches,,unchanged,Power: RMS 15 W. Sensitivity: 2.83 V/1 m.,https://www.daytonaudio.com/images/resources/295-520--dayton-audio-nd64-4-aluminum-magnesium-cone-full-range-driver-specifications.pdf
030ce09bca8cd45b2f24acc7,Dayton Audio,ND64,4.0,Cms_mm_per_N,0.93,0.93,published_matches,,unchanged,Power: RMS 15 W. Sensitivity: 2.83 V/1 m.,https://www.daytonaudio.com/images/resources/295-520--dayton-audio-nd64-4-aluminum-magnesium-cone-full-range-driver-specifications.pdf
030ce09bca8cd45b2f24acc7,Dayton Audio,ND64,4.0,Rms_kg_per_s,,,not_present_in_either,,unchanged,Power: RMS 15 W. Sensitivity: 2.83 V/1 m.,https://www.daytonaudio.com/images/resources/295-520--dayton-audio-nd64-4-aluminum-magnesium-cone-full-range-driver-specifications.pdf
030ce09bca8cd45b2f24acc7,Dayton Audio,ND64,4.0,Xmax_mm,1.9,1.9,published_matches,,unchanged,Power: RMS 15 W. Sensitivity: 2.83 V/1 m.,https://www.daytonaudio.com/images/resources/295-520--dayton-audio-nd64-4-aluminum-magnesium-cone-full-range-driver-specifications.pdf
030ce09bca8cd45b2f24acc7,Dayton Audio,ND64,4.0,Sensitivity_dB,,85.2,published_missing_in_library,,withheld_source_or_variant_conflict,Power: RMS 15 W. Sensitivity: 2.83 V/1 m.,https://www.daytonaudio.com/images/resources/295-520--dayton-audio-nd64-4-aluminum-magnesium-cone-full-range-driver-specifications.pdf
030ce09bca8cd45b2f24acc7,Dayton Audio,ND64,4.0,Power_W,15,15,published_matches,,unchanged,Power: RMS 15 W. Sensitivity: 2.83 V/1 m.,https://www.daytonaudio.com/images/resources/295-520--dayton-audio-nd64-4-aluminum-magnesium-cone-full-range-driver-specifications.pdf
030ce09bca8cd45b2f24acc7,Dayton Audio,ND64,4.0,XO_min_Hz,,,not_present_in_either,,unchanged,Power: RMS 15 W. Sensitivity: 2.83 V/1 m.,https://www.daytonaudio.com/images/resources/295-520--dayton-audio-nd64-4-aluminum-magnesium-cone-full-range-driver-specifications.pdf
030ce09bca8cd45b2f24acc7,Dayton Audio,ND64,4.0,Freq_low_Hz,,100,published_missing_in_library,,withheld_source_or_variant_conflict,Power: RMS 15 W. Sensitivity: 2.83 V/1 m.,https://www.daytonaudio.com/images/resources/295-520--dayton-audio-nd64-4-aluminum-magnesium-cone-full-range-driver-specifications.pdf
14de91c4979d53eb631a3fe5,Dayton Audio,RS125P,4.0,Z_ohm,4.0,4,published_matches,,unchanged,Power: RMS 30 W. Le: 1 kHz. Sensitivity: 2.83 V/1 m.,https://www.daytonaudio.com/product/1223/rs125p-4-5-reference-paper-woofer-4-ohm
14de91c4979d53eb631a3fe5,Dayton Audio,RS125P,4.0,Size_in,5,5,published_matches,,unchanged,Power: RMS 30 W. Le: 1 kHz. Sensitivity: 2.83 V/1 m.,https://www.daytonaudio.com/product/1223/rs125p-4-5-reference-paper-woofer-4-ohm
14de91c4979d53eb631a3fe5,Dayton Audio,RS125P,4.0,Throat_in,,,not_present_in_either,,unchanged,Power: RMS 30 W. Le: 1 kHz. Sensitivity: 2.83 V/1 m.,https://www.daytonaudio.com/product/1223/rs125p-4-5-reference-paper-woofer-4-ohm
14de91c4979d53eb631a3fe5,Dayton Audio,RS125P,4.0,Diameter_mm,,125.5,published_missing_in_library,125.5,correction_proposed,Power: RMS 30 W. Le: 1 kHz. Sensitivity: 2.83 V/1 m.,https://www.daytonaudio.com/product/1223/rs125p-4-5-reference-paper-woofer-4-ohm
14de91c4979d53eb631a3fe5,Dayton Audio,RS125P,4.0,Sd_cm2,52.8,54.11,published_differs,54.11,correction_proposed,Power: RMS 30 W. Le: 1 kHz. Sensitivity: 2.83 V/1 m.,https://www.daytonaudio.com/product/1223/rs125p-4-5-reference-paper-woofer-4-ohm
14de91c4979d53eb631a3fe5,Dayton Audio,RS125P,4.0,Bl_Tm,5.08,3.49,published_differs,3.49,correction_proposed,Power: RMS 30 W. Le: 1 kHz. Sensitivity: 2.83 V/1 m.,https://www.daytonaudio.com/product/1223/rs125p-4-5-reference-paper-woofer-4-ohm
14de91c4979d53eb631a3fe5,Dayton Audio,RS125P,4.0,Re_ohm,3.1,3.1,published_matches,,unchanged,Power: RMS 30 W. Le: 1 kHz. Sensitivity: 2.83 V/1 m.,https://www.daytonaudio.com/product/1223/rs125p-4-5-reference-paper-woofer-4-ohm
14de91c4979d53eb631a3fe5,Dayton Audio,RS125P,4.0,Le_mH,0.32,0.32,published_matches,,unchanged,Power: RMS 30 W. Le: 1 kHz. Sensitivity: 2.83 V/1 m.,https://www.daytonaudio.com/product/1223/rs125p-4-5-reference-paper-woofer-4-ohm
14de91c4979d53eb631a3fe5,Dayton Audio,RS125P,4.0,Le2_mH,,,not_present_in_either,,unchanged,Power: RMS 30 W. Le: 1 kHz. Sensitivity: 2.83 V/1 m.,https://www.daytonaudio.com/product/1223/rs125p-4-5-reference-paper-woofer-4-ohm
14de91c4979d53eb631a3fe5,Dayton Audio,RS125P,4.0,Re2_ohm,,,not_present_in_either,,unchanged,Power: RMS 30 W. Le: 1 kHz. Sensitivity: 2.83 V/1 m.,https://www.daytonaudio.com/product/1223/rs125p-4-5-reference-paper-woofer-4-ohm
14de91c4979d53eb631a3fe5,Dayton Audio,RS125P,4.0,Mms_g,5.1,5.1,published_matches,,unchanged,Power: RMS 30 W. Le: 1 kHz. Sensitivity: 2.83 V/1 m.,https://www.daytonaudio.com/product/1223/rs125p-4-5-reference-paper-woofer-4-ohm
14de91c4979d53eb631a3fe5,Dayton Audio,RS125P,4.0,Mmd_g,,,not_present_in_either,,unchanged,Power: RMS 30 W. Le: 1 kHz. Sensitivity: 2.83 V/1 m.,https://www.daytonaudio.com/product/1223/rs125p-4-5-reference-paper-woofer-4-ohm
14de91c4979d53eb631a3fe5,Dayton Audio,RS125P,4.0,Fs_Hz,70,70,published_matches,,unchanged,Power: RMS 30 W. Le: 1 kHz. Sensitivity: 2.83 V/1 m.,https://www.daytonaudio.com/product/1223/rs125p-4-5-reference-paper-woofer-4-ohm
14de91c4979d53eb631a3fe5,Dayton Audio,RS125P,4.0,Vas_L,3.98,3.98,published_matches,,unchanged,Power: RMS 30 W. Le: 1 kHz. Sensitivity: 2.83 V/1 m.,https://www.daytonaudio.com/product/1223/rs125p-4-5-reference-paper-woofer-4-ohm
14de91c4979d53eb631a3fe5,Dayton Audio,RS125P,4.0,Qms,3.19,3.19,published_matches,,unchanged,Power: RMS 30 W. Le: 1 kHz. Sensitivity: 2.83 V/1 m.,https://www.daytonaudio.com/product/1223/rs125p-4-5-reference-paper-woofer-4-ohm
14de91c4979d53eb631a3fe5,Dayton Audio,RS125P,4.0,Qes,0.57,0.57,published_matches,,unchanged,Power: RMS 30 W. Le: 1 kHz. Sensitivity: 2.83 V/1 m.,https://www.daytonaudio.com/product/1223/rs125p-4-5-reference-paper-woofer-4-ohm
14de91c4979d53eb631a3fe5,Dayton Audio,RS125P,4.0,Qts,0.48,0.48,published_matches,,unchanged,Power: RMS 30 W. Le: 1 kHz. Sensitivity: 2.83 V/1 m.,https://www.daytonaudio.com/product/1223/rs125p-4-5-reference-paper-woofer-4-ohm
14de91c4979d53eb631a3fe5,Dayton Audio,RS125P,4.0,Cms_mm_per_N,1.02,1.02,published_matches,,unchanged,Power: RMS 30 W. Le: 1 kHz. Sensitivity: 2.83 V/1 m.,https://www.daytonaudio.com/product/1223/rs125p-4-5-reference-paper-woofer-4-ohm
14de91c4979d53eb631a3fe5,Dayton Audio,RS125P,4.0,Rms_kg_per_s,,,not_present_in_either,,unchanged,Power: RMS 30 W. Le: 1 kHz. Sensitivity: 2.83 V/1 m.,https://www.daytonaudio.com/product/1223/rs125p-4-5-reference-paper-woofer-4-ohm
14de91c4979d53eb631a3fe5,Dayton Audio,RS125P,4.0,Xmax_mm,4,4,published_matches,,unchanged,Power: RMS 30 W. Le: 1 kHz. Sensitivity: 2.83 V/1 m.,https://www.daytonaudio.com/product/1223/rs125p-4-5-reference-paper-woofer-4-ohm
14de91c4979d53eb631a3fe5,Dayton Audio,RS125P,4.0,Sensitivity_dB,90,90,published_matches,,unchanged,Power: RMS 30 W. Le: 1 kHz. Sensitivity: 2.83 V/1 m.,https://www.daytonaudio.com/product/1223/rs125p-4-5-reference-paper-woofer-4-ohm
14de91c4979d53eb631a3fe5,Dayton Audio,RS125P,4.0,Power_W,30,30,published_matches,,unchanged,Power: RMS 30 W. Le: 1 kHz. Sensitivity: 2.83 V/1 m.,https://www.daytonaudio.com/product/1223/rs125p-4-5-reference-paper-woofer-4-ohm
14de91c4979d53eb631a3fe5,Dayton Audio,RS125P,4.0,XO_min_Hz,,,not_present_in_either,,unchanged,Power: RMS 30 W. Le: 1 kHz. Sensitivity: 2.83 V/1 m.,https://www.daytonaudio.com/product/1223/rs125p-4-5-reference-paper-woofer-4-ohm
14de91c4979d53eb631a3fe5,Dayton Audio,RS125P,4.0,Freq_low_Hz,,70,published_missing_in_library,70,correction_proposed,Power: RMS 30 W. Le: 1 kHz. Sensitivity: 2.83 V/1 m.,https://www.daytonaudio.com/product/1223/rs125p-4-5-reference-paper-woofer-4-ohm
444bf4aabda9e85f1d05b424,Faital Pro,15FH520,4.0,Z_ohm,4.0,4,published_matches,,unchanged,Power: AES 600 W. Sensitivity: 1 W/1 m. Mms and Mmd are separately labelled.,https://faitalpro.com/en/products/LF_Loudspeakers/product_details/index.php?id=151060152
444bf4aabda9e85f1d05b424,Faital Pro,15FH520,4.0,Size_in,15.0,15,published_matches,,unchanged,Power: AES 600 W. Sensitivity: 1 W/1 m. Mms and Mmd are separately labelled.,https://faitalpro.com/en/products/LF_Loudspeakers/product_details/index.php?id=151060152
444bf4aabda9e85f1d05b424,Faital Pro,15FH520,4.0,Throat_in,,,not_present_in_either,,unchanged,Power: AES 600 W. Sensitivity: 1 W/1 m. Mms and Mmd are separately labelled.,https://faitalpro.com/en/products/LF_Loudspeakers/product_details/index.php?id=151060152
444bf4aabda9e85f1d05b424,Faital Pro,15FH520,4.0,Diameter_mm,,393,published_missing_in_library,393,correction_proposed,Power: AES 600 W. Sensitivity: 1 W/1 m. Mms and Mmd are separately labelled.,https://faitalpro.com/en/products/LF_Loudspeakers/product_details/index.php?id=151060152
444bf4aabda9e85f1d05b424,Faital Pro,15FH520,4.0,Sd_cm2,847,847,published_matches,,unchanged,Power: AES 600 W. Sensitivity: 1 W/1 m. Mms and Mmd are separately labelled.,https://faitalpro.com/en/products/LF_Loudspeakers/product_details/index.php?id=151060152
444bf4aabda9e85f1d05b424,Faital Pro,15FH520,4.0,Bl_Tm,14.3,14.3,published_matches,,unchanged,Power: AES 600 W. Sensitivity: 1 W/1 m. Mms and Mmd are separately labelled.,https://faitalpro.com/en/products/LF_Loudspeakers/product_details/index.php?id=151060152
444bf4aabda9e85f1d05b424,Faital Pro,15FH520,4.0,Re_ohm,2.7,2.7,published_matches,,unchanged,Power: AES 600 W. Sensitivity: 1 W/1 m. Mms and Mmd are separately labelled.,https://faitalpro.com/en/products/LF_Loudspeakers/product_details/index.php?id=151060152
444bf4aabda9e85f1d05b424,Faital Pro,15FH520,4.0,Le_mH,0.68,0.68,published_matches,,unchanged,Power: AES 600 W. Sensitivity: 1 W/1 m. Mms and Mmd are separately labelled.,https://faitalpro.com/en/products/LF_Loudspeakers/product_details/index.php?id=151060152
444bf4aabda9e85f1d05b424,Faital Pro,15FH520,4.0,Le2_mH,,,not_present_in_either,,unchanged,Power: AES 600 W. Sensitivity: 1 W/1 m. Mms and Mmd are separately labelled.,https://faitalpro.com/en/products/LF_Loudspeakers/product_details/index.php?id=151060152
444bf4aabda9e85f1d05b424,Faital Pro,15FH520,4.0,Re2_ohm,,,not_present_in_either,,unchanged,Power: AES 600 W. Sensitivity: 1 W/1 m. Mms and Mmd are separately labelled.,https://faitalpro.com/en/products/LF_Loudspeakers/product_details/index.php?id=151060152
444bf4aabda9e85f1d05b424,Faital Pro,15FH520,4.0,Mms_g,114.7,114.7,published_matches,,unchanged,Power: AES 600 W. Sensitivity: 1 W/1 m. Mms and Mmd are separately labelled.,https://faitalpro.com/en/products/LF_Loudspeakers/product_details/index.php?id=151060152
444bf4aabda9e85f1d05b424,Faital Pro,15FH520,4.0,Mmd_g,,86.8,published_missing_in_library,86.8,correction_proposed,Power: AES 600 W. Sensitivity: 1 W/1 m. Mms and Mmd are separately labelled.,https://faitalpro.com/en/products/LF_Loudspeakers/product_details/index.php?id=151060152
444bf4aabda9e85f1d05b424,Faital Pro,15FH520,4.0,Fs_Hz,38,38,published_matches,,unchanged,Power: AES 600 W. Sensitivity: 1 W/1 m. Mms and Mmd are separately labelled.,https://faitalpro.com/en/products/LF_Loudspeakers/product_details/index.php?id=151060152
444bf4aabda9e85f1d05b424,Faital Pro,15FH520,4.0,Vas_L,153.2,153.2,published_matches,,unchanged,Power: AES 600 W. Sensitivity: 1 W/1 m. Mms and Mmd are separately labelled.,https://faitalpro.com/en/products/LF_Loudspeakers/product_details/index.php?id=151060152
444bf4aabda9e85f1d05b424,Faital Pro,15FH520,4.0,Qms,9,9,published_matches,,unchanged,Power: AES 600 W. Sensitivity: 1 W/1 m. Mms and Mmd are separately labelled.,https://faitalpro.com/en/products/LF_Loudspeakers/product_details/index.php?id=151060152
444bf4aabda9e85f1d05b424,Faital Pro,15FH520,4.0,Qes,0.35,0.35,published_matches,,unchanged,Power: AES 600 W. Sensitivity: 1 W/1 m. Mms and Mmd are separately labelled.,https://faitalpro.com/en/products/LF_Loudspeakers/product_details/index.php?id=151060152
444bf4aabda9e85f1d05b424,Faital Pro,15FH520,4.0,Qts,0.34,0.34,published_matches,,unchanged,Power: AES 600 W. Sensitivity: 1 W/1 m. Mms and Mmd are separately labelled.,https://faitalpro.com/en/products/LF_Loudspeakers/product_details/index.php?id=151060152
444bf4aabda9e85f1d05b424,Faital Pro,15FH520,4.0,Cms_mm_per_N,0.19,0.15,published_differs,0.15,correction_proposed,Power: AES 600 W. Sensitivity: 1 W/1 m. Mms and Mmd are separately labelled.,https://faitalpro.com/en/products/LF_Loudspeakers/product_details/index.php?id=151060152
444bf4aabda9e85f1d05b424,Faital Pro,15FH520,4.0,Rms_kg_per_s,2.4,3,published_differs,3,correction_proposed,Power: AES 600 W. Sensitivity: 1 W/1 m. Mms and Mmd are separately labelled.,https://faitalpro.com/en/products/LF_Loudspeakers/product_details/index.php?id=151060152
444bf4aabda9e85f1d05b424,Faital Pro,15FH520,4.0,Xmax_mm,9.15,9.15,published_matches,,unchanged,Power: AES 600 W. Sensitivity: 1 W/1 m. Mms and Mmd are separately labelled.,https://faitalpro.com/en/products/LF_Loudspeakers/product_details/index.php?id=151060152
444bf4aabda9e85f1d05b424,Faital Pro,15FH520,4.0,Sensitivity_dB,97,97,published_matches,,unchanged,Power: AES 600 W. Sensitivity: 1 W/1 m. Mms and Mmd are separately labelled.,https://faitalpro.com/en/products/LF_Loudspeakers/product_details/index.php?id=151060152
444bf4aabda9e85f1d05b424,Faital Pro,15FH520,4.0,Power_W,600,600,published_matches,,unchanged,Power: AES 600 W. Sensitivity: 1 W/1 m. Mms and Mmd are separately labelled.,https://faitalpro.com/en/products/LF_Loudspeakers/product_details/index.php?id=151060152
444bf4aabda9e85f1d05b424,Faital Pro,15FH520,4.0,XO_min_Hz,,,not_present_in_either,,unchanged,Power: AES 600 W. Sensitivity: 1 W/1 m. Mms and Mmd are separately labelled.,https://faitalpro.com/en/products/LF_Loudspeakers/product_details/index.php?id=151060152
444bf4aabda9e85f1d05b424,Faital Pro,15FH520,4.0,Freq_low_Hz,,40,published_missing_in_library,40,correction_proposed,Power: AES 600 W. Sensitivity: 1 W/1 m. Mms and Mmd are separately labelled.,https://faitalpro.com/en/products/LF_Loudspeakers/product_details/index.php?id=151060152
004ffa7f2d15a55801487cac,Faital Pro,15HP1030,4.0,Z_ohm,4.0,4,published_matches,,unchanged,Power: AES 1000 W. Sensitivity: 1 W/1 m. Vas dm3 equals L.,https://faitalpro.com/en/products/LF_Loudspeakers/product_details/index.php?id=201060136
004ffa7f2d15a55801487cac,Faital Pro,15HP1030,4.0,Size_in,15.0,15,published_matches,,unchanged,Power: AES 1000 W. Sensitivity: 1 W/1 m. Vas dm3 equals L.,https://faitalpro.com/en/products/LF_Loudspeakers/product_details/index.php?id=201060136
004ffa7f2d15a55801487cac,Faital Pro,15HP1030,4.0,Throat_in,,,not_present_in_either,,unchanged,Power: AES 1000 W. Sensitivity: 1 W/1 m. Vas dm3 equals L.,https://faitalpro.com/en/products/LF_Loudspeakers/product_details/index.php?id=201060136
004ffa7f2d15a55801487cac,Faital Pro,15HP1030,4.0,Diameter_mm,,393,published_missing_in_library,,withheld_source_or_variant_conflict,Power: AES 1000 W. Sensitivity: 1 W/1 m. Vas dm3 equals L.,https://faitalpro.com/en/products/LF_Loudspeakers/product_details/index.php?id=201060136
004ffa7f2d15a55801487cac,Faital Pro,15HP1030,4.0,Sd_cm2,842,842,published_matches,,unchanged,Power: AES 1000 W. Sensitivity: 1 W/1 m. Vas dm3 equals L.,https://faitalpro.com/en/products/LF_Loudspeakers/product_details/index.php?id=201060136
004ffa7f2d15a55801487cac,Faital Pro,15HP1030,4.0,Bl_Tm,20.5,20.5,published_matches,,unchanged,Power: AES 1000 W. Sensitivity: 1 W/1 m. Vas dm3 equals L.,https://faitalpro.com/en/products/LF_Loudspeakers/product_details/index.php?id=201060136
004ffa7f2d15a55801487cac,Faital Pro,15HP1030,4.0,Re_ohm,3.97,3.97,published_matches,,unchanged,Power: AES 1000 W. Sensitivity: 1 W/1 m. Vas dm3 equals L.,https://faitalpro.com/en/products/LF_Loudspeakers/product_details/index.php?id=201060136
004ffa7f2d15a55801487cac,Faital Pro,15HP1030,4.0,Le_mH,1,1,published_matches,,unchanged,Power: AES 1000 W. Sensitivity: 1 W/1 m. Vas dm3 equals L.,https://faitalpro.com/en/products/LF_Loudspeakers/product_details/index.php?id=201060136
004ffa7f2d15a55801487cac,Faital Pro,15HP1030,4.0,Le2_mH,,,not_present_in_either,,unchanged,Power: AES 1000 W. Sensitivity: 1 W/1 m. Vas dm3 equals L.,https://faitalpro.com/en/products/LF_Loudspeakers/product_details/index.php?id=201060136
004ffa7f2d15a55801487cac,Faital Pro,15HP1030,4.0,Re2_ohm,,,not_present_in_either,,unchanged,Power: AES 1000 W. Sensitivity: 1 W/1 m. Vas dm3 equals L.,https://faitalpro.com/en/products/LF_Loudspeakers/product_details/index.php?id=201060136
004ffa7f2d15a55801487cac,Faital Pro,15HP1030,4.0,Mms_g,177.5,177.5,published_matches,,unchanged,Power: AES 1000 W. Sensitivity: 1 W/1 m. Vas dm3 equals L.,https://faitalpro.com/en/products/LF_Loudspeakers/product_details/index.php?id=201060136
004ffa7f2d15a55801487cac,Faital Pro,15HP1030,4.0,Mmd_g,,149.9,published_missing_in_library,,withheld_source_or_variant_conflict,Power: AES 1000 W. Sensitivity: 1 W/1 m. Vas dm3 equals L.,https://faitalpro.com/en/products/LF_Loudspeakers/product_details/index.php?id=201060136
004ffa7f2d15a55801487cac,Faital Pro,15HP1030,4.0,Fs_Hz,40,40,published_matches,,unchanged,Power: AES 1000 W. Sensitivity: 1 W/1 m. Vas dm3 equals L.,https://faitalpro.com/en/products/LF_Loudspeakers/product_details/index.php?id=201060136
004ffa7f2d15a55801487cac,Faital Pro,15HP1030,4.0,Vas_L,88.3,88.3,published_matches,,unchanged,Power: AES 1000 W. Sensitivity: 1 W/1 m. Vas dm3 equals L.,https://faitalpro.com/en/products/LF_Loudspeakers/product_details/index.php?id=201060136
004ffa7f2d15a55801487cac,Faital Pro,15HP1030,4.0,Qms,13.4,13.4,published_matches,,unchanged,Power: AES 1000 W. Sensitivity: 1 W/1 m. Vas dm3 equals L.,https://faitalpro.com/en/products/LF_Loudspeakers/product_details/index.php?id=201060136
004ffa7f2d15a55801487cac,Faital Pro,15HP1030,4.0,Qes,0.31,0.31,published_matches,,unchanged,Power: AES 1000 W. Sensitivity: 1 W/1 m. Vas dm3 equals L.,https://faitalpro.com/en/products/LF_Loudspeakers/product_details/index.php?id=201060136
004ffa7f2d15a55801487cac,Faital Pro,15HP1030,4.0,Qts,0.30,0.3,published_matches,,unchanged,Power: AES 1000 W. Sensitivity: 1 W/1 m. Vas dm3 equals L.,https://faitalpro.com/en/products/LF_Loudspeakers/product_details/index.php?id=201060136
004ffa7f2d15a55801487cac,Faital Pro,15HP1030,4.0,Cms_mm_per_N,,0.09,published_missing_in_library,,withheld_source_or_variant_conflict,Power: AES 1000 W. Sensitivity: 1 W/1 m. Vas dm3 equals L.,https://faitalpro.com/en/products/LF_Loudspeakers/product_details/index.php?id=201060136
004ffa7f2d15a55801487cac,Faital Pro,15HP1030,4.0,Rms_kg_per_s,,3.3,published_missing_in_library,,withheld_source_or_variant_conflict,Power: AES 1000 W. Sensitivity: 1 W/1 m. Vas dm3 equals L.,https://faitalpro.com/en/products/LF_Loudspeakers/product_details/index.php?id=201060136
004ffa7f2d15a55801487cac,Faital Pro,15HP1030,4.0,Xmax_mm,12.45,12.45,published_matches,,unchanged,Power: AES 1000 W. Sensitivity: 1 W/1 m. Vas dm3 equals L.,https://faitalpro.com/en/products/LF_Loudspeakers/product_details/index.php?id=201060136
004ffa7f2d15a55801487cac,Faital Pro,15HP1030,4.0,Sensitivity_dB,96,96,published_matches,,unchanged,Power: AES 1000 W. Sensitivity: 1 W/1 m. Vas dm3 equals L.,https://faitalpro.com/en/products/LF_Loudspeakers/product_details/index.php?id=201060136
004ffa7f2d15a55801487cac,Faital Pro,15HP1030,4.0,Power_W,1000,1000,published_matches,,unchanged,Power: AES 1000 W. Sensitivity: 1 W/1 m. Vas dm3 equals L.,https://faitalpro.com/en/products/LF_Loudspeakers/product_details/index.php?id=201060136
004ffa7f2d15a55801487cac,Faital Pro,15HP1030,4.0,XO_min_Hz,,,not_present_in_either,,unchanged,Power: AES 1000 W. Sensitivity: 1 W/1 m. Vas dm3 equals L.,https://faitalpro.com/en/products/LF_Loudspeakers/product_details/index.php?id=201060136
004ffa7f2d15a55801487cac,Faital Pro,15HP1030,4.0,Freq_low_Hz,,40,published_missing_in_library,,withheld_source_or_variant_conflict,Power: AES 1000 W. Sensitivity: 1 W/1 m. Vas dm3 equals L.,https://faitalpro.com/en/products/LF_Loudspeakers/product_details/index.php?id=201060136
f329bccdc6fb7577670aa5f7,Faital Pro,6PR130,8.0,Z_ohm,8.0,8,published_matches,,unchanged,Power: AES 200 W. Sensitivity: 1 W/1 m. Vas dm3 equals L.,https://faitalpro.com/en/products/LF_Loudspeakers/product_details/index.php?id=101020155
f329bccdc6fb7577670aa5f7,Faital Pro,6PR130,8.0,Size_in,6.0,6,published_matches,,unchanged,Power: AES 200 W. Sensitivity: 1 W/1 m. Vas dm3 equals L.,https://faitalpro.com/en/products/LF_Loudspeakers/product_details/index.php?id=101020155
f329bccdc6fb7577670aa5f7,Faital Pro,6PR130,8.0,Throat_in,,,not_present_in_either,,unchanged,Power: AES 200 W. Sensitivity: 1 W/1 m. Vas dm3 equals L.,https://faitalpro.com/en/products/LF_Loudspeakers/product_details/index.php?id=101020155
f329bccdc6fb7577670aa5f7,Faital Pro,6PR130,8.0,Diameter_mm,,,not_present_in_either,,unchanged,Power: AES 200 W. Sensitivity: 1 W/1 m. Vas dm3 equals L.,https://faitalpro.com/en/products/LF_Loudspeakers/product_details/index.php?id=101020155
f329bccdc6fb7577670aa5f7,Faital Pro,6PR130,8.0,Sd_cm2,147.95,147.95,published_matches,,unchanged,Power: AES 200 W. Sensitivity: 1 W/1 m. Vas dm3 equals L.,https://faitalpro.com/en/products/LF_Loudspeakers/product_details/index.php?id=101020155
f329bccdc6fb7577670aa5f7,Faital Pro,6PR130,8.0,Bl_Tm,11.4,11.4,published_matches,,unchanged,Power: AES 200 W. Sensitivity: 1 W/1 m. Vas dm3 equals L.,https://faitalpro.com/en/products/LF_Loudspeakers/product_details/index.php?id=101020155
f329bccdc6fb7577670aa5f7,Faital Pro,6PR130,8.0,Re_ohm,5.2,5.2,published_matches,,unchanged,Power: AES 200 W. Sensitivity: 1 W/1 m. Vas dm3 equals L.,https://faitalpro.com/en/products/LF_Loudspeakers/product_details/index.php?id=101020155
f329bccdc6fb7577670aa5f7,Faital Pro,6PR130,8.0,Le_mH,0.17,0.17,published_matches,,unchanged,Power: AES 200 W. Sensitivity: 1 W/1 m. Vas dm3 equals L.,https://faitalpro.com/en/products/LF_Loudspeakers/product_details/index.php?id=101020155
f329bccdc6fb7577670aa5f7,Faital Pro,6PR130,8.0,Le2_mH,,,not_present_in_either,,unchanged,Power: AES 200 W. Sensitivity: 1 W/1 m. Vas dm3 equals L.,https://faitalpro.com/en/products/LF_Loudspeakers/product_details/index.php?id=101020155
f329bccdc6fb7577670aa5f7,Faital Pro,6PR130,8.0,Re2_ohm,,,not_present_in_either,,unchanged,Power: AES 200 W. Sensitivity: 1 W/1 m. Vas dm3 equals L.,https://faitalpro.com/en/products/LF_Loudspeakers/product_details/index.php?id=101020155
f329bccdc6fb7577670aa5f7,Faital Pro,6PR130,8.0,Mms_g,12.0,12,published_matches,,unchanged,Power: AES 200 W. Sensitivity: 1 W/1 m. Vas dm3 equals L.,https://faitalpro.com/en/products/LF_Loudspeakers/product_details/index.php?id=101020155
f329bccdc6fb7577670aa5f7,Faital Pro,6PR130,8.0,Mmd_g,,10,published_missing_in_library,,withheld_source_or_variant_conflict,Power: AES 200 W. Sensitivity: 1 W/1 m. Vas dm3 equals L.,https://faitalpro.com/en/products/LF_Loudspeakers/product_details/index.php?id=101020155
f329bccdc6fb7577670aa5f7,Faital Pro,6PR130,8.0,Fs_Hz,175,175,published_matches,,unchanged,Power: AES 200 W. Sensitivity: 1 W/1 m. Vas dm3 equals L.,https://faitalpro.com/en/products/LF_Loudspeakers/product_details/index.php?id=101020155
f329bccdc6fb7577670aa5f7,Faital Pro,6PR130,8.0,Vas_L,4.2,4.2,published_matches,,unchanged,Power: AES 200 W. Sensitivity: 1 W/1 m. Vas dm3 equals L.,https://faitalpro.com/en/products/LF_Loudspeakers/product_details/index.php?id=101020155
f329bccdc6fb7577670aa5f7,Faital Pro,6PR130,8.0,Qms,3.1,3.1,published_matches,,unchanged,Power: AES 200 W. Sensitivity: 1 W/1 m. Vas dm3 equals L.,https://faitalpro.com/en/products/LF_Loudspeakers/product_details/index.php?id=101020155
f329bccdc6fb7577670aa5f7,Faital Pro,6PR130,8.0,Qes,0.57,0.57,published_matches,,unchanged,Power: AES 200 W. Sensitivity: 1 W/1 m. Vas dm3 equals L.,https://faitalpro.com/en/products/LF_Loudspeakers/product_details/index.php?id=101020155
f329bccdc6fb7577670aa5f7,Faital Pro,6PR130,8.0,Qts,0.48,0.48,published_matches,,unchanged,Power: AES 200 W. Sensitivity: 1 W/1 m. Vas dm3 equals L.,https://faitalpro.com/en/products/LF_Loudspeakers/product_details/index.php?id=101020155
f329bccdc6fb7577670aa5f7,Faital Pro,6PR130,8.0,Cms_mm_per_N,,0.07,published_missing_in_library,,withheld_source_or_variant_conflict,Power: AES 200 W. Sensitivity: 1 W/1 m. Vas dm3 equals L.,https://faitalpro.com/en/products/LF_Loudspeakers/product_details/index.php?id=101020155
f329bccdc6fb7577670aa5f7,Faital Pro,6PR130,8.0,Rms_kg_per_s,,4.3,published_missing_in_library,,withheld_source_or_variant_conflict,Power: AES 200 W. Sensitivity: 1 W/1 m. Vas dm3 equals L.,https://faitalpro.com/en/products/LF_Loudspeakers/product_details/index.php?id=101020155
f329bccdc6fb7577670aa5f7,Faital Pro,6PR130,8.0,Xmax_mm,4.60,4.6,published_matches,,unchanged,Power: AES 200 W. Sensitivity: 1 W/1 m. Vas dm3 equals L.,https://faitalpro.com/en/products/LF_Loudspeakers/product_details/index.php?id=101020155
f329bccdc6fb7577670aa5f7,Faital Pro,6PR130,8.0,Sensitivity_dB,101,101,published_matches,,unchanged,Power: AES 200 W. Sensitivity: 1 W/1 m. Vas dm3 equals L.,https://faitalpro.com/en/products/LF_Loudspeakers/product_details/index.php?id=101020155
f329bccdc6fb7577670aa5f7,Faital Pro,6PR130,8.0,Power_W,200,200,published_matches,,unchanged,Power: AES 200 W. Sensitivity: 1 W/1 m. Vas dm3 equals L.,https://faitalpro.com/en/products/LF_Loudspeakers/product_details/index.php?id=101020155
f329bccdc6fb7577670aa5f7,Faital Pro,6PR130,8.0,XO_min_Hz,,,not_present_in_either,,unchanged,Power: AES 200 W. Sensitivity: 1 W/1 m. Vas dm3 equals L.,https://faitalpro.com/en/products/LF_Loudspeakers/product_details/index.php?id=101020155
f329bccdc6fb7577670aa5f7,Faital Pro,6PR130,8.0,Freq_low_Hz,,200,published_missing_in_library,,withheld_source_or_variant_conflict,Power: AES 200 W. Sensitivity: 1 W/1 m. Vas dm3 equals L.,https://faitalpro.com/en/products/LF_Loudspeakers/product_details/index.php?id=101020155
8b294dbd1314aba046977cea,SB Acoustics,MW19PNW,4.0,Z_ohm,4.0,4,published_matches,,unchanged,Broken-in T/S. Power: rated IEC 268-5 70 W. Sensitivity: 2.83 V/1 m. Linear travel is peak-to-peak in source.,https://sbacoustics.com/product/7%C2%BDin-satori-mw19pnw-4/
8b294dbd1314aba046977cea,SB Acoustics,MW19PNW,4.0,Size_in,,7.5,published_missing_in_library,7.5,correction_proposed,Broken-in T/S. Power: rated IEC 268-5 70 W. Sensitivity: 2.83 V/1 m. Linear travel is peak-to-peak in source.,https://sbacoustics.com/product/7%C2%BDin-satori-mw19pnw-4/
8b294dbd1314aba046977cea,SB Acoustics,MW19PNW,4.0,Throat_in,,,not_present_in_either,,unchanged,Broken-in T/S. Power: rated IEC 268-5 70 W. Sensitivity: 2.83 V/1 m. Linear travel is peak-to-peak in source.,https://sbacoustics.com/product/7%C2%BDin-satori-mw19pnw-4/
8b294dbd1314aba046977cea,SB Acoustics,MW19PNW,4.0,Diameter_mm,,,not_present_in_either,,unchanged,Broken-in T/S. Power: rated IEC 268-5 70 W. Sensitivity: 2.83 V/1 m. Linear travel is peak-to-peak in source.,https://sbacoustics.com/product/7%C2%BDin-satori-mw19pnw-4/
8b294dbd1314aba046977cea,SB Acoustics,MW19PNW,4.0,Sd_cm2,158,158,published_matches,,unchanged,Broken-in T/S. Power: rated IEC 268-5 70 W. Sensitivity: 2.83 V/1 m. Linear travel is peak-to-peak in source.,https://sbacoustics.com/product/7%C2%BDin-satori-mw19pnw-4/
8b294dbd1314aba046977cea,SB Acoustics,MW19PNW,4.0,Bl_Tm,6.5,6.5,published_matches,,unchanged,Broken-in T/S. Power: rated IEC 268-5 70 W. Sensitivity: 2.83 V/1 m. Linear travel is peak-to-peak in source.,https://sbacoustics.com/product/7%C2%BDin-satori-mw19pnw-4/
8b294dbd1314aba046977cea,SB Acoustics,MW19PNW,4.0,Re_ohm,3.4,3.4,published_matches,,unchanged,Broken-in T/S. Power: rated IEC 268-5 70 W. Sensitivity: 2.83 V/1 m. Linear travel is peak-to-peak in source.,https://sbacoustics.com/product/7%C2%BDin-satori-mw19pnw-4/
8b294dbd1314aba046977cea,SB Acoustics,MW19PNW,4.0,Le_mH,0.14,0.14,published_matches,,unchanged,Broken-in T/S. Power: rated IEC 268-5 70 W. Sensitivity: 2.83 V/1 m. Linear travel is peak-to-peak in source.,https://sbacoustics.com/product/7%C2%BDin-satori-mw19pnw-4/
8b294dbd1314aba046977cea,SB Acoustics,MW19PNW,4.0,Le2_mH,,,not_present_in_either,,unchanged,Broken-in T/S. Power: rated IEC 268-5 70 W. Sensitivity: 2.83 V/1 m. Linear travel is peak-to-peak in source.,https://sbacoustics.com/product/7%C2%BDin-satori-mw19pnw-4/
8b294dbd1314aba046977cea,SB Acoustics,MW19PNW,4.0,Re2_ohm,,,not_present_in_either,,unchanged,Broken-in T/S. Power: rated IEC 268-5 70 W. Sensitivity: 2.83 V/1 m. Linear travel is peak-to-peak in source.,https://sbacoustics.com/product/7%C2%BDin-satori-mw19pnw-4/
8b294dbd1314aba046977cea,SB Acoustics,MW19PNW,4.0,Mms_g,16.7,17.4,published_differs,17.4,correction_proposed,Broken-in T/S. Power: rated IEC 268-5 70 W. Sensitivity: 2.83 V/1 m. Linear travel is peak-to-peak in source.,https://sbacoustics.com/product/7%C2%BDin-satori-mw19pnw-4/
8b294dbd1314aba046977cea,SB Acoustics,MW19PNW,4.0,Mmd_g,,,not_present_in_either,,unchanged,Broken-in T/S. Power: rated IEC 268-5 70 W. Sensitivity: 2.83 V/1 m. Linear travel is peak-to-peak in source.,https://sbacoustics.com/product/7%C2%BDin-satori-mw19pnw-4/
8b294dbd1314aba046977cea,SB Acoustics,MW19PNW,4.0,Fs_Hz,32,29,published_differs,29,correction_proposed,Broken-in T/S. Power: rated IEC 268-5 70 W. Sensitivity: 2.83 V/1 m. Linear travel is peak-to-peak in source.,https://sbacoustics.com/product/7%C2%BDin-satori-mw19pnw-4/
8b294dbd1314aba046977cea,SB Acoustics,MW19PNW,4.0,Vas_L,,61,published_missing_in_library,61,correction_proposed,Broken-in T/S. Power: rated IEC 268-5 70 W. Sensitivity: 2.83 V/1 m. Linear travel is peak-to-peak in source.,https://sbacoustics.com/product/7%C2%BDin-satori-mw19pnw-4/
8b294dbd1314aba046977cea,SB Acoustics,MW19PNW,4.0,Qms,4.06,4.53,published_differs,4.53,correction_proposed,Broken-in T/S. Power: rated IEC 268-5 70 W. Sensitivity: 2.83 V/1 m. Linear travel is peak-to-peak in source.,https://sbacoustics.com/product/7%C2%BDin-satori-mw19pnw-4/
8b294dbd1314aba046977cea,SB Acoustics,MW19PNW,4.0,Qes,0.22,0.26,published_differs,0.26,correction_proposed,Broken-in T/S. Power: rated IEC 268-5 70 W. Sensitivity: 2.83 V/1 m. Linear travel is peak-to-peak in source.,https://sbacoustics.com/product/7%C2%BDin-satori-mw19pnw-4/
8b294dbd1314aba046977cea,SB Acoustics,MW19PNW,4.0,Qts,0.21,0.24,published_differs,0.24,correction_proposed,Broken-in T/S. Power: rated IEC 268-5 70 W. Sensitivity: 2.83 V/1 m. Linear travel is peak-to-peak in source.,https://sbacoustics.com/product/7%C2%BDin-satori-mw19pnw-4/
8b294dbd1314aba046977cea,SB Acoustics,MW19PNW,4.0,Cms_mm_per_N,,1.73,published_missing_in_library,1.73,correction_proposed,Broken-in T/S. Power: rated IEC 268-5 70 W. Sensitivity: 2.83 V/1 m. Linear travel is peak-to-peak in source.,https://sbacoustics.com/product/7%C2%BDin-satori-mw19pnw-4/
8b294dbd1314aba046977cea,SB Acoustics,MW19PNW,4.0,Rms_kg_per_s,,0.7,published_missing_in_library,0.7,correction_proposed,Broken-in T/S. Power: rated IEC 268-5 70 W. Sensitivity: 2.83 V/1 m. Linear travel is peak-to-peak in source.,https://sbacoustics.com/product/7%C2%BDin-satori-mw19pnw-4/
8b294dbd1314aba046977cea,SB Acoustics,MW19PNW,4.0,Xmax_mm,6.8,6.8,published_matches,,unchanged,Broken-in T/S. Power: rated IEC 268-5 70 W. Sensitivity: 2.83 V/1 m. Linear travel is peak-to-peak in source.,https://sbacoustics.com/product/7%C2%BDin-satori-mw19pnw-4/
8b294dbd1314aba046977cea,SB Acoustics,MW19PNW,4.0,Sensitivity_dB,91,91.5,published_differs,91.5,correction_proposed,Broken-in T/S. Power: rated IEC 268-5 70 W. Sensitivity: 2.83 V/1 m. Linear travel is peak-to-peak in source.,https://sbacoustics.com/product/7%C2%BDin-satori-mw19pnw-4/
8b294dbd1314aba046977cea,SB Acoustics,MW19PNW,4.0,Power_W,70,70,published_matches,,unchanged,Broken-in T/S. Power: rated IEC 268-5 70 W. Sensitivity: 2.83 V/1 m. Linear travel is peak-to-peak in source.,https://sbacoustics.com/product/7%C2%BDin-satori-mw19pnw-4/
8b294dbd1314aba046977cea,SB Acoustics,MW19PNW,4.0,XO_min_Hz,,,not_present_in_either,,unchanged,Broken-in T/S. Power: rated IEC 268-5 70 W. Sensitivity: 2.83 V/1 m. Linear travel is peak-to-peak in source.,https://sbacoustics.com/product/7%C2%BDin-satori-mw19pnw-4/
8b294dbd1314aba046977cea,SB Acoustics,MW19PNW,4.0,Freq_low_Hz,,,not_present_in_either,,unchanged,Broken-in T/S. Power: rated IEC 268-5 70 W. Sensitivity: 2.83 V/1 m. Linear travel is peak-to-peak in source.,https://sbacoustics.com/product/7%C2%BDin-satori-mw19pnw-4/
043448a93fbfdbe61384513f,SB Acoustics,SB13PFCR25,8.0,Z_ohm,8.0,8,published_matches,,unchanged,Power: rated IEC 268-5 40 W. Sensitivity: 2.83 V/1 m. Linear travel is peak-to-peak in source.,https://sbacoustics.com/product/5-sb13pfcr25-8-paper/
043448a93fbfdbe61384513f,SB Acoustics,SB13PFCR25,8.0,Size_in,,5,published_missing_in_library,5,correction_proposed,Power: rated IEC 268-5 40 W. Sensitivity: 2.83 V/1 m. Linear travel is peak-to-peak in source.,https://sbacoustics.com/product/5-sb13pfcr25-8-paper/
043448a93fbfdbe61384513f,SB Acoustics,SB13PFCR25,8.0,Throat_in,,,not_present_in_either,,unchanged,Power: rated IEC 268-5 40 W. Sensitivity: 2.83 V/1 m. Linear travel is peak-to-peak in source.,https://sbacoustics.com/product/5-sb13pfcr25-8-paper/
043448a93fbfdbe61384513f,SB Acoustics,SB13PFCR25,8.0,Diameter_mm,,,not_present_in_either,,unchanged,Power: rated IEC 268-5 40 W. Sensitivity: 2.83 V/1 m. Linear travel is peak-to-peak in source.,https://sbacoustics.com/product/5-sb13pfcr25-8-paper/
043448a93fbfdbe61384513f,SB Acoustics,SB13PFCR25,8.0,Sd_cm2,87,87,published_matches,,unchanged,Power: rated IEC 268-5 40 W. Sensitivity: 2.83 V/1 m. Linear travel is peak-to-peak in source.,https://sbacoustics.com/product/5-sb13pfcr25-8-paper/
043448a93fbfdbe61384513f,SB Acoustics,SB13PFCR25,8.0,Bl_Tm,6.2,6.2,published_matches,,unchanged,Power: rated IEC 268-5 40 W. Sensitivity: 2.83 V/1 m. Linear travel is peak-to-peak in source.,https://sbacoustics.com/product/5-sb13pfcr25-8-paper/
043448a93fbfdbe61384513f,SB Acoustics,SB13PFCR25,8.0,Re_ohm,3.2,5.6,published_differs,5.6,correction_proposed,Power: rated IEC 268-5 40 W. Sensitivity: 2.83 V/1 m. Linear travel is peak-to-peak in source.,https://sbacoustics.com/product/5-sb13pfcr25-8-paper/
043448a93fbfdbe61384513f,SB Acoustics,SB13PFCR25,8.0,Le_mH,0.77,0.77,published_matches,,unchanged,Power: rated IEC 268-5 40 W. Sensitivity: 2.83 V/1 m. Linear travel is peak-to-peak in source.,https://sbacoustics.com/product/5-sb13pfcr25-8-paper/
043448a93fbfdbe61384513f,SB Acoustics,SB13PFCR25,8.0,Le2_mH,,,not_present_in_either,,unchanged,Power: rated IEC 268-5 40 W. Sensitivity: 2.83 V/1 m. Linear travel is peak-to-peak in source.,https://sbacoustics.com/product/5-sb13pfcr25-8-paper/
043448a93fbfdbe61384513f,SB Acoustics,SB13PFCR25,8.0,Re2_ohm,,,not_present_in_either,,unchanged,Power: rated IEC 268-5 40 W. Sensitivity: 2.83 V/1 m. Linear travel is peak-to-peak in source.,https://sbacoustics.com/product/5-sb13pfcr25-8-paper/
043448a93fbfdbe61384513f,SB Acoustics,SB13PFCR25,8.0,Mms_g,10,10,published_matches,,unchanged,Power: rated IEC 268-5 40 W. Sensitivity: 2.83 V/1 m. Linear travel is peak-to-peak in source.,https://sbacoustics.com/product/5-sb13pfcr25-8-paper/
043448a93fbfdbe61384513f,SB Acoustics,SB13PFCR25,8.0,Mmd_g,,,not_present_in_either,,unchanged,Power: rated IEC 268-5 40 W. Sensitivity: 2.83 V/1 m. Linear travel is peak-to-peak in source.,https://sbacoustics.com/product/5-sb13pfcr25-8-paper/
043448a93fbfdbe61384513f,SB Acoustics,SB13PFCR25,8.0,Fs_Hz,45,45,published_matches,,unchanged,Power: rated IEC 268-5 40 W. Sensitivity: 2.83 V/1 m. Linear travel is peak-to-peak in source.,https://sbacoustics.com/product/5-sb13pfcr25-8-paper/
043448a93fbfdbe61384513f,SB Acoustics,SB13PFCR25,8.0,Vas_L,13.4,13.4,published_matches,,unchanged,Power: rated IEC 268-5 40 W. Sensitivity: 2.83 V/1 m. Linear travel is peak-to-peak in source.,https://sbacoustics.com/product/5-sb13pfcr25-8-paper/
043448a93fbfdbe61384513f,SB Acoustics,SB13PFCR25,8.0,Qms,2.2,2.2,published_matches,,unchanged,Power: rated IEC 268-5 40 W. Sensitivity: 2.83 V/1 m. Linear travel is peak-to-peak in source.,https://sbacoustics.com/product/5-sb13pfcr25-8-paper/
043448a93fbfdbe61384513f,SB Acoustics,SB13PFCR25,8.0,Qes,0.39,0.39,published_matches,,unchanged,Power: rated IEC 268-5 40 W. Sensitivity: 2.83 V/1 m. Linear travel is peak-to-peak in source.,https://sbacoustics.com/product/5-sb13pfcr25-8-paper/
043448a93fbfdbe61384513f,SB Acoustics,SB13PFCR25,8.0,Qts,0.33,0.33,published_matches,,unchanged,Power: rated IEC 268-5 40 W. Sensitivity: 2.83 V/1 m. Linear travel is peak-to-peak in source.,https://sbacoustics.com/product/5-sb13pfcr25-8-paper/
043448a93fbfdbe61384513f,SB Acoustics,SB13PFCR25,8.0,Cms_mm_per_N,1.25,1.25,published_matches,,unchanged,Power: rated IEC 268-5 40 W. Sensitivity: 2.83 V/1 m. Linear travel is peak-to-peak in source.,https://sbacoustics.com/product/5-sb13pfcr25-8-paper/
043448a93fbfdbe61384513f,SB Acoustics,SB13PFCR25,8.0,Rms_kg_per_s,1.4,1.4,published_matches,,unchanged,Power: rated IEC 268-5 40 W. Sensitivity: 2.83 V/1 m. Linear travel is peak-to-peak in source.,https://sbacoustics.com/product/5-sb13pfcr25-8-paper/
043448a93fbfdbe61384513f,SB Acoustics,SB13PFCR25,8.0,Xmax_mm,4.5,4.5,published_matches,,unchanged,Power: rated IEC 268-5 40 W. Sensitivity: 2.83 V/1 m. Linear travel is peak-to-peak in source.,https://sbacoustics.com/product/5-sb13pfcr25-8-paper/
043448a93fbfdbe61384513f,SB Acoustics,SB13PFCR25,8.0,Sensitivity_dB,87,87,published_matches,,unchanged,Power: rated IEC 268-5 40 W. Sensitivity: 2.83 V/1 m. Linear travel is peak-to-peak in source.,https://sbacoustics.com/product/5-sb13pfcr25-8-paper/
043448a93fbfdbe61384513f,SB Acoustics,SB13PFCR25,8.0,Power_W,40,40,published_matches,,unchanged,Power: rated IEC 268-5 40 W. Sensitivity: 2.83 V/1 m. Linear travel is peak-to-peak in source.,https://sbacoustics.com/product/5-sb13pfcr25-8-paper/
043448a93fbfdbe61384513f,SB Acoustics,SB13PFCR25,8.0,XO_min_Hz,,,not_present_in_either,,unchanged,Power: rated IEC 268-5 40 W. Sensitivity: 2.83 V/1 m. Linear travel is peak-to-peak in source.,https://sbacoustics.com/product/5-sb13pfcr25-8-paper/
043448a93fbfdbe61384513f,SB Acoustics,SB13PFCR25,8.0,Freq_low_Hz,,,not_present_in_either,,unchanged,Power: rated IEC 268-5 40 W. Sensitivity: 2.83 V/1 m. Linear travel is peak-to-peak in source.,https://sbacoustics.com/product/5-sb13pfcr25-8-paper/
8db2e932d631fe4e9232818b,SB Acoustics,SB15BAC30-8-COAX,8,Z_ohm,8,8,published_matches,,unchanged,Power: LF rated IEC 268-5 40 W. Sensitivity: LF 2.83 V/1 m. Linear travel is peak-to-peak in source.,https://sbacoustics.com/product/sb15bac30-8-coax/
8db2e932d631fe4e9232818b,SB Acoustics,SB15BAC30-8-COAX,8,Size_in,,5,published_missing_in_library,5,correction_proposed,Power: LF rated IEC 268-5 40 W. Sensitivity: LF 2.83 V/1 m. Linear travel is peak-to-peak in source.,https://sbacoustics.com/product/sb15bac30-8-coax/
8db2e932d631fe4e9232818b,SB Acoustics,SB15BAC30-8-COAX,8,Throat_in,,,not_present_in_either,,unchanged,Power: LF rated IEC 268-5 40 W. Sensitivity: LF 2.83 V/1 m. Linear travel is peak-to-peak in source.,https://sbacoustics.com/product/sb15bac30-8-coax/
8db2e932d631fe4e9232818b,SB Acoustics,SB15BAC30-8-COAX,8,Diameter_mm,,,not_present_in_either,,unchanged,Power: LF rated IEC 268-5 40 W. Sensitivity: LF 2.83 V/1 m. Linear travel is peak-to-peak in source.,https://sbacoustics.com/product/sb15bac30-8-coax/
8db2e932d631fe4e9232818b,SB Acoustics,SB15BAC30-8-COAX,8,Sd_cm2,80,80,published_matches,,unchanged,Power: LF rated IEC 268-5 40 W. Sensitivity: LF 2.83 V/1 m. Linear travel is peak-to-peak in source.,https://sbacoustics.com/product/sb15bac30-8-coax/
8db2e932d631fe4e9232818b,SB Acoustics,SB15BAC30-8-COAX,8,Bl_Tm,5.3,5.3,published_matches,,unchanged,Power: LF rated IEC 268-5 40 W. Sensitivity: LF 2.83 V/1 m. Linear travel is peak-to-peak in source.,https://sbacoustics.com/product/sb15bac30-8-coax/
8db2e932d631fe4e9232818b,SB Acoustics,SB15BAC30-8-COAX,8,Re_ohm,3.8,5.7,published_differs,5.7,correction_proposed,Power: LF rated IEC 268-5 40 W. Sensitivity: LF 2.83 V/1 m. Linear travel is peak-to-peak in source.,https://sbacoustics.com/product/sb15bac30-8-coax/
8db2e932d631fe4e9232818b,SB Acoustics,SB15BAC30-8-COAX,8,Le_mH,0.13,0.13,published_matches,,unchanged,Power: LF rated IEC 268-5 40 W. Sensitivity: LF 2.83 V/1 m. Linear travel is peak-to-peak in source.,https://sbacoustics.com/product/sb15bac30-8-coax/
8db2e932d631fe4e9232818b,SB Acoustics,SB15BAC30-8-COAX,8,Le2_mH,,,not_present_in_either,,unchanged,Power: LF rated IEC 268-5 40 W. Sensitivity: LF 2.83 V/1 m. Linear travel is peak-to-peak in source.,https://sbacoustics.com/product/sb15bac30-8-coax/
8db2e932d631fe4e9232818b,SB Acoustics,SB15BAC30-8-COAX,8,Re2_ohm,,,not_present_in_either,,unchanged,Power: LF rated IEC 268-5 40 W. Sensitivity: LF 2.83 V/1 m. Linear travel is peak-to-peak in source.,https://sbacoustics.com/product/sb15bac30-8-coax/
8db2e932d631fe4e9232818b,SB Acoustics,SB15BAC30-8-COAX,8,Mms_g,7.1,7.1,published_matches,,unchanged,Power: LF rated IEC 268-5 40 W. Sensitivity: LF 2.83 V/1 m. Linear travel is peak-to-peak in source.,https://sbacoustics.com/product/sb15bac30-8-coax/
8db2e932d631fe4e9232818b,SB Acoustics,SB15BAC30-8-COAX,8,Mmd_g,,,not_present_in_either,,unchanged,Power: LF rated IEC 268-5 40 W. Sensitivity: LF 2.83 V/1 m. Linear travel is peak-to-peak in source.,https://sbacoustics.com/product/sb15bac30-8-coax/
8db2e932d631fe4e9232818b,SB Acoustics,SB15BAC30-8-COAX,8,Fs_Hz,43,43,published_matches,,unchanged,Power: LF rated IEC 268-5 40 W. Sensitivity: LF 2.83 V/1 m. Linear travel is peak-to-peak in source.,https://sbacoustics.com/product/sb15bac30-8-coax/
8db2e932d631fe4e9232818b,SB Acoustics,SB15BAC30-8-COAX,8,Vas_L,17.5,17.5,published_matches,,unchanged,Power: LF rated IEC 268-5 40 W. Sensitivity: LF 2.83 V/1 m. Linear travel is peak-to-peak in source.,https://sbacoustics.com/product/sb15bac30-8-coax/
8db2e932d631fe4e9232818b,SB Acoustics,SB15BAC30-8-COAX,8,Qms,4.8,4.8,published_matches,,unchanged,Power: LF rated IEC 268-5 40 W. Sensitivity: LF 2.83 V/1 m. Linear travel is peak-to-peak in source.,https://sbacoustics.com/product/sb15bac30-8-coax/
8db2e932d631fe4e9232818b,SB Acoustics,SB15BAC30-8-COAX,8,Qes,0.39,0.39,published_matches,,unchanged,Power: LF rated IEC 268-5 40 W. Sensitivity: LF 2.83 V/1 m. Linear travel is peak-to-peak in source.,https://sbacoustics.com/product/sb15bac30-8-coax/
8db2e932d631fe4e9232818b,SB Acoustics,SB15BAC30-8-COAX,8,Qts,0.36,0.36,published_matches,,unchanged,Power: LF rated IEC 268-5 40 W. Sensitivity: LF 2.83 V/1 m. Linear travel is peak-to-peak in source.,https://sbacoustics.com/product/sb15bac30-8-coax/
8db2e932d631fe4e9232818b,SB Acoustics,SB15BAC30-8-COAX,8,Cms_mm_per_N,1.93,1.93,published_matches,,unchanged,Power: LF rated IEC 268-5 40 W. Sensitivity: LF 2.83 V/1 m. Linear travel is peak-to-peak in source.,https://sbacoustics.com/product/sb15bac30-8-coax/
8db2e932d631fe4e9232818b,SB Acoustics,SB15BAC30-8-COAX,8,Rms_kg_per_s,0.4,0.4,published_matches,,unchanged,Power: LF rated IEC 268-5 40 W. Sensitivity: LF 2.83 V/1 m. Linear travel is peak-to-peak in source.,https://sbacoustics.com/product/sb15bac30-8-coax/
8db2e932d631fe4e9232818b,SB Acoustics,SB15BAC30-8-COAX,8,Xmax_mm,6,3,published_differs,3,correction_proposed,Power: LF rated IEC 268-5 40 W. Sensitivity: LF 2.83 V/1 m. Linear travel is peak-to-peak in source.,https://sbacoustics.com/product/sb15bac30-8-coax/
8db2e932d631fe4e9232818b,SB Acoustics,SB15BAC30-8-COAX,8,Sensitivity_dB,86,86,published_matches,,unchanged,Power: LF rated IEC 268-5 40 W. Sensitivity: LF 2.83 V/1 m. Linear travel is peak-to-peak in source.,https://sbacoustics.com/product/sb15bac30-8-coax/
8db2e932d631fe4e9232818b,SB Acoustics,SB15BAC30-8-COAX,8,Power_W,,40,published_missing_in_library,40,correction_proposed,Power: LF rated IEC 268-5 40 W. Sensitivity: LF 2.83 V/1 m. Linear travel is peak-to-peak in source.,https://sbacoustics.com/product/sb15bac30-8-coax/
8db2e932d631fe4e9232818b,SB Acoustics,SB15BAC30-8-COAX,8,XO_min_Hz,,,not_present_in_either,,unchanged,Power: LF rated IEC 268-5 40 W. Sensitivity: LF 2.83 V/1 m. Linear travel is peak-to-peak in source.,https://sbacoustics.com/product/sb15bac30-8-coax/
8db2e932d631fe4e9232818b,SB Acoustics,SB15BAC30-8-COAX,8,Freq_low_Hz,,,not_present_in_either,,unchanged,Power: LF rated IEC 268-5 40 W. Sensitivity: LF 2.83 V/1 m. Linear travel is peak-to-peak in source.,https://sbacoustics.com/product/sb15bac30-8-coax/
c55238d0d0d1e95f7867e953,SEAS,FU10RB,8,Z_ohm,8,,source_unavailable,,unchanged,,
c55238d0d0d1e95f7867e953,SEAS,FU10RB,8,Size_in,,,source_unavailable,,unchanged,,
c55238d0d0d1e95f7867e953,SEAS,FU10RB,8,Throat_in,,,source_unavailable,,unchanged,,
c55238d0d0d1e95f7867e953,SEAS,FU10RB,8,Diameter_mm,,,source_unavailable,,unchanged,,
c55238d0d0d1e95f7867e953,SEAS,FU10RB,8,Sd_cm2,38.5,,source_unavailable,,unchanged,,
c55238d0d0d1e95f7867e953,SEAS,FU10RB,8,Bl_Tm,3.56,,source_unavailable,,unchanged,,
c55238d0d0d1e95f7867e953,SEAS,FU10RB,8,Re_ohm,6.42,,source_unavailable,,unchanged,,
c55238d0d0d1e95f7867e953,SEAS,FU10RB,8,Le_mH,0.16,,source_unavailable,,unchanged,,
c55238d0d0d1e95f7867e953,SEAS,FU10RB,8,Le2_mH,,,source_unavailable,,unchanged,,
c55238d0d0d1e95f7867e953,SEAS,FU10RB,8,Re2_ohm,,,source_unavailable,,unchanged,,
c55238d0d0d1e95f7867e953,SEAS,FU10RB,8,Mms_g,4.05,,source_unavailable,,unchanged,,
c55238d0d0d1e95f7867e953,SEAS,FU10RB,8,Mmd_g,,,source_unavailable,,unchanged,,
c55238d0d0d1e95f7867e953,SEAS,FU10RB,8,Fs_Hz,102,,source_unavailable,,unchanged,,
c55238d0d0d1e95f7867e953,SEAS,FU10RB,8,Vas_L,1,,source_unavailable,,unchanged,,
c55238d0d0d1e95f7867e953,SEAS,FU10RB,8,Qms,3.25,,source_unavailable,,unchanged,,
c55238d0d0d1e95f7867e953,SEAS,FU10RB,8,Qes,1.36,,source_unavailable,,unchanged,,
c55238d0d0d1e95f7867e953,SEAS,FU10RB,8,Qts,0.96,,source_unavailable,,unchanged,,
c55238d0d0d1e95f7867e953,SEAS,FU10RB,8,Cms_mm_per_N,0.6,,source_unavailable,,unchanged,,
c55238d0d0d1e95f7867e953,SEAS,FU10RB,8,Rms_kg_per_s,0.83,,source_unavailable,,unchanged,,
c55238d0d0d1e95f7867e953,SEAS,FU10RB,8,Xmax_mm,2,,source_unavailable,,unchanged,,
c55238d0d0d1e95f7867e953,SEAS,FU10RB,8,Sensitivity_dB,82.1,,source_unavailable,,unchanged,,
c55238d0d0d1e95f7867e953,SEAS,FU10RB,8,Power_W,40,,source_unavailable,,unchanged,,
c55238d0d0d1e95f7867e953,SEAS,FU10RB,8,XO_min_Hz,,,source_unavailable,,unchanged,,
c55238d0d0d1e95f7867e953,SEAS,FU10RB,8,Freq_low_Hz,,,source_unavailable,,unchanged,,
20d3f116134c706ce91d02ae,Tang Band,W3-2141,8,Z_ohm,8,8,published_matches,,unchanged,"Power: rated 12 W, not maximum 25 W. Sensitivity: 1 W/1 m. Source area m2 and compliance um/N converted.",https://www.tb-speaker.com/products/w3-2141
20d3f116134c706ce91d02ae,Tang Band,W3-2141,8,Size_in,3,3,published_matches,,unchanged,"Power: rated 12 W, not maximum 25 W. Sensitivity: 1 W/1 m. Source area m2 and compliance um/N converted.",https://www.tb-speaker.com/products/w3-2141
20d3f116134c706ce91d02ae,Tang Band,W3-2141,8,Throat_in,,,not_present_in_either,,unchanged,"Power: rated 12 W, not maximum 25 W. Sensitivity: 1 W/1 m. Source area m2 and compliance um/N converted.",https://www.tb-speaker.com/products/w3-2141
20d3f116134c706ce91d02ae,Tang Band,W3-2141,8,Diameter_mm,,,not_present_in_either,,unchanged,"Power: rated 12 W, not maximum 25 W. Sensitivity: 1 W/1 m. Source area m2 and compliance um/N converted.",https://www.tb-speaker.com/products/w3-2141
20d3f116134c706ce91d02ae,Tang Band,W3-2141,8,Sd_cm2,32.09,32,published_differs,32,correction_proposed,"Power: rated 12 W, not maximum 25 W. Sensitivity: 1 W/1 m. Source area m2 and compliance um/N converted.",https://www.tb-speaker.com/products/w3-2141
20d3f116134c706ce91d02ae,Tang Band,W3-2141,8,Bl_Tm,3.64,3.64,published_matches,,unchanged,"Power: rated 12 W, not maximum 25 W. Sensitivity: 1 W/1 m. Source area m2 and compliance um/N converted.",https://www.tb-speaker.com/products/w3-2141
20d3f116134c706ce91d02ae,Tang Band,W3-2141,8,Re_ohm,6.5,6.5,published_matches,,unchanged,"Power: rated 12 W, not maximum 25 W. Sensitivity: 1 W/1 m. Source area m2 and compliance um/N converted.",https://www.tb-speaker.com/products/w3-2141
20d3f116134c706ce91d02ae,Tang Band,W3-2141,8,Le_mH,0.02,0.02,published_matches,,unchanged,"Power: rated 12 W, not maximum 25 W. Sensitivity: 1 W/1 m. Source area m2 and compliance um/N converted.",https://www.tb-speaker.com/products/w3-2141
20d3f116134c706ce91d02ae,Tang Band,W3-2141,8,Le2_mH,,,not_present_in_either,,unchanged,"Power: rated 12 W, not maximum 25 W. Sensitivity: 1 W/1 m. Source area m2 and compliance um/N converted.",https://www.tb-speaker.com/products/w3-2141
20d3f116134c706ce91d02ae,Tang Band,W3-2141,8,Re2_ohm,,,not_present_in_either,,unchanged,"Power: rated 12 W, not maximum 25 W. Sensitivity: 1 W/1 m. Source area m2 and compliance um/N converted.",https://www.tb-speaker.com/products/w3-2141
20d3f116134c706ce91d02ae,Tang Band,W3-2141,8,Mms_g,1996,1.996,published_differs,1.996,correction_proposed,"Power: rated 12 W, not maximum 25 W. Sensitivity: 1 W/1 m. Source area m2 and compliance um/N converted.",https://www.tb-speaker.com/products/w3-2141
20d3f116134c706ce91d02ae,Tang Band,W3-2141,8,Mmd_g,,,not_present_in_either,,unchanged,"Power: rated 12 W, not maximum 25 W. Sensitivity: 1 W/1 m. Source area m2 and compliance um/N converted.",https://www.tb-speaker.com/products/w3-2141
20d3f116134c706ce91d02ae,Tang Band,W3-2141,8,Fs_Hz,75,75,published_matches,,unchanged,"Power: rated 12 W, not maximum 25 W. Sensitivity: 1 W/1 m. Source area m2 and compliance um/N converted.",https://www.tb-speaker.com/products/w3-2141
20d3f116134c706ce91d02ae,Tang Band,W3-2141,8,Vas_L,,3.3,published_missing_in_library,3.3,correction_proposed,"Power: rated 12 W, not maximum 25 W. Sensitivity: 1 W/1 m. Source area m2 and compliance um/N converted.",https://www.tb-speaker.com/products/w3-2141
20d3f116134c706ce91d02ae,Tang Band,W3-2141,8,Qms,2.51,2.51,published_matches,,unchanged,"Power: rated 12 W, not maximum 25 W. Sensitivity: 1 W/1 m. Source area m2 and compliance um/N converted.",https://www.tb-speaker.com/products/w3-2141
20d3f116134c706ce91d02ae,Tang Band,W3-2141,8,Qes,0.46,0.46,published_matches,,unchanged,"Power: rated 12 W, not maximum 25 W. Sensitivity: 1 W/1 m. Source area m2 and compliance um/N converted.",https://www.tb-speaker.com/products/w3-2141
20d3f116134c706ce91d02ae,Tang Band,W3-2141,8,Qts,0.39,0.39,published_matches,,unchanged,"Power: rated 12 W, not maximum 25 W. Sensitivity: 1 W/1 m. Source area m2 and compliance um/N converted.",https://www.tb-speaker.com/products/w3-2141
20d3f116134c706ce91d02ae,Tang Band,W3-2141,8,Cms_mm_per_N,,2.269,published_missing_in_library,2.269,correction_proposed,"Power: rated 12 W, not maximum 25 W. Sensitivity: 1 W/1 m. Source area m2 and compliance um/N converted.",https://www.tb-speaker.com/products/w3-2141
20d3f116134c706ce91d02ae,Tang Band,W3-2141,8,Rms_kg_per_s,,,not_present_in_either,,unchanged,"Power: rated 12 W, not maximum 25 W. Sensitivity: 1 W/1 m. Source area m2 and compliance um/N converted.",https://www.tb-speaker.com/products/w3-2141
20d3f116134c706ce91d02ae,Tang Band,W3-2141,8,Xmax_mm,0.5,1.6,published_differs,1.6,correction_proposed,"Power: rated 12 W, not maximum 25 W. Sensitivity: 1 W/1 m. Source area m2 and compliance um/N converted.",https://www.tb-speaker.com/products/w3-2141
20d3f116134c706ce91d02ae,Tang Band,W3-2141,8,Sensitivity_dB,87,87,published_matches,,unchanged,"Power: rated 12 W, not maximum 25 W. Sensitivity: 1 W/1 m. Source area m2 and compliance um/N converted.",https://www.tb-speaker.com/products/w3-2141
20d3f116134c706ce91d02ae,Tang Band,W3-2141,8,Power_W,25,12,published_differs,12,correction_proposed,"Power: rated 12 W, not maximum 25 W. Sensitivity: 1 W/1 m. Source area m2 and compliance um/N converted.",https://www.tb-speaker.com/products/w3-2141
20d3f116134c706ce91d02ae,Tang Band,W3-2141,8,XO_min_Hz,,,not_present_in_either,,unchanged,"Power: rated 12 W, not maximum 25 W. Sensitivity: 1 W/1 m. Source area m2 and compliance um/N converted.",https://www.tb-speaker.com/products/w3-2141
20d3f116134c706ce91d02ae,Tang Band,W3-2141,8,Freq_low_Hz,,75,published_missing_in_library,75,correction_proposed,"Power: rated 12 W, not maximum 25 W. Sensitivity: 1 W/1 m. Source area m2 and compliance um/N converted.",https://www.tb-speaker.com/products/w3-2141
5915086804184c8c10463c6e,Tang Band,W5-1611SAF,8,Z_ohm,8,8,published_matches,,unchanged,Power: rated 28 W. Sensitivity: 1 W/1 m. Source area m2 and compliance um/N converted.,https://www.tb-speaker.com/products/w5-1611saf
5915086804184c8c10463c6e,Tang Band,W5-1611SAF,8,Size_in,5,5,published_matches,,unchanged,Power: rated 28 W. Sensitivity: 1 W/1 m. Source area m2 and compliance um/N converted.,https://www.tb-speaker.com/products/w5-1611saf
5915086804184c8c10463c6e,Tang Band,W5-1611SAF,8,Throat_in,,,not_present_in_either,,unchanged,Power: rated 28 W. Sensitivity: 1 W/1 m. Source area m2 and compliance um/N converted.,https://www.tb-speaker.com/products/w5-1611saf
5915086804184c8c10463c6e,Tang Band,W5-1611SAF,8,Diameter_mm,,,not_present_in_either,,unchanged,Power: rated 28 W. Sensitivity: 1 W/1 m. Source area m2 and compliance um/N converted.,https://www.tb-speaker.com/products/w5-1611saf
5915086804184c8c10463c6e,Tang Band,W5-1611SAF,8,Sd_cm2,94,94,published_matches,,unchanged,Power: rated 28 W. Sensitivity: 1 W/1 m. Source area m2 and compliance um/N converted.,https://www.tb-speaker.com/products/w5-1611saf
5915086804184c8c10463c6e,Tang Band,W5-1611SAF,8,Bl_Tm,5.53,5.53,published_matches,,unchanged,Power: rated 28 W. Sensitivity: 1 W/1 m. Source area m2 and compliance um/N converted.,https://www.tb-speaker.com/products/w5-1611saf
5915086804184c8c10463c6e,Tang Band,W5-1611SAF,8,Re_ohm,6.3,6.3,published_matches,,unchanged,Power: rated 28 W. Sensitivity: 1 W/1 m. Source area m2 and compliance um/N converted.,https://www.tb-speaker.com/products/w5-1611saf
5915086804184c8c10463c6e,Tang Band,W5-1611SAF,8,Le_mH,0.02,0.023,published_differs,,withheld_source_or_variant_conflict,Power: rated 28 W. Sensitivity: 1 W/1 m. Source area m2 and compliance um/N converted.,https://www.tb-speaker.com/products/w5-1611saf
5915086804184c8c10463c6e,Tang Band,W5-1611SAF,8,Le2_mH,,,not_present_in_either,,unchanged,Power: rated 28 W. Sensitivity: 1 W/1 m. Source area m2 and compliance um/N converted.,https://www.tb-speaker.com/products/w5-1611saf
5915086804184c8c10463c6e,Tang Band,W5-1611SAF,8,Re2_ohm,,,not_present_in_either,,unchanged,Power: rated 28 W. Sensitivity: 1 W/1 m. Source area m2 and compliance um/N converted.,https://www.tb-speaker.com/products/w5-1611saf
5915086804184c8c10463c6e,Tang Band,W5-1611SAF,8,Mms_g,5.99,5.99,published_matches,,unchanged,Power: rated 28 W. Sensitivity: 1 W/1 m. Source area m2 and compliance um/N converted.,https://www.tb-speaker.com/products/w5-1611saf
5915086804184c8c10463c6e,Tang Band,W5-1611SAF,8,Mmd_g,,,not_present_in_either,,unchanged,Power: rated 28 W. Sensitivity: 1 W/1 m. Source area m2 and compliance um/N converted.,https://www.tb-speaker.com/products/w5-1611saf
5915086804184c8c10463c6e,Tang Band,W5-1611SAF,8,Fs_Hz,60,60,published_matches,,unchanged,Power: rated 28 W. Sensitivity: 1 W/1 m. Source area m2 and compliance um/N converted.,https://www.tb-speaker.com/products/w5-1611saf
5915086804184c8c10463c6e,Tang Band,W5-1611SAF,8,Vas_L,11.6099071,11.69,published_differs,,withheld_source_or_variant_conflict,Power: rated 28 W. Sensitivity: 1 W/1 m. Source area m2 and compliance um/N converted.,https://www.tb-speaker.com/products/w5-1611saf
5915086804184c8c10463c6e,Tang Band,W5-1611SAF,8,Qms,2.8,2.8,published_matches,,unchanged,Power: rated 28 W. Sensitivity: 1 W/1 m. Source area m2 and compliance um/N converted.,https://www.tb-speaker.com/products/w5-1611saf
5915086804184c8c10463c6e,Tang Band,W5-1611SAF,8,Qes,0.52,0.52,published_matches,,unchanged,Power: rated 28 W. Sensitivity: 1 W/1 m. Source area m2 and compliance um/N converted.,https://www.tb-speaker.com/products/w5-1611saf
5915086804184c8c10463c6e,Tang Band,W5-1611SAF,8,Qts,0.44,0.44,published_matches,,unchanged,Power: rated 28 W. Sensitivity: 1 W/1 m. Source area m2 and compliance um/N converted.,https://www.tb-speaker.com/products/w5-1611saf
5915086804184c8c10463c6e,Tang Band,W5-1611SAF,8,Cms_mm_per_N,1.31,1.307,published_differs,,withheld_source_or_variant_conflict,Power: rated 28 W. Sensitivity: 1 W/1 m. Source area m2 and compliance um/N converted.,https://www.tb-speaker.com/products/w5-1611saf
5915086804184c8c10463c6e,Tang Band,W5-1611SAF,8,Rms_kg_per_s,,,not_present_in_either,,unchanged,Power: rated 28 W. Sensitivity: 1 W/1 m. Source area m2 and compliance um/N converted.,https://www.tb-speaker.com/products/w5-1611saf
5915086804184c8c10463c6e,Tang Band,W5-1611SAF,8,Xmax_mm,3,3,published_matches,,unchanged,Power: rated 28 W. Sensitivity: 1 W/1 m. Source area m2 and compliance um/N converted.,https://www.tb-speaker.com/products/w5-1611saf
5915086804184c8c10463c6e,Tang Band,W5-1611SAF,8,Sensitivity_dB,,90,published_missing_in_library,,withheld_source_or_variant_conflict,Power: rated 28 W. Sensitivity: 1 W/1 m. Source area m2 and compliance um/N converted.,https://www.tb-speaker.com/products/w5-1611saf
5915086804184c8c10463c6e,Tang Band,W5-1611SAF,8,Power_W,28,28,published_matches,,unchanged,Power: rated 28 W. Sensitivity: 1 W/1 m. Source area m2 and compliance um/N converted.,https://www.tb-speaker.com/products/w5-1611saf
5915086804184c8c10463c6e,Tang Band,W5-1611SAF,8,XO_min_Hz,,,not_present_in_either,,unchanged,Power: rated 28 W. Sensitivity: 1 W/1 m. Source area m2 and compliance um/N converted.,https://www.tb-speaker.com/products/w5-1611saf
5915086804184c8c10463c6e,Tang Band,W5-1611SAF,8,Freq_low_Hz,,60,published_missing_in_library,,withheld_source_or_variant_conflict,Power: rated 28 W. Sensitivity: 1 W/1 m. Source area m2 and compliance um/N converted.,https://www.tb-speaker.com/products/w5-1611saf
3d2a1aa5adf9a0995a6d98f4,Tang Band,W6-1139SIF,4,Z_ohm,4,4,published_matches,,unchanged,Power: rated 50 W. Sensitivity: 1 W/1 m. Source area m2 and compliance um/N converted.,https://www.tb-speaker.com/products/w6-1139sif
3d2a1aa5adf9a0995a6d98f4,Tang Band,W6-1139SIF,4,Size_in,6.5,6.5,published_matches,,unchanged,Power: rated 50 W. Sensitivity: 1 W/1 m. Source area m2 and compliance um/N converted.,https://www.tb-speaker.com/products/w6-1139sif
3d2a1aa5adf9a0995a6d98f4,Tang Band,W6-1139SIF,4,Throat_in,,,not_present_in_either,,unchanged,Power: rated 50 W. Sensitivity: 1 W/1 m. Source area m2 and compliance um/N converted.,https://www.tb-speaker.com/products/w6-1139sif
3d2a1aa5adf9a0995a6d98f4,Tang Band,W6-1139SIF,4,Diameter_mm,,,not_present_in_either,,unchanged,Power: rated 50 W. Sensitivity: 1 W/1 m. Source area m2 and compliance um/N converted.,https://www.tb-speaker.com/products/w6-1139sif
3d2a1aa5adf9a0995a6d98f4,Tang Band,W6-1139SIF,4,Sd_cm2,140,140,published_matches,,unchanged,Power: rated 50 W. Sensitivity: 1 W/1 m. Source area m2 and compliance um/N converted.,https://www.tb-speaker.com/products/w6-1139sif
3d2a1aa5adf9a0995a6d98f4,Tang Band,W6-1139SIF,4,Bl_Tm,8.47,8.47,published_matches,,unchanged,Power: rated 50 W. Sensitivity: 1 W/1 m. Source area m2 and compliance um/N converted.,https://www.tb-speaker.com/products/w6-1139sif
3d2a1aa5adf9a0995a6d98f4,Tang Band,W6-1139SIF,4,Re_ohm,3.6,3.6,published_matches,,unchanged,Power: rated 50 W. Sensitivity: 1 W/1 m. Source area m2 and compliance um/N converted.,https://www.tb-speaker.com/products/w6-1139sif
3d2a1aa5adf9a0995a6d98f4,Tang Band,W6-1139SIF,4,Le_mH,0.47,0.47,published_matches,,unchanged,Power: rated 50 W. Sensitivity: 1 W/1 m. Source area m2 and compliance um/N converted.,https://www.tb-speaker.com/products/w6-1139sif
3d2a1aa5adf9a0995a6d98f4,Tang Band,W6-1139SIF,4,Le2_mH,,,not_present_in_either,,unchanged,Power: rated 50 W. Sensitivity: 1 W/1 m. Source area m2 and compliance um/N converted.,https://www.tb-speaker.com/products/w6-1139sif
3d2a1aa5adf9a0995a6d98f4,Tang Band,W6-1139SIF,4,Re2_ohm,,,not_present_in_either,,unchanged,Power: rated 50 W. Sensitivity: 1 W/1 m. Source area m2 and compliance um/N converted.,https://www.tb-speaker.com/products/w6-1139sif
3d2a1aa5adf9a0995a6d98f4,Tang Band,W6-1139SIF,4,Mms_g,39.91,39.91,published_matches,,unchanged,Power: rated 50 W. Sensitivity: 1 W/1 m. Source area m2 and compliance um/N converted.,https://www.tb-speaker.com/products/w6-1139sif
3d2a1aa5adf9a0995a6d98f4,Tang Band,W6-1139SIF,4,Mmd_g,,,not_present_in_either,,unchanged,Power: rated 50 W. Sensitivity: 1 W/1 m. Source area m2 and compliance um/N converted.,https://www.tb-speaker.com/products/w6-1139sif
3d2a1aa5adf9a0995a6d98f4,Tang Band,W6-1139SIF,4,Fs_Hz,35,35,published_matches,,unchanged,Power: rated 50 W. Sensitivity: 1 W/1 m. Source area m2 and compliance um/N converted.,https://www.tb-speaker.com/products/w6-1139sif
3d2a1aa5adf9a0995a6d98f4,Tang Band,W6-1139SIF,4,Vas_L,11.89307557,11.78,published_differs,,withheld_source_or_variant_conflict,Power: rated 50 W. Sensitivity: 1 W/1 m. Source area m2 and compliance um/N converted.,https://www.tb-speaker.com/products/w6-1139sif
3d2a1aa5adf9a0995a6d98f4,Tang Band,W6-1139SIF,4,Qms,2.65,2.65,published_matches,,unchanged,Power: rated 50 W. Sensitivity: 1 W/1 m. Source area m2 and compliance um/N converted.,https://www.tb-speaker.com/products/w6-1139sif
3d2a1aa5adf9a0995a6d98f4,Tang Band,W6-1139SIF,4,Qes,0.47,0.47,published_matches,,unchanged,Power: rated 50 W. Sensitivity: 1 W/1 m. Source area m2 and compliance um/N converted.,https://www.tb-speaker.com/products/w6-1139sif
3d2a1aa5adf9a0995a6d98f4,Tang Band,W6-1139SIF,4,Qts,0.4,0.4,published_matches,,unchanged,Power: rated 50 W. Sensitivity: 1 W/1 m. Source area m2 and compliance um/N converted.,https://www.tb-speaker.com/products/w6-1139sif
3d2a1aa5adf9a0995a6d98f4,Tang Band,W6-1139SIF,4,Cms_mm_per_N,0.6,0.59898,published_differs,,withheld_source_or_variant_conflict,Power: rated 50 W. Sensitivity: 1 W/1 m. Source area m2 and compliance um/N converted.,https://www.tb-speaker.com/products/w6-1139sif
3d2a1aa5adf9a0995a6d98f4,Tang Band,W6-1139SIF,4,Rms_kg_per_s,,,not_present_in_either,,unchanged,Power: rated 50 W. Sensitivity: 1 W/1 m. Source area m2 and compliance um/N converted.,https://www.tb-speaker.com/products/w6-1139sif
3d2a1aa5adf9a0995a6d98f4,Tang Band,W6-1139SIF,4,Xmax_mm,11.5,11.5,published_matches,,unchanged,Power: rated 50 W. Sensitivity: 1 W/1 m. Source area m2 and compliance um/N converted.,https://www.tb-speaker.com/products/w6-1139sif
3d2a1aa5adf9a0995a6d98f4,Tang Band,W6-1139SIF,4,Sensitivity_dB,86,83,published_differs,,withheld_source_or_variant_conflict,Power: rated 50 W. Sensitivity: 1 W/1 m. Source area m2 and compliance um/N converted.,https://www.tb-speaker.com/products/w6-1139sif
3d2a1aa5adf9a0995a6d98f4,Tang Band,W6-1139SIF,4,Power_W,50,50,published_matches,,unchanged,Power: rated 50 W. Sensitivity: 1 W/1 m. Source area m2 and compliance um/N converted.,https://www.tb-speaker.com/products/w6-1139sif
3d2a1aa5adf9a0995a6d98f4,Tang Band,W6-1139SIF,4,XO_min_Hz,,,not_present_in_either,,unchanged,Power: rated 50 W. Sensitivity: 1 W/1 m. Source area m2 and compliance um/N converted.,https://www.tb-speaker.com/products/w6-1139sif
3d2a1aa5adf9a0995a6d98f4,Tang Band,W6-1139SIF,4,Freq_low_Hz,,35,published_missing_in_library,,withheld_source_or_variant_conflict,Power: rated 50 W. Sensitivity: 1 W/1 m. Source area m2 and compliance um/N converted.,https://www.tb-speaker.com/products/w6-1139sif
625b0327e6a96145d62c7043,Visaton,AL 170,8,Z_ohm,8,8,published_matches,,unchanged,Power: rated 70 W. Sensitivity: 1 W/1 m.,https://www.visaton.de/en/products/drivers/woofers/al-170-8-ohm
625b0327e6a96145d62c7043,Visaton,AL 170,8,Size_in,6.5,6.5,published_matches,,unchanged,Power: rated 70 W. Sensitivity: 1 W/1 m.,https://www.visaton.de/en/products/drivers/woofers/al-170-8-ohm
625b0327e6a96145d62c7043,Visaton,AL 170,8,Throat_in,,,not_present_in_either,,unchanged,Power: rated 70 W. Sensitivity: 1 W/1 m.,https://www.visaton.de/en/products/drivers/woofers/al-170-8-ohm
625b0327e6a96145d62c7043,Visaton,AL 170,8,Diameter_mm,,,not_present_in_either,,unchanged,Power: rated 70 W. Sensitivity: 1 W/1 m.,https://www.visaton.de/en/products/drivers/woofers/al-170-8-ohm
625b0327e6a96145d62c7043,Visaton,AL 170,8,Sd_cm2,133,133,published_matches,,unchanged,Power: rated 70 W. Sensitivity: 1 W/1 m.,https://www.visaton.de/en/products/drivers/woofers/al-170-8-ohm
625b0327e6a96145d62c7043,Visaton,AL 170,8,Bl_Tm,6.9,6.9,published_matches,,unchanged,Power: rated 70 W. Sensitivity: 1 W/1 m.,https://www.visaton.de/en/products/drivers/woofers/al-170-8-ohm
625b0327e6a96145d62c7043,Visaton,AL 170,8,Re_ohm,5.6,5.6,published_matches,,unchanged,Power: rated 70 W. Sensitivity: 1 W/1 m.,https://www.visaton.de/en/products/drivers/woofers/al-170-8-ohm
625b0327e6a96145d62c7043,Visaton,AL 170,8,Le_mH,0.9,0.9,published_matches,,unchanged,Power: rated 70 W. Sensitivity: 1 W/1 m.,https://www.visaton.de/en/products/drivers/woofers/al-170-8-ohm
625b0327e6a96145d62c7043,Visaton,AL 170,8,Le2_mH,,,not_present_in_either,,unchanged,Power: rated 70 W. Sensitivity: 1 W/1 m.,https://www.visaton.de/en/products/drivers/woofers/al-170-8-ohm
625b0327e6a96145d62c7043,Visaton,AL 170,8,Re2_ohm,,,not_present_in_either,,unchanged,Power: rated 70 W. Sensitivity: 1 W/1 m.,https://www.visaton.de/en/products/drivers/woofers/al-170-8-ohm
625b0327e6a96145d62c7043,Visaton,AL 170,8,Mms_g,13,13,published_matches,,unchanged,Power: rated 70 W. Sensitivity: 1 W/1 m.,https://www.visaton.de/en/products/drivers/woofers/al-170-8-ohm
625b0327e6a96145d62c7043,Visaton,AL 170,8,Mmd_g,,,not_present_in_either,,unchanged,Power: rated 70 W. Sensitivity: 1 W/1 m.,https://www.visaton.de/en/products/drivers/woofers/al-170-8-ohm
625b0327e6a96145d62c7043,Visaton,AL 170,8,Fs_Hz,38,38,published_matches,,unchanged,Power: rated 70 W. Sensitivity: 1 W/1 m.,https://www.visaton.de/en/products/drivers/woofers/al-170-8-ohm
625b0327e6a96145d62c7043,Visaton,AL 170,8,Vas_L,1.132673864,34,published_differs,34,correction_proposed,Power: rated 70 W. Sensitivity: 1 W/1 m.,https://www.visaton.de/en/products/drivers/woofers/al-170-8-ohm
625b0327e6a96145d62c7043,Visaton,AL 170,8,Qms,3.88,3.88,published_matches,,unchanged,Power: rated 70 W. Sensitivity: 1 W/1 m.,https://www.visaton.de/en/products/drivers/woofers/al-170-8-ohm
625b0327e6a96145d62c7043,Visaton,AL 170,8,Qes,0.43,0.43,published_matches,,unchanged,Power: rated 70 W. Sensitivity: 1 W/1 m.,https://www.visaton.de/en/products/drivers/woofers/al-170-8-ohm
625b0327e6a96145d62c7043,Visaton,AL 170,8,Qts,0.39,0.39,published_matches,,unchanged,Power: rated 70 W. Sensitivity: 1 W/1 m.,https://www.visaton.de/en/products/drivers/woofers/al-170-8-ohm
625b0327e6a96145d62c7043,Visaton,AL 170,8,Cms_mm_per_N,,,not_present_in_either,,unchanged,Power: rated 70 W. Sensitivity: 1 W/1 m.,https://www.visaton.de/en/products/drivers/woofers/al-170-8-ohm
625b0327e6a96145d62c7043,Visaton,AL 170,8,Rms_kg_per_s,,,not_present_in_either,,unchanged,Power: rated 70 W. Sensitivity: 1 W/1 m.,https://www.visaton.de/en/products/drivers/woofers/al-170-8-ohm
625b0327e6a96145d62c7043,Visaton,AL 170,8,Xmax_mm,11,,original_retained_not_verified_for_field_definition,,unchanged,"Source excursion limit is mechanical, not an independently published linear Xmax; original Xmax retained and not verified as linear.",https://www.visaton.de/en/products/drivers/woofers/al-170-8-ohm
625b0327e6a96145d62c7043,Visaton,AL 170,8,Sensitivity_dB,,88,published_missing_in_library,88,correction_proposed,Power: rated 70 W. Sensitivity: 1 W/1 m.,https://www.visaton.de/en/products/drivers/woofers/al-170-8-ohm
625b0327e6a96145d62c7043,Visaton,AL 170,8,Power_W,70,70,published_matches,,unchanged,Power: rated 70 W. Sensitivity: 1 W/1 m.,https://www.visaton.de/en/products/drivers/woofers/al-170-8-ohm
625b0327e6a96145d62c7043,Visaton,AL 170,8,XO_min_Hz,,,not_present_in_either,,unchanged,Power: rated 70 W. Sensitivity: 1 W/1 m.,https://www.visaton.de/en/products/drivers/woofers/al-170-8-ohm
625b0327e6a96145d62c7043,Visaton,AL 170,8,Freq_low_Hz,,,not_present_in_either,,unchanged,Power: rated 70 W. Sensitivity: 1 W/1 m.,https://www.visaton.de/en/products/drivers/woofers/al-170-8-ohm
bc49e4099d958f6f15a47cd1,Visaton,BG20,8,Z_ohm,8,8,published_matches,,unchanged,,https://www.visaton.de/en/products/drivers/fullrange-systems/bg-20-8-ohm
bc49e4099d958f6f15a47cd1,Visaton,BG20,8,Size_in,,8,published_missing_in_library,,withheld_source_or_variant_conflict,,https://www.visaton.de/en/products/drivers/fullrange-systems/bg-20-8-ohm
bc49e4099d958f6f15a47cd1,Visaton,BG20,8,Throat_in,,,not_present_in_either,,unchanged,,https://www.visaton.de/en/products/drivers/fullrange-systems/bg-20-8-ohm
bc49e4099d958f6f15a47cd1,Visaton,BG20,8,Diameter_mm,,,not_present_in_either,,unchanged,,https://www.visaton.de/en/products/drivers/fullrange-systems/bg-20-8-ohm
bc49e4099d958f6f15a47cd1,Visaton,BG20,8,Sd_cm2,214,214,published_matches,,unchanged,,https://www.visaton.de/en/products/drivers/fullrange-systems/bg-20-8-ohm
bc49e4099d958f6f15a47cd1,Visaton,BG20,8,Bl_Tm,6.1,6.1,published_matches,,unchanged,,https://www.visaton.de/en/products/drivers/fullrange-systems/bg-20-8-ohm
bc49e4099d958f6f15a47cd1,Visaton,BG20,8,Re_ohm,6.2,6.2,published_matches,,unchanged,,https://www.visaton.de/en/products/drivers/fullrange-systems/bg-20-8-ohm
bc49e4099d958f6f15a47cd1,Visaton,BG20,8,Le_mH,0.8,0.8,published_matches,,unchanged,,https://www.visaton.de/en/products/drivers/fullrange-systems/bg-20-8-ohm
bc49e4099d958f6f15a47cd1,Visaton,BG20,8,Le2_mH,,,not_present_in_either,,unchanged,,https://www.visaton.de/en/products/drivers/fullrange-systems/bg-20-8-ohm
bc49e4099d958f6f15a47cd1,Visaton,BG20,8,Re2_ohm,,,not_present_in_either,,unchanged,,https://www.visaton.de/en/products/drivers/fullrange-systems/bg-20-8-ohm
bc49e4099d958f6f15a47cd1,Visaton,BG20,8,Mms_g,10,10,published_matches,,unchanged,,https://www.visaton.de/en/products/drivers/fullrange-systems/bg-20-8-ohm
bc49e4099d958f6f15a47cd1,Visaton,BG20,8,Mmd_g,,,not_present_in_either,,unchanged,,https://www.visaton.de/en/products/drivers/fullrange-systems/bg-20-8-ohm
bc49e4099d958f6f15a47cd1,Visaton,BG20,8,Fs_Hz,38,38,published_matches,,unchanged,,https://www.visaton.de/en/products/drivers/fullrange-systems/bg-20-8-ohm
bc49e4099d958f6f15a47cd1,Visaton,BG20,8,Vas_L,110,110,published_matches,,unchanged,,https://www.visaton.de/en/products/drivers/fullrange-systems/bg-20-8-ohm
bc49e4099d958f6f15a47cd1,Visaton,BG20,8,Qms,3.47,3.47,published_matches,,unchanged,,https://www.visaton.de/en/products/drivers/fullrange-systems/bg-20-8-ohm
bc49e4099d958f6f15a47cd1,Visaton,BG20,8,Qes,0.51,0.51,published_matches,,unchanged,,https://www.visaton.de/en/products/drivers/fullrange-systems/bg-20-8-ohm
bc49e4099d958f6f15a47cd1,Visaton,BG20,8,Qts,0.44,0.44,published_matches,,unchanged,,https://www.visaton.de/en/products/drivers/fullrange-systems/bg-20-8-ohm
bc49e4099d958f6f15a47cd1,Visaton,BG20,8,Cms_mm_per_N,,,not_present_in_either,,unchanged,,https://www.visaton.de/en/products/drivers/fullrange-systems/bg-20-8-ohm
bc49e4099d958f6f15a47cd1,Visaton,BG20,8,Rms_kg_per_s,,,not_present_in_either,,unchanged,,https://www.visaton.de/en/products/drivers/fullrange-systems/bg-20-8-ohm
bc49e4099d958f6f15a47cd1,Visaton,BG20,8,Xmax_mm,4,,original_retained_not_verified_for_field_definition,,unchanged,"Source excursion limit is mechanical, not an independently published linear Xmax; original Xmax retained and not verified as linear.",https://www.visaton.de/en/products/drivers/fullrange-systems/bg-20-8-ohm
bc49e4099d958f6f15a47cd1,Visaton,BG20,8,Sensitivity_dB,92,92,published_matches,,unchanged,,https://www.visaton.de/en/products/drivers/fullrange-systems/bg-20-8-ohm
bc49e4099d958f6f15a47cd1,Visaton,BG20,8,Power_W,40,40,published_matches,,unchanged,,https://www.visaton.de/en/products/drivers/fullrange-systems/bg-20-8-ohm
bc49e4099d958f6f15a47cd1,Visaton,BG20,8,XO_min_Hz,,,not_present_in_either,,unchanged,,https://www.visaton.de/en/products/drivers/fullrange-systems/bg-20-8-ohm
bc49e4099d958f6f15a47cd1,Visaton,BG20,8,Freq_low_Hz,,,not_present_in_either,,unchanged,,https://www.visaton.de/en/products/drivers/fullrange-systems/bg-20-8-ohm
18e006e9c36e19a01cd25c3e,Visaton,FR 8 WP,8,Z_ohm,8,8,published_matches,,unchanged,,https://www.visaton.de/sites/default/files/dd_product/FR%208%20WP_2128_2129.pdf
18e006e9c36e19a01cd25c3e,Visaton,FR 8 WP,8,Size_in,3.3,3.3,published_matches,,unchanged,,https://www.visaton.de/sites/default/files/dd_product/FR%208%20WP_2128_2129.pdf
18e006e9c36e19a01cd25c3e,Visaton,FR 8 WP,8,Throat_in,,,not_present_in_either,,unchanged,,https://www.visaton.de/sites/default/files/dd_product/FR%208%20WP_2128_2129.pdf
18e006e9c36e19a01cd25c3e,Visaton,FR 8 WP,8,Diameter_mm,,,not_present_in_either,,unchanged,,https://www.visaton.de/sites/default/files/dd_product/FR%208%20WP_2128_2129.pdf
18e006e9c36e19a01cd25c3e,Visaton,FR 8 WP,8,Sd_cm2,30,,not_published_in_accessed_source,,unchanged,,https://www.visaton.de/sites/default/files/dd_product/FR%208%20WP_2128_2129.pdf
18e006e9c36e19a01cd25c3e,Visaton,FR 8 WP,8,Bl_Tm,2.8,,not_published_in_accessed_source,,unchanged,,https://www.visaton.de/sites/default/files/dd_product/FR%208%20WP_2128_2129.pdf
18e006e9c36e19a01cd25c3e,Visaton,FR 8 WP,8,Re_ohm,4.1,,not_published_in_accessed_source,,unchanged,,https://www.visaton.de/sites/default/files/dd_product/FR%208%20WP_2128_2129.pdf
18e006e9c36e19a01cd25c3e,Visaton,FR 8 WP,8,Le_mH,0.3,,not_published_in_accessed_source,,unchanged,,https://www.visaton.de/sites/default/files/dd_product/FR%208%20WP_2128_2129.pdf
18e006e9c36e19a01cd25c3e,Visaton,FR 8 WP,8,Le2_mH,,,not_present_in_either,,unchanged,,https://www.visaton.de/sites/default/files/dd_product/FR%208%20WP_2128_2129.pdf
18e006e9c36e19a01cd25c3e,Visaton,FR 8 WP,8,Re2_ohm,,,not_present_in_either,,unchanged,,https://www.visaton.de/sites/default/files/dd_product/FR%208%20WP_2128_2129.pdf
18e006e9c36e19a01cd25c3e,Visaton,FR 8 WP,8,Mms_g,2.9,,not_published_in_accessed_source,,unchanged,,https://www.visaton.de/sites/default/files/dd_product/FR%208%20WP_2128_2129.pdf
18e006e9c36e19a01cd25c3e,Visaton,FR 8 WP,8,Mmd_g,,,not_present_in_either,,unchanged,,https://www.visaton.de/sites/default/files/dd_product/FR%208%20WP_2128_2129.pdf
18e006e9c36e19a01cd25c3e,Visaton,FR 8 WP,8,Fs_Hz,158,158,published_matches,,unchanged,,https://www.visaton.de/sites/default/files/dd_product/FR%208%20WP_2128_2129.pdf
18e006e9c36e19a01cd25c3e,Visaton,FR 8 WP,8,Vas_L,0.2831684659,,not_published_in_accessed_source,,unchanged,,https://www.visaton.de/sites/default/files/dd_product/FR%208%20WP_2128_2129.pdf
18e006e9c36e19a01cd25c3e,Visaton,FR 8 WP,8,Qms,2.62,,not_published_in_accessed_source,,unchanged,,https://www.visaton.de/sites/default/files/dd_product/FR%208%20WP_2128_2129.pdf
18e006e9c36e19a01cd25c3e,Visaton,FR 8 WP,8,Qes,1.33,,not_published_in_accessed_source,,unchanged,,https://www.visaton.de/sites/default/files/dd_product/FR%208%20WP_2128_2129.pdf
18e006e9c36e19a01cd25c3e,Visaton,FR 8 WP,8,Qts,0.88,,not_published_in_accessed_source,,unchanged,,https://www.visaton.de/sites/default/files/dd_product/FR%208%20WP_2128_2129.pdf
18e006e9c36e19a01cd25c3e,Visaton,FR 8 WP,8,Cms_mm_per_N,,,not_present_in_either,,unchanged,,https://www.visaton.de/sites/default/files/dd_product/FR%208%20WP_2128_2129.pdf
18e006e9c36e19a01cd25c3e,Visaton,FR 8 WP,8,Rms_kg_per_s,,,not_present_in_either,,unchanged,,https://www.visaton.de/sites/default/files/dd_product/FR%208%20WP_2128_2129.pdf
18e006e9c36e19a01cd25c3e,Visaton,FR 8 WP,8,Xmax_mm,3,,original_retained_not_verified_for_field_definition,,unchanged,"Source excursion limit is mechanical, not an independently published linear Xmax; original Xmax retained and not verified as linear.",https://www.visaton.de/sites/default/files/dd_product/FR%208%20WP_2128_2129.pdf
18e006e9c36e19a01cd25c3e,Visaton,FR 8 WP,8,Sensitivity_dB,,84,published_missing_in_library,,withheld_source_or_variant_conflict,,https://www.visaton.de/sites/default/files/dd_product/FR%208%20WP_2128_2129.pdf
18e006e9c36e19a01cd25c3e,Visaton,FR 8 WP,8,Power_W,15,15,published_matches,,unchanged,,https://www.visaton.de/sites/default/files/dd_product/FR%208%20WP_2128_2129.pdf
18e006e9c36e19a01cd25c3e,Visaton,FR 8 WP,8,XO_min_Hz,,,not_present_in_either,,unchanged,,https://www.visaton.de/sites/default/files/dd_product/FR%208%20WP_2128_2129.pdf
18e006e9c36e19a01cd25c3e,Visaton,FR 8 WP,8,Freq_low_Hz,,100,published_missing_in_library,,withheld_source_or_variant_conflict,,https://www.visaton.de/sites/default/files/dd_product/FR%208%20WP_2128_2129.pdf
a2710d4f371c548c2e4c47dc,Visaton,FR 8 WP-4,4,Z_ohm,4,4,published_matches,,unchanged,,https://www.visaton.de/en/products/drivers/fullrange-systems/fr-8-wp-4-ohm-white
a2710d4f371c548c2e4c47dc,Visaton,FR 8 WP-4,4,Size_in,3,3.3,published_differs,3.3,correction_proposed,,https://www.visaton.de/en/products/drivers/fullrange-systems/fr-8-wp-4-ohm-white
a2710d4f371c548c2e4c47dc,Visaton,FR 8 WP-4,4,Throat_in,,,not_present_in_either,,unchanged,,https://www.visaton.de/en/products/drivers/fullrange-systems/fr-8-wp-4-ohm-white
a2710d4f371c548c2e4c47dc,Visaton,FR 8 WP-4,4,Diameter_mm,,,not_present_in_either,,unchanged,,https://www.visaton.de/en/products/drivers/fullrange-systems/fr-8-wp-4-ohm-white
a2710d4f371c548c2e4c47dc,Visaton,FR 8 WP-4,4,Sd_cm2,30,30,published_matches,,unchanged,,https://www.visaton.de/en/products/drivers/fullrange-systems/fr-8-wp-4-ohm-white
a2710d4f371c548c2e4c47dc,Visaton,FR 8 WP-4,4,Bl_Tm,2.8,2.8,published_matches,,unchanged,,https://www.visaton.de/en/products/drivers/fullrange-systems/fr-8-wp-4-ohm-white
a2710d4f371c548c2e4c47dc,Visaton,FR 8 WP-4,4,Re_ohm,4.1,4.1,published_matches,,unchanged,,https://www.visaton.de/en/products/drivers/fullrange-systems/fr-8-wp-4-ohm-white
a2710d4f371c548c2e4c47dc,Visaton,FR 8 WP-4,4,Le_mH,0.3,0.3,published_matches,,unchanged,,https://www.visaton.de/en/products/drivers/fullrange-systems/fr-8-wp-4-ohm-white
a2710d4f371c548c2e4c47dc,Visaton,FR 8 WP-4,4,Le2_mH,,,not_present_in_either,,unchanged,,https://www.visaton.de/en/products/drivers/fullrange-systems/fr-8-wp-4-ohm-white
a2710d4f371c548c2e4c47dc,Visaton,FR 8 WP-4,4,Re2_ohm,,,not_present_in_either,,unchanged,,https://www.visaton.de/en/products/drivers/fullrange-systems/fr-8-wp-4-ohm-white
a2710d4f371c548c2e4c47dc,Visaton,FR 8 WP-4,4,Mms_g,2.9,2.9,published_matches,,unchanged,,https://www.visaton.de/en/products/drivers/fullrange-systems/fr-8-wp-4-ohm-white
a2710d4f371c548c2e4c47dc,Visaton,FR 8 WP-4,4,Mmd_g,,,not_present_in_either,,unchanged,,https://www.visaton.de/en/products/drivers/fullrange-systems/fr-8-wp-4-ohm-white
a2710d4f371c548c2e4c47dc,Visaton,FR 8 WP-4,4,Fs_Hz,158,158,published_matches,,unchanged,,https://www.visaton.de/en/products/drivers/fullrange-systems/fr-8-wp-4-ohm-white
a2710d4f371c548c2e4c47dc,Visaton,FR 8 WP-4,4,Vas_L,11.6099071,0.4,published_differs,0.4,correction_proposed,,https://www.visaton.de/en/products/drivers/fullrange-systems/fr-8-wp-4-ohm-white
a2710d4f371c548c2e4c47dc,Visaton,FR 8 WP-4,4,Qms,2.62,2.62,published_matches,,unchanged,,https://www.visaton.de/en/products/drivers/fullrange-systems/fr-8-wp-4-ohm-white
a2710d4f371c548c2e4c47dc,Visaton,FR 8 WP-4,4,Qes,1.33,1.33,published_matches,,unchanged,,https://www.visaton.de/en/products/drivers/fullrange-systems/fr-8-wp-4-ohm-white
a2710d4f371c548c2e4c47dc,Visaton,FR 8 WP-4,4,Qts,0.88,0.88,published_matches,,unchanged,,https://www.visaton.de/en/products/drivers/fullrange-systems/fr-8-wp-4-ohm-white
a2710d4f371c548c2e4c47dc,Visaton,FR 8 WP-4,4,Cms_mm_per_N,,,not_present_in_either,,unchanged,,https://www.visaton.de/en/products/drivers/fullrange-systems/fr-8-wp-4-ohm-white
a2710d4f371c548c2e4c47dc,Visaton,FR 8 WP-4,4,Rms_kg_per_s,,,not_present_in_either,,unchanged,,https://www.visaton.de/en/products/drivers/fullrange-systems/fr-8-wp-4-ohm-white
a2710d4f371c548c2e4c47dc,Visaton,FR 8 WP-4,4,Xmax_mm,3,,original_retained_not_verified_for_field_definition,,unchanged,"Source excursion limit is mechanical, not an independently published linear Xmax; original Xmax retained and not verified as linear.",https://www.visaton.de/en/products/drivers/fullrange-systems/fr-8-wp-4-ohm-white
a2710d4f371c548c2e4c47dc,Visaton,FR 8 WP-4,4,Sensitivity_dB,,84,published_missing_in_library,84,correction_proposed,,https://www.visaton.de/en/products/drivers/fullrange-systems/fr-8-wp-4-ohm-white
a2710d4f371c548c2e4c47dc,Visaton,FR 8 WP-4,4,Power_W,15,15,published_matches,,unchanged,,https://www.visaton.de/en/products/drivers/fullrange-systems/fr-8-wp-4-ohm-white
a2710d4f371c548c2e4c47dc,Visaton,FR 8 WP-4,4,XO_min_Hz,,,not_present_in_either,,unchanged,,https://www.visaton.de/en/products/drivers/fullrange-systems/fr-8-wp-4-ohm-white
a2710d4f371c548c2e4c47dc,Visaton,FR 8 WP-4,4,Freq_low_Hz,,100,published_missing_in_library,100,correction_proposed,,https://www.visaton.de/en/products/drivers/fullrange-systems/fr-8-wp-4-ohm-white
7052ff485fd91b66cb40e364,Visaton,FRS 10 WP,4,Z_ohm,4,4,published_matches,,unchanged,,https://www.visaton.de/en/products/drivers/fullrange-systems/frs-10-wp-4-ohm-black
7052ff485fd91b66cb40e364,Visaton,FRS 10 WP,4,Size_in,4,4,published_matches,,unchanged,,https://www.visaton.de/en/products/drivers/fullrange-systems/frs-10-wp-4-ohm-black
7052ff485fd91b66cb40e364,Visaton,FRS 10 WP,4,Throat_in,,,not_present_in_either,,unchanged,,https://www.visaton.de/en/products/drivers/fullrange-systems/frs-10-wp-4-ohm-black
7052ff485fd91b66cb40e364,Visaton,FRS 10 WP,4,Diameter_mm,,,not_present_in_either,,unchanged,,https://www.visaton.de/en/products/drivers/fullrange-systems/frs-10-wp-4-ohm-black
7052ff485fd91b66cb40e364,Visaton,FRS 10 WP,4,Sd_cm2,57,57,published_matches,,unchanged,,https://www.visaton.de/en/products/drivers/fullrange-systems/frs-10-wp-4-ohm-black
7052ff485fd91b66cb40e364,Visaton,FRS 10 WP,4,Bl_Tm,3.8,3.8,published_matches,,unchanged,,https://www.visaton.de/en/products/drivers/fullrange-systems/frs-10-wp-4-ohm-black
7052ff485fd91b66cb40e364,Visaton,FRS 10 WP,4,Re_ohm,3.4,3.4,published_matches,,unchanged,,https://www.visaton.de/en/products/drivers/fullrange-systems/frs-10-wp-4-ohm-black
7052ff485fd91b66cb40e364,Visaton,FRS 10 WP,4,Le_mH,0.2,0.2,published_matches,,unchanged,,https://www.visaton.de/en/products/drivers/fullrange-systems/frs-10-wp-4-ohm-black
7052ff485fd91b66cb40e364,Visaton,FRS 10 WP,4,Le2_mH,,,not_present_in_either,,unchanged,,https://www.visaton.de/en/products/drivers/fullrange-systems/frs-10-wp-4-ohm-black
7052ff485fd91b66cb40e364,Visaton,FRS 10 WP,4,Re2_ohm,,,not_present_in_either,,unchanged,,https://www.visaton.de/en/products/drivers/fullrange-systems/frs-10-wp-4-ohm-black
7052ff485fd91b66cb40e364,Visaton,FRS 10 WP,4,Mms_g,2.4,2.4,published_matches,,unchanged,,https://www.visaton.de/en/products/drivers/fullrange-systems/frs-10-wp-4-ohm-black
7052ff485fd91b66cb40e364,Visaton,FRS 10 WP,4,Mmd_g,,,not_present_in_either,,unchanged,,https://www.visaton.de/en/products/drivers/fullrange-systems/frs-10-wp-4-ohm-black
7052ff485fd91b66cb40e364,Visaton,FRS 10 WP,4,Fs_Hz,190,190,published_matches,,unchanged,,https://www.visaton.de/en/products/drivers/fullrange-systems/frs-10-wp-4-ohm-black
7052ff485fd91b66cb40e364,Visaton,FRS 10 WP,4,Vas_L,1.982179261,2,published_differs,,withheld_source_or_variant_conflict,,https://www.visaton.de/en/products/drivers/fullrange-systems/frs-10-wp-4-ohm-black
7052ff485fd91b66cb40e364,Visaton,FRS 10 WP,4,Qms,8.29,8.29,published_matches,,unchanged,,https://www.visaton.de/en/products/drivers/fullrange-systems/frs-10-wp-4-ohm-black
7052ff485fd91b66cb40e364,Visaton,FRS 10 WP,4,Qes,1.02,1.02,published_matches,,unchanged,,https://www.visaton.de/en/products/drivers/fullrange-systems/frs-10-wp-4-ohm-black
7052ff485fd91b66cb40e364,Visaton,FRS 10 WP,4,Qts,0.91,0.91,published_matches,,unchanged,,https://www.visaton.de/en/products/drivers/fullrange-systems/frs-10-wp-4-ohm-black
7052ff485fd91b66cb40e364,Visaton,FRS 10 WP,4,Cms_mm_per_N,0.433,,not_published_in_accessed_source,,unchanged,,https://www.visaton.de/en/products/drivers/fullrange-systems/frs-10-wp-4-ohm-black
7052ff485fd91b66cb40e364,Visaton,FRS 10 WP,4,Rms_kg_per_s,,,not_present_in_either,,unchanged,,https://www.visaton.de/en/products/drivers/fullrange-systems/frs-10-wp-4-ohm-black
7052ff485fd91b66cb40e364,Visaton,FRS 10 WP,4,Xmax_mm,3,,original_retained_not_verified_for_field_definition,,unchanged,"Source excursion limit is mechanical, not an independently published linear Xmax; original Xmax retained and not verified as linear.",https://www.visaton.de/en/products/drivers/fullrange-systems/frs-10-wp-4-ohm-black
7052ff485fd91b66cb40e364,Visaton,FRS 10 WP,4,Sensitivity_dB,,90,published_missing_in_library,,withheld_source_or_variant_conflict,,https://www.visaton.de/en/products/drivers/fullrange-systems/frs-10-wp-4-ohm-black
7052ff485fd91b66cb40e364,Visaton,FRS 10 WP,4,Power_W,25,25,published_matches,,unchanged,,https://www.visaton.de/en/products/drivers/fullrange-systems/frs-10-wp-4-ohm-black
7052ff485fd91b66cb40e364,Visaton,FRS 10 WP,4,XO_min_Hz,,,not_present_in_either,,unchanged,,https://www.visaton.de/en/products/drivers/fullrange-systems/frs-10-wp-4-ohm-black
7052ff485fd91b66cb40e364,Visaton,FRS 10 WP,4,Freq_low_Hz,,,not_present_in_either,,unchanged,,https://www.visaton.de/en/products/drivers/fullrange-systems/frs-10-wp-4-ohm-black
ceff63a51b1115eca24333cb,Visaton,FRS8,4.0,Z_ohm,4.0,4,published_matches,,unchanged,,https://www.visaton.de/en/products/drivers/fullrange-systems/frs-8-4-ohm
ceff63a51b1115eca24333cb,Visaton,FRS8,4.0,Size_in,3,3.3,published_differs,,withheld_source_or_variant_conflict,,https://www.visaton.de/en/products/drivers/fullrange-systems/frs-8-4-ohm
ceff63a51b1115eca24333cb,Visaton,FRS8,4.0,Throat_in,,,not_present_in_either,,unchanged,,https://www.visaton.de/en/products/drivers/fullrange-systems/frs-8-4-ohm
ceff63a51b1115eca24333cb,Visaton,FRS8,4.0,Diameter_mm,,,not_present_in_either,,unchanged,,https://www.visaton.de/en/products/drivers/fullrange-systems/frs-8-4-ohm
ceff63a51b1115eca24333cb,Visaton,FRS8,4.0,Sd_cm2,31,31,published_matches,,unchanged,,https://www.visaton.de/en/products/drivers/fullrange-systems/frs-8-4-ohm
ceff63a51b1115eca24333cb,Visaton,FRS8,4.0,Bl_Tm,2.2,2.2,published_matches,,unchanged,,https://www.visaton.de/en/products/drivers/fullrange-systems/frs-8-4-ohm
ceff63a51b1115eca24333cb,Visaton,FRS8,4.0,Re_ohm,3.5,3.5,published_matches,,unchanged,,https://www.visaton.de/en/products/drivers/fullrange-systems/frs-8-4-ohm
ceff63a51b1115eca24333cb,Visaton,FRS8,4.0,Le_mH,0.4,0.4,published_matches,,unchanged,,https://www.visaton.de/en/products/drivers/fullrange-systems/frs-8-4-ohm
ceff63a51b1115eca24333cb,Visaton,FRS8,4.0,Le2_mH,,,not_present_in_either,,unchanged,,https://www.visaton.de/en/products/drivers/fullrange-systems/frs-8-4-ohm
ceff63a51b1115eca24333cb,Visaton,FRS8,4.0,Re2_ohm,,,not_present_in_either,,unchanged,,https://www.visaton.de/en/products/drivers/fullrange-systems/frs-8-4-ohm
ceff63a51b1115eca24333cb,Visaton,FRS8,4.0,Mms_g,2.5,2.5,published_matches,,unchanged,,https://www.visaton.de/en/products/drivers/fullrange-systems/frs-8-4-ohm
ceff63a51b1115eca24333cb,Visaton,FRS8,4.0,Mmd_g,,,not_present_in_either,,unchanged,,https://www.visaton.de/en/products/drivers/fullrange-systems/frs-8-4-ohm
ceff63a51b1115eca24333cb,Visaton,FRS8,4.0,Fs_Hz,115,120,published_differs,,withheld_source_or_variant_conflict,,https://www.visaton.de/en/products/drivers/fullrange-systems/frs-8-4-ohm
ceff63a51b1115eca24333cb,Visaton,FRS8,4.0,Vas_L,1.1,1,published_differs,,withheld_source_or_variant_conflict,,https://www.visaton.de/en/products/drivers/fullrange-systems/frs-8-4-ohm
ceff63a51b1115eca24333cb,Visaton,FRS8,4.0,Qms,3.61,3.61,published_matches,,unchanged,,https://www.visaton.de/en/products/drivers/fullrange-systems/frs-8-4-ohm
ceff63a51b1115eca24333cb,Visaton,FRS8,4.0,Qes,0.85,0.85,published_matches,,unchanged,,https://www.visaton.de/en/products/drivers/fullrange-systems/frs-8-4-ohm
ceff63a51b1115eca24333cb,Visaton,FRS8,4.0,Qts,0.69,0.69,published_matches,,unchanged,,https://www.visaton.de/en/products/drivers/fullrange-systems/frs-8-4-ohm
ceff63a51b1115eca24333cb,Visaton,FRS8,4.0,Cms_mm_per_N,0.734,,not_published_in_accessed_source,,unchanged,,https://www.visaton.de/en/products/drivers/fullrange-systems/frs-8-4-ohm
ceff63a51b1115eca24333cb,Visaton,FRS8,4.0,Rms_kg_per_s,,,not_present_in_either,,unchanged,,https://www.visaton.de/en/products/drivers/fullrange-systems/frs-8-4-ohm
ceff63a51b1115eca24333cb,Visaton,FRS8,4.0,Xmax_mm,0.25,,original_retained_not_verified_for_field_definition,,unchanged,"Source excursion limit is mechanical, not an independently published linear Xmax; original Xmax retained and not verified as linear.",https://www.visaton.de/en/products/drivers/fullrange-systems/frs-8-4-ohm
ceff63a51b1115eca24333cb,Visaton,FRS8,4.0,Sensitivity_dB,82,82,published_matches,,unchanged,,https://www.visaton.de/en/products/drivers/fullrange-systems/frs-8-4-ohm
ceff63a51b1115eca24333cb,Visaton,FRS8,4.0,Power_W,30,30,published_matches,,unchanged,,https://www.visaton.de/en/products/drivers/fullrange-systems/frs-8-4-ohm
ceff63a51b1115eca24333cb,Visaton,FRS8,4.0,XO_min_Hz,,,not_present_in_either,,unchanged,,https://www.visaton.de/en/products/drivers/fullrange-systems/frs-8-4-ohm
ceff63a51b1115eca24333cb,Visaton,FRS8,4.0,Freq_low_Hz,,100,published_missing_in_library,,withheld_source_or_variant_conflict,,https://www.visaton.de/en/products/drivers/fullrange-systems/frs-8-4-ohm
1558ea22c8fd10936dd3fdf3,Visaton,FRS8,8.0,Z_ohm,8.0,8,published_matches,,unchanged,,https://www.visaton.de/en/products/drivers/fullrange-systems/frs-8-8-ohm
1558ea22c8fd10936dd3fdf3,Visaton,FRS8,8.0,Size_in,3,3.3,published_differs,3.3,correction_proposed,,https://www.visaton.de/en/products/drivers/fullrange-systems/frs-8-8-ohm
1558ea22c8fd10936dd3fdf3,Visaton,FRS8,8.0,Throat_in,,,not_present_in_either,,unchanged,,https://www.visaton.de/en/products/drivers/fullrange-systems/frs-8-8-ohm
1558ea22c8fd10936dd3fdf3,Visaton,FRS8,8.0,Diameter_mm,,,not_present_in_either,,unchanged,,https://www.visaton.de/en/products/drivers/fullrange-systems/frs-8-8-ohm
1558ea22c8fd10936dd3fdf3,Visaton,FRS8,8.0,Sd_cm2,31,31,published_matches,,unchanged,,https://www.visaton.de/en/products/drivers/fullrange-systems/frs-8-8-ohm
1558ea22c8fd10936dd3fdf3,Visaton,FRS8,8.0,Bl_Tm,3.2,3.2,published_matches,,unchanged,,https://www.visaton.de/en/products/drivers/fullrange-systems/frs-8-8-ohm
1558ea22c8fd10936dd3fdf3,Visaton,FRS8,8.0,Re_ohm,3.5,7.2,published_differs,7.2,correction_proposed,,https://www.visaton.de/en/products/drivers/fullrange-systems/frs-8-8-ohm
1558ea22c8fd10936dd3fdf3,Visaton,FRS8,8.0,Le_mH,0.4,0.9,published_differs,0.9,correction_proposed,,https://www.visaton.de/en/products/drivers/fullrange-systems/frs-8-8-ohm
1558ea22c8fd10936dd3fdf3,Visaton,FRS8,8.0,Le2_mH,,,not_present_in_either,,unchanged,,https://www.visaton.de/en/products/drivers/fullrange-systems/frs-8-8-ohm
1558ea22c8fd10936dd3fdf3,Visaton,FRS8,8.0,Re2_ohm,,,not_present_in_either,,unchanged,,https://www.visaton.de/en/products/drivers/fullrange-systems/frs-8-8-ohm
1558ea22c8fd10936dd3fdf3,Visaton,FRS8,8.0,Mms_g,2.5,2.5,published_matches,,unchanged,,https://www.visaton.de/en/products/drivers/fullrange-systems/frs-8-8-ohm
1558ea22c8fd10936dd3fdf3,Visaton,FRS8,8.0,Mmd_g,,,not_present_in_either,,unchanged,,https://www.visaton.de/en/products/drivers/fullrange-systems/frs-8-8-ohm
1558ea22c8fd10936dd3fdf3,Visaton,FRS8,8.0,Fs_Hz,115,120,published_differs,120,correction_proposed,,https://www.visaton.de/en/products/drivers/fullrange-systems/frs-8-8-ohm
1558ea22c8fd10936dd3fdf3,Visaton,FRS8,8.0,Vas_L,1.1,0.9,published_differs,0.9,correction_proposed,,https://www.visaton.de/en/products/drivers/fullrange-systems/frs-8-8-ohm
1558ea22c8fd10936dd3fdf3,Visaton,FRS8,8.0,Qms,3.61,4.85,published_differs,4.85,correction_proposed,,https://www.visaton.de/en/products/drivers/fullrange-systems/frs-8-8-ohm
1558ea22c8fd10936dd3fdf3,Visaton,FRS8,8.0,Qes,0.85,1.32,published_differs,1.32,correction_proposed,,https://www.visaton.de/en/products/drivers/fullrange-systems/frs-8-8-ohm
1558ea22c8fd10936dd3fdf3,Visaton,FRS8,8.0,Qts,0.69,1.04,published_differs,1.04,correction_proposed,,https://www.visaton.de/en/products/drivers/fullrange-systems/frs-8-8-ohm
1558ea22c8fd10936dd3fdf3,Visaton,FRS8,8.0,Cms_mm_per_N,0.66,,not_published_in_accessed_source,,unchanged,,https://www.visaton.de/en/products/drivers/fullrange-systems/frs-8-8-ohm
1558ea22c8fd10936dd3fdf3,Visaton,FRS8,8.0,Rms_kg_per_s,,,not_present_in_either,,unchanged,,https://www.visaton.de/en/products/drivers/fullrange-systems/frs-8-8-ohm
1558ea22c8fd10936dd3fdf3,Visaton,FRS8,8.0,Xmax_mm,0.25,,original_retained_not_verified_for_field_definition,,unchanged,"Source excursion limit is mechanical, not an independently published linear Xmax; original Xmax retained and not verified as linear.",https://www.visaton.de/en/products/drivers/fullrange-systems/frs-8-8-ohm
1558ea22c8fd10936dd3fdf3,Visaton,FRS8,8.0,Sensitivity_dB,82,82,published_matches,,unchanged,,https://www.visaton.de/en/products/drivers/fullrange-systems/frs-8-8-ohm
1558ea22c8fd10936dd3fdf3,Visaton,FRS8,8.0,Power_W,30,30,published_matches,,unchanged,,https://www.visaton.de/en/products/drivers/fullrange-systems/frs-8-8-ohm
1558ea22c8fd10936dd3fdf3,Visaton,FRS8,8.0,XO_min_Hz,,,not_present_in_either,,unchanged,,https://www.visaton.de/en/products/drivers/fullrange-systems/frs-8-8-ohm
1558ea22c8fd10936dd3fdf3,Visaton,FRS8,8.0,Freq_low_Hz,,100,published_missing_in_library,100,correction_proposed,,https://www.visaton.de/en/products/drivers/fullrange-systems/frs-8-8-ohm
9516052cc1b21e7ded2141d3,Visaton,GF 200,4,Z_ohm,4,4,published_matches,,unchanged,"Connection 1: single coil, other open; not both coils in parallel. Sensitivity: 1 W/1 m.",https://www.visaton.de/en/products/drivers/woofers/gf-200-2-x-4-ohm
9516052cc1b21e7ded2141d3,Visaton,GF 200,4,Size_in,8,8,published_matches,,unchanged,"Connection 1: single coil, other open; not both coils in parallel. Sensitivity: 1 W/1 m.",https://www.visaton.de/en/products/drivers/woofers/gf-200-2-x-4-ohm
9516052cc1b21e7ded2141d3,Visaton,GF 200,4,Throat_in,,,not_present_in_either,,unchanged,"Connection 1: single coil, other open; not both coils in parallel. Sensitivity: 1 W/1 m.",https://www.visaton.de/en/products/drivers/woofers/gf-200-2-x-4-ohm
9516052cc1b21e7ded2141d3,Visaton,GF 200,4,Diameter_mm,,,not_present_in_either,,unchanged,"Connection 1: single coil, other open; not both coils in parallel. Sensitivity: 1 W/1 m.",https://www.visaton.de/en/products/drivers/woofers/gf-200-2-x-4-ohm
9516052cc1b21e7ded2141d3,Visaton,GF 200,4,Sd_cm2,214,214,published_matches,,unchanged,"Connection 1: single coil, other open; not both coils in parallel. Sensitivity: 1 W/1 m.",https://www.visaton.de/en/products/drivers/woofers/gf-200-2-x-4-ohm
9516052cc1b21e7ded2141d3,Visaton,GF 200,4,Bl_Tm,4.6,4.6,published_matches,,unchanged,"Connection 1: single coil, other open; not both coils in parallel. Sensitivity: 1 W/1 m.",https://www.visaton.de/en/products/drivers/woofers/gf-200-2-x-4-ohm
9516052cc1b21e7ded2141d3,Visaton,GF 200,4,Re_ohm,2.9,2.9,published_matches,,unchanged,"Connection 1: single coil, other open; not both coils in parallel. Sensitivity: 1 W/1 m.",https://www.visaton.de/en/products/drivers/woofers/gf-200-2-x-4-ohm
9516052cc1b21e7ded2141d3,Visaton,GF 200,4,Le_mH,0.4,0.4,published_matches,,unchanged,"Connection 1: single coil, other open; not both coils in parallel. Sensitivity: 1 W/1 m.",https://www.visaton.de/en/products/drivers/woofers/gf-200-2-x-4-ohm
9516052cc1b21e7ded2141d3,Visaton,GF 200,4,Le2_mH,,,not_present_in_either,,unchanged,"Connection 1: single coil, other open; not both coils in parallel. Sensitivity: 1 W/1 m.",https://www.visaton.de/en/products/drivers/woofers/gf-200-2-x-4-ohm
9516052cc1b21e7ded2141d3,Visaton,GF 200,4,Re2_ohm,,,not_present_in_either,,unchanged,"Connection 1: single coil, other open; not both coils in parallel. Sensitivity: 1 W/1 m.",https://www.visaton.de/en/products/drivers/woofers/gf-200-2-x-4-ohm
9516052cc1b21e7ded2141d3,Visaton,GF 200,4,Mms_g,25,25,published_matches,,unchanged,"Connection 1: single coil, other open; not both coils in parallel. Sensitivity: 1 W/1 m.",https://www.visaton.de/en/products/drivers/woofers/gf-200-2-x-4-ohm
9516052cc1b21e7ded2141d3,Visaton,GF 200,4,Mmd_g,,,not_present_in_either,,unchanged,"Connection 1: single coil, other open; not both coils in parallel. Sensitivity: 1 W/1 m.",https://www.visaton.de/en/products/drivers/woofers/gf-200-2-x-4-ohm
9516052cc1b21e7ded2141d3,Visaton,GF 200,4,Fs_Hz,34,34,published_matches,,unchanged,"Connection 1: single coil, other open; not both coils in parallel. Sensitivity: 1 W/1 m.",https://www.visaton.de/en/products/drivers/woofers/gf-200-2-x-4-ohm
9516052cc1b21e7ded2141d3,Visaton,GF 200,4,Vas_L,62.01389404,62,published_differs,,withheld_source_or_variant_conflict,"Connection 1: single coil, other open; not both coils in parallel. Sensitivity: 1 W/1 m.",https://www.visaton.de/en/products/drivers/woofers/gf-200-2-x-4-ohm
9516052cc1b21e7ded2141d3,Visaton,GF 200,4,Qms,4.51,4.51,published_matches,,unchanged,"Connection 1: single coil, other open; not both coils in parallel. Sensitivity: 1 W/1 m.",https://www.visaton.de/en/products/drivers/woofers/gf-200-2-x-4-ohm
9516052cc1b21e7ded2141d3,Visaton,GF 200,4,Qes,0.93,0.93,published_matches,,unchanged,"Connection 1: single coil, other open; not both coils in parallel. Sensitivity: 1 W/1 m.",https://www.visaton.de/en/products/drivers/woofers/gf-200-2-x-4-ohm
9516052cc1b21e7ded2141d3,Visaton,GF 200,4,Qts,0.77,0.77,published_matches,,unchanged,"Connection 1: single coil, other open; not both coils in parallel. Sensitivity: 1 W/1 m.",https://www.visaton.de/en/products/drivers/woofers/gf-200-2-x-4-ohm
9516052cc1b21e7ded2141d3,Visaton,GF 200,4,Cms_mm_per_N,,,not_present_in_either,,unchanged,"Connection 1: single coil, other open; not both coils in parallel. Sensitivity: 1 W/1 m.",https://www.visaton.de/en/products/drivers/woofers/gf-200-2-x-4-ohm
9516052cc1b21e7ded2141d3,Visaton,GF 200,4,Rms_kg_per_s,,,not_present_in_either,,unchanged,"Connection 1: single coil, other open; not both coils in parallel. Sensitivity: 1 W/1 m.",https://www.visaton.de/en/products/drivers/woofers/gf-200-2-x-4-ohm
9516052cc1b21e7ded2141d3,Visaton,GF 200,4,Xmax_mm,10,,original_retained_not_verified_for_field_definition,,unchanged,"Source excursion limit is mechanical, not an independently published linear Xmax; original Xmax retained and not verified as linear.",https://www.visaton.de/en/products/drivers/woofers/gf-200-2-x-4-ohm
9516052cc1b21e7ded2141d3,Visaton,GF 200,4,Sensitivity_dB,,85,published_missing_in_library,,withheld_source_or_variant_conflict,"Connection 1: single coil, other open; not both coils in parallel. Sensitivity: 1 W/1 m.",https://www.visaton.de/en/products/drivers/woofers/gf-200-2-x-4-ohm
9516052cc1b21e7ded2141d3,Visaton,GF 200,4,Power_W,120,120,published_matches,,unchanged,"Connection 1: single coil, other open; not both coils in parallel. Sensitivity: 1 W/1 m.",https://www.visaton.de/en/products/drivers/woofers/gf-200-2-x-4-ohm
9516052cc1b21e7ded2141d3,Visaton,GF 200,4,XO_min_Hz,,,not_present_in_either,,unchanged,"Connection 1: single coil, other open; not both coils in parallel. Sensitivity: 1 W/1 m.",https://www.visaton.de/en/products/drivers/woofers/gf-200-2-x-4-ohm
9516052cc1b21e7ded2141d3,Visaton,GF 200,4,Freq_low_Hz,,,not_present_in_either,,unchanged,"Connection 1: single coil, other open; not both coils in parallel. Sensitivity: 1 W/1 m.",https://www.visaton.de/en/products/drivers/woofers/gf-200-2-x-4-ohm
270cfddd38fdbe0377632a0d,Visaton,GF200,2,Z_ohm,2,2,published_matches,,unchanged,"Connection 3: coils parallel, nominal 2 ohm; sensitivity 1 W/1 m.",https://www.visaton.de/en/products/drivers/woofers/gf-200-2-x-4-ohm
270cfddd38fdbe0377632a0d,Visaton,GF200,2,Size_in,,8,published_missing_in_library,8,correction_proposed,"Connection 3: coils parallel, nominal 2 ohm; sensitivity 1 W/1 m.",https://www.visaton.de/en/products/drivers/woofers/gf-200-2-x-4-ohm
270cfddd38fdbe0377632a0d,Visaton,GF200,2,Throat_in,,,not_present_in_either,,unchanged,"Connection 3: coils parallel, nominal 2 ohm; sensitivity 1 W/1 m.",https://www.visaton.de/en/products/drivers/woofers/gf-200-2-x-4-ohm
270cfddd38fdbe0377632a0d,Visaton,GF200,2,Diameter_mm,,,not_present_in_either,,unchanged,"Connection 3: coils parallel, nominal 2 ohm; sensitivity 1 W/1 m.",https://www.visaton.de/en/products/drivers/woofers/gf-200-2-x-4-ohm
270cfddd38fdbe0377632a0d,Visaton,GF200,2,Sd_cm2,214,214,published_matches,,unchanged,"Connection 3: coils parallel, nominal 2 ohm; sensitivity 1 W/1 m.",https://www.visaton.de/en/products/drivers/woofers/gf-200-2-x-4-ohm
270cfddd38fdbe0377632a0d,Visaton,GF200,2,Bl_Tm,4.6,4.6,published_matches,,unchanged,"Connection 3: coils parallel, nominal 2 ohm; sensitivity 1 W/1 m.",https://www.visaton.de/en/products/drivers/woofers/gf-200-2-x-4-ohm
270cfddd38fdbe0377632a0d,Visaton,GF200,2,Re_ohm,1.4,1.4,published_matches,,unchanged,"Connection 3: coils parallel, nominal 2 ohm; sensitivity 1 W/1 m.",https://www.visaton.de/en/products/drivers/woofers/gf-200-2-x-4-ohm
270cfddd38fdbe0377632a0d,Visaton,GF200,2,Le_mH,0.3,0.3,published_matches,,unchanged,"Connection 3: coils parallel, nominal 2 ohm; sensitivity 1 W/1 m.",https://www.visaton.de/en/products/drivers/woofers/gf-200-2-x-4-ohm
270cfddd38fdbe0377632a0d,Visaton,GF200,2,Le2_mH,,,not_present_in_either,,unchanged,"Connection 3: coils parallel, nominal 2 ohm; sensitivity 1 W/1 m.",https://www.visaton.de/en/products/drivers/woofers/gf-200-2-x-4-ohm
270cfddd38fdbe0377632a0d,Visaton,GF200,2,Re2_ohm,,,not_present_in_either,,unchanged,"Connection 3: coils parallel, nominal 2 ohm; sensitivity 1 W/1 m.",https://www.visaton.de/en/products/drivers/woofers/gf-200-2-x-4-ohm
270cfddd38fdbe0377632a0d,Visaton,GF200,2,Mms_g,25,25,published_matches,,unchanged,"Connection 3: coils parallel, nominal 2 ohm; sensitivity 1 W/1 m.",https://www.visaton.de/en/products/drivers/woofers/gf-200-2-x-4-ohm
270cfddd38fdbe0377632a0d,Visaton,GF200,2,Mmd_g,,,not_present_in_either,,unchanged,"Connection 3: coils parallel, nominal 2 ohm; sensitivity 1 W/1 m.",https://www.visaton.de/en/products/drivers/woofers/gf-200-2-x-4-ohm
270cfddd38fdbe0377632a0d,Visaton,GF200,2,Fs_Hz,30,35,published_differs,35,correction_proposed,"Connection 3: coils parallel, nominal 2 ohm; sensitivity 1 W/1 m.",https://www.visaton.de/en/products/drivers/woofers/gf-200-2-x-4-ohm
270cfddd38fdbe0377632a0d,Visaton,GF200,2,Vas_L,57,57,published_matches,,unchanged,"Connection 3: coils parallel, nominal 2 ohm; sensitivity 1 W/1 m.",https://www.visaton.de/en/products/drivers/woofers/gf-200-2-x-4-ohm
270cfddd38fdbe0377632a0d,Visaton,GF200,2,Qms,4.12,4.33,published_differs,4.33,correction_proposed,"Connection 3: coils parallel, nominal 2 ohm; sensitivity 1 W/1 m.",https://www.visaton.de/en/products/drivers/woofers/gf-200-2-x-4-ohm
270cfddd38fdbe0377632a0d,Visaton,GF200,2,Qes,0.37,0.44,published_differs,0.44,correction_proposed,"Connection 3: coils parallel, nominal 2 ohm; sensitivity 1 W/1 m.",https://www.visaton.de/en/products/drivers/woofers/gf-200-2-x-4-ohm
270cfddd38fdbe0377632a0d,Visaton,GF200,2,Qts,0.77,0.39,published_differs,0.39,correction_proposed,"Connection 3: coils parallel, nominal 2 ohm; sensitivity 1 W/1 m.",https://www.visaton.de/en/products/drivers/woofers/gf-200-2-x-4-ohm
270cfddd38fdbe0377632a0d,Visaton,GF200,2,Cms_mm_per_N,,,not_present_in_either,,unchanged,"Connection 3: coils parallel, nominal 2 ohm; sensitivity 1 W/1 m.",https://www.visaton.de/en/products/drivers/woofers/gf-200-2-x-4-ohm
270cfddd38fdbe0377632a0d,Visaton,GF200,2,Rms_kg_per_s,,,not_present_in_either,,unchanged,"Connection 3: coils parallel, nominal 2 ohm; sensitivity 1 W/1 m.",https://www.visaton.de/en/products/drivers/woofers/gf-200-2-x-4-ohm
270cfddd38fdbe0377632a0d,Visaton,GF200,2,Xmax_mm,6,,original_retained_not_verified_for_field_definition,,unchanged,"Source excursion limit is mechanical, not an independently published linear Xmax; original Xmax retained and not verified as linear.",https://www.visaton.de/en/products/drivers/woofers/gf-200-2-x-4-ohm
270cfddd38fdbe0377632a0d,Visaton,GF200,2,Sensitivity_dB,88,88,published_matches,,unchanged,"Connection 3: coils parallel, nominal 2 ohm; sensitivity 1 W/1 m.",https://www.visaton.de/en/products/drivers/woofers/gf-200-2-x-4-ohm
270cfddd38fdbe0377632a0d,Visaton,GF200,2,Power_W,120,120,published_matches,,unchanged,"Connection 3: coils parallel, nominal 2 ohm; sensitivity 1 W/1 m.",https://www.visaton.de/en/products/drivers/woofers/gf-200-2-x-4-ohm
270cfddd38fdbe0377632a0d,Visaton,GF200,2,XO_min_Hz,,,not_present_in_either,,unchanged,"Connection 3: coils parallel, nominal 2 ohm; sensitivity 1 W/1 m.",https://www.visaton.de/en/products/drivers/woofers/gf-200-2-x-4-ohm
270cfddd38fdbe0377632a0d,Visaton,GF200,2,Freq_low_Hz,,,not_present_in_either,,unchanged,"Connection 3: coils parallel, nominal 2 ohm; sensitivity 1 W/1 m.",https://www.visaton.de/en/products/drivers/woofers/gf-200-2-x-4-ohm
80d6cccdb1066514bb39e6ab,Visaton,MR 130,8,Z_ohm,8,8,published_matches,,unchanged,,https://www.visaton.de/sites/default/files/dd_product/MR%20130.pdf
80d6cccdb1066514bb39e6ab,Visaton,MR 130,8,Size_in,5,5,published_matches,,unchanged,,https://www.visaton.de/sites/default/files/dd_product/MR%20130.pdf
80d6cccdb1066514bb39e6ab,Visaton,MR 130,8,Throat_in,,,not_present_in_either,,unchanged,,https://www.visaton.de/sites/default/files/dd_product/MR%20130.pdf
80d6cccdb1066514bb39e6ab,Visaton,MR 130,8,Diameter_mm,,141,published_missing_in_library,,withheld_source_or_variant_conflict,,https://www.visaton.de/sites/default/files/dd_product/MR%20130.pdf
80d6cccdb1066514bb39e6ab,Visaton,MR 130,8,Sd_cm2,70,,not_published_in_accessed_source,,unchanged,,https://www.visaton.de/sites/default/files/dd_product/MR%20130.pdf
80d6cccdb1066514bb39e6ab,Visaton,MR 130,8,Bl_Tm,4.3,,not_published_in_accessed_source,,unchanged,,https://www.visaton.de/sites/default/files/dd_product/MR%20130.pdf
80d6cccdb1066514bb39e6ab,Visaton,MR 130,8,Re_ohm,6.8,,not_published_in_accessed_source,,unchanged,,https://www.visaton.de/sites/default/files/dd_product/MR%20130.pdf
80d6cccdb1066514bb39e6ab,Visaton,MR 130,8,Le_mH,0.4,,not_published_in_accessed_source,,unchanged,,https://www.visaton.de/sites/default/files/dd_product/MR%20130.pdf
80d6cccdb1066514bb39e6ab,Visaton,MR 130,8,Le2_mH,,,not_present_in_either,,unchanged,,https://www.visaton.de/sites/default/files/dd_product/MR%20130.pdf
80d6cccdb1066514bb39e6ab,Visaton,MR 130,8,Re2_ohm,,,not_present_in_either,,unchanged,,https://www.visaton.de/sites/default/files/dd_product/MR%20130.pdf
80d6cccdb1066514bb39e6ab,Visaton,MR 130,8,Mms_g,5,,not_published_in_accessed_source,,unchanged,,https://www.visaton.de/sites/default/files/dd_product/MR%20130.pdf
80d6cccdb1066514bb39e6ab,Visaton,MR 130,8,Mmd_g,,,not_present_in_either,,unchanged,,https://www.visaton.de/sites/default/files/dd_product/MR%20130.pdf
80d6cccdb1066514bb39e6ab,Visaton,MR 130,8,Fs_Hz,500,500,published_matches,,unchanged,,https://www.visaton.de/sites/default/files/dd_product/MR%20130.pdf
80d6cccdb1066514bb39e6ab,Visaton,MR 130,8,Vas_L,0.08495053978,,not_published_in_accessed_source,,unchanged,,https://www.visaton.de/sites/default/files/dd_product/MR%20130.pdf
80d6cccdb1066514bb39e6ab,Visaton,MR 130,8,Qms,8.67,,not_published_in_accessed_source,,unchanged,,https://www.visaton.de/sites/default/files/dd_product/MR%20130.pdf
80d6cccdb1066514bb39e6ab,Visaton,MR 130,8,Qes,5.85,,not_published_in_accessed_source,,unchanged,,https://www.visaton.de/sites/default/files/dd_product/MR%20130.pdf
80d6cccdb1066514bb39e6ab,Visaton,MR 130,8,Qts,3.49,,not_published_in_accessed_source,,unchanged,,https://www.visaton.de/sites/default/files/dd_product/MR%20130.pdf
80d6cccdb1066514bb39e6ab,Visaton,MR 130,8,Cms_mm_per_N,,,not_present_in_either,,unchanged,,https://www.visaton.de/sites/default/files/dd_product/MR%20130.pdf
80d6cccdb1066514bb39e6ab,Visaton,MR 130,8,Rms_kg_per_s,,,not_present_in_either,,unchanged,,https://www.visaton.de/sites/default/files/dd_product/MR%20130.pdf
80d6cccdb1066514bb39e6ab,Visaton,MR 130,8,Xmax_mm,2,,original_retained_not_verified_for_field_definition,,unchanged,"Source excursion limit is mechanical, not an independently published linear Xmax; original Xmax retained and not verified as linear.",https://www.visaton.de/sites/default/files/dd_product/MR%20130.pdf
80d6cccdb1066514bb39e6ab,Visaton,MR 130,8,Sensitivity_dB,,89,published_missing_in_library,,withheld_source_or_variant_conflict,,https://www.visaton.de/sites/default/files/dd_product/MR%20130.pdf
80d6cccdb1066514bb39e6ab,Visaton,MR 130,8,Power_W,80,80,published_matches,,unchanged,,https://www.visaton.de/sites/default/files/dd_product/MR%20130.pdf
80d6cccdb1066514bb39e6ab,Visaton,MR 130,8,XO_min_Hz,,,not_present_in_either,,unchanged,,https://www.visaton.de/sites/default/files/dd_product/MR%20130.pdf
80d6cccdb1066514bb39e6ab,Visaton,MR 130,8,Freq_low_Hz,,400,published_missing_in_library,,withheld_source_or_variant_conflict,,https://www.visaton.de/sites/default/files/dd_product/MR%20130.pdf
d9e2b5a254e12bd65e895a19,Visaton,SC 5.9,8,Z_ohm,8,8,published_matches,,unchanged,,https://www.visaton.de/en/products/drivers/fullrange-systems/sc-59-8-ohm
d9e2b5a254e12bd65e895a19,Visaton,SC 5.9,8,Size_in,,,not_present_in_either,,unchanged,,https://www.visaton.de/en/products/drivers/fullrange-systems/sc-59-8-ohm
d9e2b5a254e12bd65e895a19,Visaton,SC 5.9,8,Throat_in,,,not_present_in_either,,unchanged,,https://www.visaton.de/en/products/drivers/fullrange-systems/sc-59-8-ohm
d9e2b5a254e12bd65e895a19,Visaton,SC 5.9,8,Diameter_mm,,,not_present_in_either,,unchanged,,https://www.visaton.de/en/products/drivers/fullrange-systems/sc-59-8-ohm
d9e2b5a254e12bd65e895a19,Visaton,SC 5.9,8,Sd_cm2,24.9,26.5,published_differs,,withheld_source_or_variant_conflict,,https://www.visaton.de/en/products/drivers/fullrange-systems/sc-59-8-ohm
d9e2b5a254e12bd65e895a19,Visaton,SC 5.9,8,Bl_Tm,2.5,2.5,published_matches,,unchanged,,https://www.visaton.de/en/products/drivers/fullrange-systems/sc-59-8-ohm
d9e2b5a254e12bd65e895a19,Visaton,SC 5.9,8,Re_ohm,7,7,published_matches,,unchanged,,https://www.visaton.de/en/products/drivers/fullrange-systems/sc-59-8-ohm
d9e2b5a254e12bd65e895a19,Visaton,SC 5.9,8,Le_mH,0.4,0.4,published_matches,,unchanged,,https://www.visaton.de/en/products/drivers/fullrange-systems/sc-59-8-ohm
d9e2b5a254e12bd65e895a19,Visaton,SC 5.9,8,Le2_mH,,,not_present_in_either,,unchanged,,https://www.visaton.de/en/products/drivers/fullrange-systems/sc-59-8-ohm
d9e2b5a254e12bd65e895a19,Visaton,SC 5.9,8,Re2_ohm,,,not_present_in_either,,unchanged,,https://www.visaton.de/en/products/drivers/fullrange-systems/sc-59-8-ohm
d9e2b5a254e12bd65e895a19,Visaton,SC 5.9,8,Mms_g,1.5,1.5,published_matches,,unchanged,,https://www.visaton.de/en/products/drivers/fullrange-systems/sc-59-8-ohm
d9e2b5a254e12bd65e895a19,Visaton,SC 5.9,8,Mmd_g,,,not_present_in_either,,unchanged,,https://www.visaton.de/en/products/drivers/fullrange-systems/sc-59-8-ohm
d9e2b5a254e12bd65e895a19,Visaton,SC 5.9,8,Fs_Hz,193,193,published_matches,,unchanged,,https://www.visaton.de/en/products/drivers/fullrange-systems/sc-59-8-ohm
d9e2b5a254e12bd65e895a19,Visaton,SC 5.9,8,Vas_L,0.3964358523,0.4,published_differs,,withheld_source_or_variant_conflict,,https://www.visaton.de/en/products/drivers/fullrange-systems/sc-59-8-ohm
d9e2b5a254e12bd65e895a19,Visaton,SC 5.9,8,Qms,7.52,7.52,published_matches,,unchanged,,https://www.visaton.de/en/products/drivers/fullrange-systems/sc-59-8-ohm
d9e2b5a254e12bd65e895a19,Visaton,SC 5.9,8,Qes,1.5,1.5,published_matches,,unchanged,,https://www.visaton.de/en/products/drivers/fullrange-systems/sc-59-8-ohm
d9e2b5a254e12bd65e895a19,Visaton,SC 5.9,8,Qts,1.25,1.25,published_matches,,unchanged,,https://www.visaton.de/en/products/drivers/fullrange-systems/sc-59-8-ohm
d9e2b5a254e12bd65e895a19,Visaton,SC 5.9,8,Cms_mm_per_N,0.453,,not_published_in_accessed_source,,unchanged,,https://www.visaton.de/en/products/drivers/fullrange-systems/sc-59-8-ohm
d9e2b5a254e12bd65e895a19,Visaton,SC 5.9,8,Rms_kg_per_s,,,not_present_in_either,,unchanged,,https://www.visaton.de/en/products/drivers/fullrange-systems/sc-59-8-ohm
d9e2b5a254e12bd65e895a19,Visaton,SC 5.9,8,Xmax_mm,1.5,,original_retained_not_verified_for_field_definition,,unchanged,"Source excursion limit is mechanical, not an independently published linear Xmax; original Xmax retained and not verified as linear.",https://www.visaton.de/en/products/drivers/fullrange-systems/sc-59-8-ohm
d9e2b5a254e12bd65e895a19,Visaton,SC 5.9,8,Sensitivity_dB,84.7,84,published_differs,,withheld_source_or_variant_conflict,,https://www.visaton.de/en/products/drivers/fullrange-systems/sc-59-8-ohm
d9e2b5a254e12bd65e895a19,Visaton,SC 5.9,8,Power_W,10,10,published_matches,,unchanged,,https://www.visaton.de/en/products/drivers/fullrange-systems/sc-59-8-ohm
d9e2b5a254e12bd65e895a19,Visaton,SC 5.9,8,XO_min_Hz,,,not_present_in_either,,unchanged,,https://www.visaton.de/en/products/drivers/fullrange-systems/sc-59-8-ohm
d9e2b5a254e12bd65e895a19,Visaton,SC 5.9,8,Freq_low_Hz,,130,published_missing_in_library,,withheld_source_or_variant_conflict,,https://www.visaton.de/en/products/drivers/fullrange-systems/sc-59-8-ohm
4c6a07e540c99362f4c289e4,Visaton,W130X,4,Z_ohm,4,4,published_matches,,unchanged,"Single-coil 4-ohm connection, other coil open. Linear excursion is explicitly 5.8 mm one-way at 10% THD.",https://www.visaton.de/en/products/drivers/woofers/w-130-x-2-x-4-ohm
4c6a07e540c99362f4c289e4,Visaton,W130X,4,Size_in,,5,published_missing_in_library,5,correction_proposed,"Single-coil 4-ohm connection, other coil open. Linear excursion is explicitly 5.8 mm one-way at 10% THD.",https://www.visaton.de/en/products/drivers/woofers/w-130-x-2-x-4-ohm
4c6a07e540c99362f4c289e4,Visaton,W130X,4,Throat_in,,,not_present_in_either,,unchanged,"Single-coil 4-ohm connection, other coil open. Linear excursion is explicitly 5.8 mm one-way at 10% THD.",https://www.visaton.de/en/products/drivers/woofers/w-130-x-2-x-4-ohm
4c6a07e540c99362f4c289e4,Visaton,W130X,4,Diameter_mm,,,not_present_in_either,,unchanged,"Single-coil 4-ohm connection, other coil open. Linear excursion is explicitly 5.8 mm one-way at 10% THD.",https://www.visaton.de/en/products/drivers/woofers/w-130-x-2-x-4-ohm
4c6a07e540c99362f4c289e4,Visaton,W130X,4,Sd_cm2,94.2,94.2,published_matches,,unchanged,"Single-coil 4-ohm connection, other coil open. Linear excursion is explicitly 5.8 mm one-way at 10% THD.",https://www.visaton.de/en/products/drivers/woofers/w-130-x-2-x-4-ohm
4c6a07e540c99362f4c289e4,Visaton,W130X,4,Bl_Tm,6.5,6.5,published_matches,,unchanged,"Single-coil 4-ohm connection, other coil open. Linear excursion is explicitly 5.8 mm one-way at 10% THD.",https://www.visaton.de/en/products/drivers/woofers/w-130-x-2-x-4-ohm
4c6a07e540c99362f4c289e4,Visaton,W130X,4,Re_ohm,2,3.8,published_differs,3.8,correction_proposed,"Single-coil 4-ohm connection, other coil open. Linear excursion is explicitly 5.8 mm one-way at 10% THD.",https://www.visaton.de/en/products/drivers/woofers/w-130-x-2-x-4-ohm
4c6a07e540c99362f4c289e4,Visaton,W130X,4,Le_mH,0.69,0.77,published_differs,0.77,correction_proposed,"Single-coil 4-ohm connection, other coil open. Linear excursion is explicitly 5.8 mm one-way at 10% THD.",https://www.visaton.de/en/products/drivers/woofers/w-130-x-2-x-4-ohm
4c6a07e540c99362f4c289e4,Visaton,W130X,4,Le2_mH,,,not_present_in_either,,unchanged,"Single-coil 4-ohm connection, other coil open. Linear excursion is explicitly 5.8 mm one-way at 10% THD.",https://www.visaton.de/en/products/drivers/woofers/w-130-x-2-x-4-ohm
4c6a07e540c99362f4c289e4,Visaton,W130X,4,Re2_ohm,,,not_present_in_either,,unchanged,"Single-coil 4-ohm connection, other coil open. Linear excursion is explicitly 5.8 mm one-way at 10% THD.",https://www.visaton.de/en/products/drivers/woofers/w-130-x-2-x-4-ohm
4c6a07e540c99362f4c289e4,Visaton,W130X,4,Mms_g,37,37,published_matches,,unchanged,"Single-coil 4-ohm connection, other coil open. Linear excursion is explicitly 5.8 mm one-way at 10% THD.",https://www.visaton.de/en/products/drivers/woofers/w-130-x-2-x-4-ohm
4c6a07e540c99362f4c289e4,Visaton,W130X,4,Mmd_g,,,not_present_in_either,,unchanged,"Single-coil 4-ohm connection, other coil open. Linear excursion is explicitly 5.8 mm one-way at 10% THD.",https://www.visaton.de/en/products/drivers/woofers/w-130-x-2-x-4-ohm
4c6a07e540c99362f4c289e4,Visaton,W130X,4,Fs_Hz,40,40,published_matches,,unchanged,"Single-coil 4-ohm connection, other coil open. Linear excursion is explicitly 5.8 mm one-way at 10% THD.",https://www.visaton.de/en/products/drivers/woofers/w-130-x-2-x-4-ohm
4c6a07e540c99362f4c289e4,Visaton,W130X,4,Vas_L,5.1,5.1,published_matches,,unchanged,"Single-coil 4-ohm connection, other coil open. Linear excursion is explicitly 5.8 mm one-way at 10% THD.",https://www.visaton.de/en/products/drivers/woofers/w-130-x-2-x-4-ohm
4c6a07e540c99362f4c289e4,Visaton,W130X,4,Qms,4.27,4.27,published_matches,,unchanged,"Single-coil 4-ohm connection, other coil open. Linear excursion is explicitly 5.8 mm one-way at 10% THD.",https://www.visaton.de/en/products/drivers/woofers/w-130-x-2-x-4-ohm
4c6a07e540c99362f4c289e4,Visaton,W130X,4,Qes,0.41,0.86,published_differs,0.86,correction_proposed,"Single-coil 4-ohm connection, other coil open. Linear excursion is explicitly 5.8 mm one-way at 10% THD.",https://www.visaton.de/en/products/drivers/woofers/w-130-x-2-x-4-ohm
4c6a07e540c99362f4c289e4,Visaton,W130X,4,Qts,0.71,0.71,published_matches,,unchanged,"Single-coil 4-ohm connection, other coil open. Linear excursion is explicitly 5.8 mm one-way at 10% THD.",https://www.visaton.de/en/products/drivers/woofers/w-130-x-2-x-4-ohm
4c6a07e540c99362f4c289e4,Visaton,W130X,4,Cms_mm_per_N,0.448,,not_published_in_accessed_source,,unchanged,"Single-coil 4-ohm connection, other coil open. Linear excursion is explicitly 5.8 mm one-way at 10% THD.",https://www.visaton.de/en/products/drivers/woofers/w-130-x-2-x-4-ohm
4c6a07e540c99362f4c289e4,Visaton,W130X,4,Rms_kg_per_s,,,not_present_in_either,,unchanged,"Single-coil 4-ohm connection, other coil open. Linear excursion is explicitly 5.8 mm one-way at 10% THD.",https://www.visaton.de/en/products/drivers/woofers/w-130-x-2-x-4-ohm
4c6a07e540c99362f4c289e4,Visaton,W130X,4,Xmax_mm,3,5.8,published_differs,5.8,correction_proposed,"Single-coil 4-ohm connection, other coil open. Linear excursion is explicitly 5.8 mm one-way at 10% THD.",https://www.visaton.de/en/products/drivers/woofers/w-130-x-2-x-4-ohm
4c6a07e540c99362f4c289e4,Visaton,W130X,4,Sensitivity_dB,78,78,published_matches,,unchanged,"Single-coil 4-ohm connection, other coil open. Linear excursion is explicitly 5.8 mm one-way at 10% THD.",https://www.visaton.de/en/products/drivers/woofers/w-130-x-2-x-4-ohm
4c6a07e540c99362f4c289e4,Visaton,W130X,4,Power_W,60,60,published_matches,,unchanged,"Single-coil 4-ohm connection, other coil open. Linear excursion is explicitly 5.8 mm one-way at 10% THD.",https://www.visaton.de/en/products/drivers/woofers/w-130-x-2-x-4-ohm
4c6a07e540c99362f4c289e4,Visaton,W130X,4,XO_min_Hz,,,not_present_in_either,,unchanged,"Single-coil 4-ohm connection, other coil open. Linear excursion is explicitly 5.8 mm one-way at 10% THD.",https://www.visaton.de/en/products/drivers/woofers/w-130-x-2-x-4-ohm
4c6a07e540c99362f4c289e4,Visaton,W130X,4,Freq_low_Hz,,,not_present_in_either,,unchanged,"Single-coil 4-ohm connection, other coil open. Linear excursion is explicitly 5.8 mm one-way at 10% THD.",https://www.visaton.de/en/products/drivers/woofers/w-130-x-2-x-4-ohm
45a105a42e6c03ac5547e9b0,Visaton,W200S,4.0,Z_ohm,4.0,4,published_matches,,unchanged,,https://www.visaton.de/en/products/drivers/woofers/w-200-s-4-ohm
45a105a42e6c03ac5547e9b0,Visaton,W200S,4.0,Size_in,8,8,published_matches,,unchanged,,https://www.visaton.de/en/products/drivers/woofers/w-200-s-4-ohm
45a105a42e6c03ac5547e9b0,Visaton,W200S,4.0,Throat_in,,,not_present_in_either,,unchanged,,https://www.visaton.de/en/products/drivers/woofers/w-200-s-4-ohm
45a105a42e6c03ac5547e9b0,Visaton,W200S,4.0,Diameter_mm,,,not_present_in_either,,unchanged,,https://www.visaton.de/en/products/drivers/woofers/w-200-s-4-ohm
45a105a42e6c03ac5547e9b0,Visaton,W200S,4.0,Sd_cm2,214,214,published_matches,,unchanged,,https://www.visaton.de/en/products/drivers/woofers/w-200-s-4-ohm
45a105a42e6c03ac5547e9b0,Visaton,W200S,4.0,Bl_Tm,7.7,7.7,published_matches,,unchanged,,https://www.visaton.de/en/products/drivers/woofers/w-200-s-4-ohm
45a105a42e6c03ac5547e9b0,Visaton,W200S,4.0,Re_ohm,3.4,3.4,published_matches,,unchanged,,https://www.visaton.de/en/products/drivers/woofers/w-200-s-4-ohm
45a105a42e6c03ac5547e9b0,Visaton,W200S,4.0,Le_mH,1.5,1.5,published_matches,,unchanged,,https://www.visaton.de/en/products/drivers/woofers/w-200-s-4-ohm
45a105a42e6c03ac5547e9b0,Visaton,W200S,4.0,Le2_mH,,,not_present_in_either,,unchanged,,https://www.visaton.de/en/products/drivers/woofers/w-200-s-4-ohm
45a105a42e6c03ac5547e9b0,Visaton,W200S,4.0,Re2_ohm,,,not_present_in_either,,unchanged,,https://www.visaton.de/en/products/drivers/woofers/w-200-s-4-ohm
45a105a42e6c03ac5547e9b0,Visaton,W200S,4.0,Mms_g,28,28,published_matches,,unchanged,,https://www.visaton.de/en/products/drivers/woofers/w-200-s-4-ohm
45a105a42e6c03ac5547e9b0,Visaton,W200S,4.0,Mmd_g,,,not_present_in_either,,unchanged,,https://www.visaton.de/en/products/drivers/woofers/w-200-s-4-ohm
45a105a42e6c03ac5547e9b0,Visaton,W200S,4.0,Fs_Hz,29,29,published_matches,,unchanged,,https://www.visaton.de/en/products/drivers/woofers/w-200-s-4-ohm
45a105a42e6c03ac5547e9b0,Visaton,W200S,4.0,Vas_L,65,65,published_matches,,unchanged,,https://www.visaton.de/en/products/drivers/woofers/w-200-s-4-ohm
45a105a42e6c03ac5547e9b0,Visaton,W200S,4.0,Qms,3.99,3.99,published_matches,,unchanged,,https://www.visaton.de/en/products/drivers/woofers/w-200-s-4-ohm
45a105a42e6c03ac5547e9b0,Visaton,W200S,4.0,Qes,0.38,0.38,published_matches,,unchanged,,https://www.visaton.de/en/products/drivers/woofers/w-200-s-4-ohm
45a105a42e6c03ac5547e9b0,Visaton,W200S,4.0,Qts,0.35,0.35,published_matches,,unchanged,,https://www.visaton.de/en/products/drivers/woofers/w-200-s-4-ohm
45a105a42e6c03ac5547e9b0,Visaton,W200S,4.0,Cms_mm_per_N,,,not_present_in_either,,unchanged,,https://www.visaton.de/en/products/drivers/woofers/w-200-s-4-ohm
45a105a42e6c03ac5547e9b0,Visaton,W200S,4.0,Rms_kg_per_s,,,not_present_in_either,,unchanged,,https://www.visaton.de/en/products/drivers/woofers/w-200-s-4-ohm
45a105a42e6c03ac5547e9b0,Visaton,W200S,4.0,Xmax_mm,3.5,,original_retained_not_verified_for_field_definition,,unchanged,"Source excursion limit is mechanical, not an independently published linear Xmax; original Xmax retained and not verified as linear.",https://www.visaton.de/en/products/drivers/woofers/w-200-s-4-ohm
45a105a42e6c03ac5547e9b0,Visaton,W200S,4.0,Sensitivity_dB,91,88,published_differs,,withheld_source_or_variant_conflict,,https://www.visaton.de/en/products/drivers/woofers/w-200-s-4-ohm
45a105a42e6c03ac5547e9b0,Visaton,W200S,4.0,Power_W,75,75,published_matches,,unchanged,,https://www.visaton.de/en/products/drivers/woofers/w-200-s-4-ohm
45a105a42e6c03ac5547e9b0,Visaton,W200S,4.0,XO_min_Hz,,,not_present_in_either,,unchanged,,https://www.visaton.de/en/products/drivers/woofers/w-200-s-4-ohm
45a105a42e6c03ac5547e9b0,Visaton,W200S,4.0,Freq_low_Hz,,,not_present_in_either,,unchanged,,https://www.visaton.de/en/products/drivers/woofers/w-200-s-4-ohm
6d6a06b8349e9d2dc7abb0cd,Visaton,W250S,4.0,Z_ohm,4.0,4,published_matches,,unchanged,,https://www.visaton.de/en/products/drivers/woofers/w-250-s-4-ohm
6d6a06b8349e9d2dc7abb0cd,Visaton,W250S,4.0,Size_in,10,10,published_matches,,unchanged,,https://www.visaton.de/en/products/drivers/woofers/w-250-s-4-ohm
6d6a06b8349e9d2dc7abb0cd,Visaton,W250S,4.0,Throat_in,,,not_present_in_either,,unchanged,,https://www.visaton.de/en/products/drivers/woofers/w-250-s-4-ohm
6d6a06b8349e9d2dc7abb0cd,Visaton,W250S,4.0,Diameter_mm,,,not_present_in_either,,unchanged,,https://www.visaton.de/en/products/drivers/woofers/w-250-s-4-ohm
6d6a06b8349e9d2dc7abb0cd,Visaton,W250S,4.0,Sd_cm2,346,346,published_matches,,unchanged,,https://www.visaton.de/en/products/drivers/woofers/w-250-s-4-ohm
6d6a06b8349e9d2dc7abb0cd,Visaton,W250S,4.0,Bl_Tm,8.9,8.9,published_matches,,unchanged,,https://www.visaton.de/en/products/drivers/woofers/w-250-s-4-ohm
6d6a06b8349e9d2dc7abb0cd,Visaton,W250S,4.0,Re_ohm,3.6,3.6,published_matches,,unchanged,,https://www.visaton.de/en/products/drivers/woofers/w-250-s-4-ohm
6d6a06b8349e9d2dc7abb0cd,Visaton,W250S,4.0,Le_mH,0.9,0.9,published_matches,,unchanged,,https://www.visaton.de/en/products/drivers/woofers/w-250-s-4-ohm
6d6a06b8349e9d2dc7abb0cd,Visaton,W250S,4.0,Le2_mH,,,not_present_in_either,,unchanged,,https://www.visaton.de/en/products/drivers/woofers/w-250-s-4-ohm
6d6a06b8349e9d2dc7abb0cd,Visaton,W250S,4.0,Re2_ohm,,,not_present_in_either,,unchanged,,https://www.visaton.de/en/products/drivers/woofers/w-250-s-4-ohm
6d6a06b8349e9d2dc7abb0cd,Visaton,W250S,4.0,Mms_g,32,32,published_matches,,unchanged,,https://www.visaton.de/en/products/drivers/woofers/w-250-s-4-ohm
6d6a06b8349e9d2dc7abb0cd,Visaton,W250S,4.0,Mmd_g,,,not_present_in_either,,unchanged,,https://www.visaton.de/en/products/drivers/woofers/w-250-s-4-ohm
6d6a06b8349e9d2dc7abb0cd,Visaton,W250S,4.0,Fs_Hz,33,33,published_matches,,unchanged,,https://www.visaton.de/en/products/drivers/woofers/w-250-s-4-ohm
6d6a06b8349e9d2dc7abb0cd,Visaton,W250S,4.0,Vas_L,135,135,published_matches,,unchanged,,https://www.visaton.de/en/products/drivers/woofers/w-250-s-4-ohm
6d6a06b8349e9d2dc7abb0cd,Visaton,W250S,4.0,Qms,2.01,2.01,published_matches,,unchanged,,https://www.visaton.de/en/products/drivers/woofers/w-250-s-4-ohm
6d6a06b8349e9d2dc7abb0cd,Visaton,W250S,4.0,Qes,0.43,0.43,published_matches,,unchanged,,https://www.visaton.de/en/products/drivers/woofers/w-250-s-4-ohm
6d6a06b8349e9d2dc7abb0cd,Visaton,W250S,4.0,Qts,0.35,0.35,published_matches,,unchanged,,https://www.visaton.de/en/products/drivers/woofers/w-250-s-4-ohm
6d6a06b8349e9d2dc7abb0cd,Visaton,W250S,4.0,Cms_mm_per_N,0.795,,not_published_in_accessed_source,,unchanged,,https://www.visaton.de/en/products/drivers/woofers/w-250-s-4-ohm
6d6a06b8349e9d2dc7abb0cd,Visaton,W250S,4.0,Rms_kg_per_s,,,not_present_in_either,,unchanged,,https://www.visaton.de/en/products/drivers/woofers/w-250-s-4-ohm
6d6a06b8349e9d2dc7abb0cd,Visaton,W250S,4.0,Xmax_mm,5,,original_retained_not_verified_for_field_definition,,unchanged,"Source excursion limit is mechanical, not an independently published linear Xmax; original Xmax retained and not verified as linear.",https://www.visaton.de/en/products/drivers/woofers/w-250-s-4-ohm
6d6a06b8349e9d2dc7abb0cd,Visaton,W250S,4.0,Sensitivity_dB,93,90,published_differs,,withheld_source_or_variant_conflict,,https://www.visaton.de/en/products/drivers/woofers/w-250-s-4-ohm
6d6a06b8349e9d2dc7abb0cd,Visaton,W250S,4.0,Power_W,100,100,published_matches,,unchanged,,https://www.visaton.de/en/products/drivers/woofers/w-250-s-4-ohm
6d6a06b8349e9d2dc7abb0cd,Visaton,W250S,4.0,XO_min_Hz,,,not_present_in_either,,unchanged,,https://www.visaton.de/en/products/drivers/woofers/w-250-s-4-ohm
6d6a06b8349e9d2dc7abb0cd,Visaton,W250S,4.0,Freq_low_Hz,,,not_present_in_either,,unchanged,,https://www.visaton.de/en/products/drivers/woofers/w-250-s-4-ohm
b1fd3605befaa415a5410ad2,Visaton,W250S,8.0,Z_ohm,8.0,8,published_matches,,unchanged,,https://www.visaton.de/en/products/drivers/woofers/w-250-s-8-ohm
b1fd3605befaa415a5410ad2,Visaton,W250S,8.0,Size_in,10,10,published_matches,,unchanged,,https://www.visaton.de/en/products/drivers/woofers/w-250-s-8-ohm
b1fd3605befaa415a5410ad2,Visaton,W250S,8.0,Throat_in,,,not_present_in_either,,unchanged,,https://www.visaton.de/en/products/drivers/woofers/w-250-s-8-ohm
b1fd3605befaa415a5410ad2,Visaton,W250S,8.0,Diameter_mm,,,not_present_in_either,,unchanged,,https://www.visaton.de/en/products/drivers/woofers/w-250-s-8-ohm
b1fd3605befaa415a5410ad2,Visaton,W250S,8.0,Sd_cm2,346,346,published_matches,,unchanged,,https://www.visaton.de/en/products/drivers/woofers/w-250-s-8-ohm
b1fd3605befaa415a5410ad2,Visaton,W250S,8.0,Bl_Tm,9.2,9.2,published_matches,,unchanged,,https://www.visaton.de/en/products/drivers/woofers/w-250-s-8-ohm
b1fd3605befaa415a5410ad2,Visaton,W250S,8.0,Re_ohm,6.6,6.6,published_matches,,unchanged,,https://www.visaton.de/en/products/drivers/woofers/w-250-s-8-ohm
b1fd3605befaa415a5410ad2,Visaton,W250S,8.0,Le_mH,1.5,1.5,published_matches,,unchanged,,https://www.visaton.de/en/products/drivers/woofers/w-250-s-8-ohm
b1fd3605befaa415a5410ad2,Visaton,W250S,8.0,Le2_mH,,,not_present_in_either,,unchanged,,https://www.visaton.de/en/products/drivers/woofers/w-250-s-8-ohm
b1fd3605befaa415a5410ad2,Visaton,W250S,8.0,Re2_ohm,,,not_present_in_either,,unchanged,,https://www.visaton.de/en/products/drivers/woofers/w-250-s-8-ohm
b1fd3605befaa415a5410ad2,Visaton,W250S,8.0,Mms_g,38,38,published_matches,,unchanged,,https://www.visaton.de/en/products/drivers/woofers/w-250-s-8-ohm
b1fd3605befaa415a5410ad2,Visaton,W250S,8.0,Mmd_g,,,not_present_in_either,,unchanged,,https://www.visaton.de/en/products/drivers/woofers/w-250-s-8-ohm
b1fd3605befaa415a5410ad2,Visaton,W250S,8.0,Fs_Hz,31,31,published_matches,,unchanged,,https://www.visaton.de/en/products/drivers/woofers/w-250-s-8-ohm
b1fd3605befaa415a5410ad2,Visaton,W250S,8.0,Vas_L,121,121,published_matches,,unchanged,,https://www.visaton.de/en/products/drivers/woofers/w-250-s-8-ohm
b1fd3605befaa415a5410ad2,Visaton,W250S,8.0,Qms,1.88,1.88,published_matches,,unchanged,,https://www.visaton.de/en/products/drivers/woofers/w-250-s-8-ohm
b1fd3605befaa415a5410ad2,Visaton,W250S,8.0,Qes,0.39,0.39,published_matches,,unchanged,,https://www.visaton.de/en/products/drivers/woofers/w-250-s-8-ohm
b1fd3605befaa415a5410ad2,Visaton,W250S,8.0,Qts,0.32,0.32,published_matches,,unchanged,,https://www.visaton.de/en/products/drivers/woofers/w-250-s-8-ohm
b1fd3605befaa415a5410ad2,Visaton,W250S,8.0,Cms_mm_per_N,0.713,,not_published_in_accessed_source,,unchanged,,https://www.visaton.de/en/products/drivers/woofers/w-250-s-8-ohm
b1fd3605befaa415a5410ad2,Visaton,W250S,8.0,Rms_kg_per_s,,,not_present_in_either,,unchanged,,https://www.visaton.de/en/products/drivers/woofers/w-250-s-8-ohm
b1fd3605befaa415a5410ad2,Visaton,W250S,8.0,Xmax_mm,5,,original_retained_not_verified_for_field_definition,,unchanged,"Source excursion limit is mechanical, not an independently published linear Xmax; original Xmax retained and not verified as linear.",https://www.visaton.de/en/products/drivers/woofers/w-250-s-8-ohm
b1fd3605befaa415a5410ad2,Visaton,W250S,8.0,Sensitivity_dB,90,90,published_matches,,unchanged,,https://www.visaton.de/en/products/drivers/woofers/w-250-s-8-ohm
b1fd3605befaa415a5410ad2,Visaton,W250S,8.0,Power_W,100,100,published_matches,,unchanged,,https://www.visaton.de/en/products/drivers/woofers/w-250-s-8-ohm
b1fd3605befaa415a5410ad2,Visaton,W250S,8.0,XO_min_Hz,,,not_present_in_either,,unchanged,,https://www.visaton.de/en/products/drivers/woofers/w-250-s-8-ohm
b1fd3605befaa415a5410ad2,Visaton,W250S,8.0,Freq_low_Hz,,,not_present_in_either,,unchanged,,https://www.visaton.de/en/products/drivers/woofers/w-250-s-8-ohm
2a088f44b8e56afb36cd7bba,Visaton,WS17E,8.0,Z_ohm,8.0,8,published_matches,,unchanged,,https://www.visaton.de/en/products/drivers/woofers/ws-17-e-8-ohm
2a088f44b8e56afb36cd7bba,Visaton,WS17E,8.0,Size_in,6.5,6.5,published_matches,,unchanged,,https://www.visaton.de/en/products/drivers/woofers/ws-17-e-8-ohm
2a088f44b8e56afb36cd7bba,Visaton,WS17E,8.0,Throat_in,,,not_present_in_either,,unchanged,,https://www.visaton.de/en/products/drivers/woofers/ws-17-e-8-ohm
2a088f44b8e56afb36cd7bba,Visaton,WS17E,8.0,Diameter_mm,,,not_present_in_either,,unchanged,,https://www.visaton.de/en/products/drivers/woofers/ws-17-e-8-ohm
2a088f44b8e56afb36cd7bba,Visaton,WS17E,8.0,Sd_cm2,143,143,published_matches,,unchanged,,https://www.visaton.de/en/products/drivers/woofers/ws-17-e-8-ohm
2a088f44b8e56afb36cd7bba,Visaton,WS17E,8.0,Bl_Tm,3.9,3.9,published_matches,,unchanged,,https://www.visaton.de/en/products/drivers/woofers/ws-17-e-8-ohm
2a088f44b8e56afb36cd7bba,Visaton,WS17E,8.0,Re_ohm,5.8,5.8,published_matches,,unchanged,,https://www.visaton.de/en/products/drivers/woofers/ws-17-e-8-ohm
2a088f44b8e56afb36cd7bba,Visaton,WS17E,8.0,Le_mH,0.9,0.9,published_matches,,unchanged,,https://www.visaton.de/en/products/drivers/woofers/ws-17-e-8-ohm
2a088f44b8e56afb36cd7bba,Visaton,WS17E,8.0,Le2_mH,,,not_present_in_either,,unchanged,,https://www.visaton.de/en/products/drivers/woofers/ws-17-e-8-ohm
2a088f44b8e56afb36cd7bba,Visaton,WS17E,8.0,Re2_ohm,,,not_present_in_either,,unchanged,,https://www.visaton.de/en/products/drivers/woofers/ws-17-e-8-ohm
2a088f44b8e56afb36cd7bba,Visaton,WS17E,8.0,Mms_g,16,16,published_matches,,unchanged,,https://www.visaton.de/en/products/drivers/woofers/ws-17-e-8-ohm
2a088f44b8e56afb36cd7bba,Visaton,WS17E,8.0,Mmd_g,,,not_present_in_either,,unchanged,,https://www.visaton.de/en/products/drivers/woofers/ws-17-e-8-ohm
2a088f44b8e56afb36cd7bba,Visaton,WS17E,8.0,Fs_Hz,45,45,published_matches,,unchanged,,https://www.visaton.de/en/products/drivers/woofers/ws-17-e-8-ohm
2a088f44b8e56afb36cd7bba,Visaton,WS17E,8.0,Vas_L,22,22,published_matches,,unchanged,,https://www.visaton.de/en/products/drivers/woofers/ws-17-e-8-ohm
2a088f44b8e56afb36cd7bba,Visaton,WS17E,8.0,Qms,2.2,2.2,published_matches,,unchanged,,https://www.visaton.de/en/products/drivers/woofers/ws-17-e-8-ohm
2a088f44b8e56afb36cd7bba,Visaton,WS17E,8.0,Qes,1.28,1.28,published_matches,,unchanged,,https://www.visaton.de/en/products/drivers/woofers/ws-17-e-8-ohm
2a088f44b8e56afb36cd7bba,Visaton,WS17E,8.0,Qts,0.81,0.81,published_matches,,unchanged,,https://www.visaton.de/en/products/drivers/woofers/ws-17-e-8-ohm
2a088f44b8e56afb36cd7bba,Visaton,WS17E,8.0,Cms_mm_per_N,0.759,,not_published_in_accessed_source,,unchanged,,https://www.visaton.de/en/products/drivers/woofers/ws-17-e-8-ohm
2a088f44b8e56afb36cd7bba,Visaton,WS17E,8.0,Rms_kg_per_s,,,not_present_in_either,,unchanged,,https://www.visaton.de/en/products/drivers/woofers/ws-17-e-8-ohm
2a088f44b8e56afb36cd7bba,Visaton,WS17E,8.0,Xmax_mm,3.5,,original_retained_not_verified_for_field_definition,,unchanged,"Source excursion limit is mechanical, not an independently published linear Xmax; original Xmax retained and not verified as linear.",https://www.visaton.de/en/products/drivers/woofers/ws-17-e-8-ohm
2a088f44b8e56afb36cd7bba,Visaton,WS17E,8.0,Sensitivity_dB,88,88,published_matches,,unchanged,,https://www.visaton.de/en/products/drivers/woofers/ws-17-e-8-ohm
2a088f44b8e56afb36cd7bba,Visaton,WS17E,8.0,Power_W,60,60,published_matches,,unchanged,,https://www.visaton.de/en/products/drivers/woofers/ws-17-e-8-ohm
2a088f44b8e56afb36cd7bba,Visaton,WS17E,8.0,XO_min_Hz,,,not_present_in_either,,unchanged,,https://www.visaton.de/en/products/drivers/woofers/ws-17-e-8-ohm
2a088f44b8e56afb36cd7bba,Visaton,WS17E,8.0,Freq_low_Hz,,,not_present_in_either,,unchanged,,https://www.visaton.de/en/products/drivers/woofers/ws-17-e-8-ohm
b1a65b78dac3073affd82e7d,Wavecor,SW215WA01,4,Z_ohm,4,4,published_matches,,unchanged,"Mms includes air load in free air, no baffle. Sensitivity: 2.83 V/1 m, infinite baffle. Le: 1 kHz. Power: 400 W long-term, IEC 268-5; continuous rating separately 150 W.",https://www.wavecor.com/html/sw215wa01_02.html
b1a65b78dac3073affd82e7d,Wavecor,SW215WA01,4,Size_in,9,8.5,published_differs,8.5,correction_proposed,"Mms includes air load in free air, no baffle. Sensitivity: 2.83 V/1 m, infinite baffle. Le: 1 kHz. Power: 400 W long-term, IEC 268-5; continuous rating separately 150 W.",https://www.wavecor.com/html/sw215wa01_02.html
b1a65b78dac3073affd82e7d,Wavecor,SW215WA01,4,Throat_in,,,not_present_in_either,,unchanged,"Mms includes air load in free air, no baffle. Sensitivity: 2.83 V/1 m, infinite baffle. Le: 1 kHz. Power: 400 W long-term, IEC 268-5; continuous rating separately 150 W.",https://www.wavecor.com/html/sw215wa01_02.html
b1a65b78dac3073affd82e7d,Wavecor,SW215WA01,4,Diameter_mm,,,not_present_in_either,,unchanged,"Mms includes air load in free air, no baffle. Sensitivity: 2.83 V/1 m, infinite baffle. Le: 1 kHz. Power: 400 W long-term, IEC 268-5; continuous rating separately 150 W.",https://www.wavecor.com/html/sw215wa01_02.html
b1a65b78dac3073affd82e7d,Wavecor,SW215WA01,4,Sd_cm2,206,206,published_matches,,unchanged,"Mms includes air load in free air, no baffle. Sensitivity: 2.83 V/1 m, infinite baffle. Le: 1 kHz. Power: 400 W long-term, IEC 268-5; continuous rating separately 150 W.",https://www.wavecor.com/html/sw215wa01_02.html
b1a65b78dac3073affd82e7d,Wavecor,SW215WA01,4,Bl_Tm,8.45,8.45,published_matches,,unchanged,"Mms includes air load in free air, no baffle. Sensitivity: 2.83 V/1 m, infinite baffle. Le: 1 kHz. Power: 400 W long-term, IEC 268-5; continuous rating separately 150 W.",https://www.wavecor.com/html/sw215wa01_02.html
b1a65b78dac3073affd82e7d,Wavecor,SW215WA01,4,Re_ohm,3.3,3.3,published_matches,,unchanged,"Mms includes air load in free air, no baffle. Sensitivity: 2.83 V/1 m, infinite baffle. Le: 1 kHz. Power: 400 W long-term, IEC 268-5; continuous rating separately 150 W.",https://www.wavecor.com/html/sw215wa01_02.html
b1a65b78dac3073affd82e7d,Wavecor,SW215WA01,4,Le_mH,1.2,1.2,published_matches,,unchanged,"Mms includes air load in free air, no baffle. Sensitivity: 2.83 V/1 m, infinite baffle. Le: 1 kHz. Power: 400 W long-term, IEC 268-5; continuous rating separately 150 W.",https://www.wavecor.com/html/sw215wa01_02.html
b1a65b78dac3073affd82e7d,Wavecor,SW215WA01,4,Le2_mH,,,not_present_in_either,,unchanged,"Mms includes air load in free air, no baffle. Sensitivity: 2.83 V/1 m, infinite baffle. Le: 1 kHz. Power: 400 W long-term, IEC 268-5; continuous rating separately 150 W.",https://www.wavecor.com/html/sw215wa01_02.html
b1a65b78dac3073affd82e7d,Wavecor,SW215WA01,4,Re2_ohm,,,not_present_in_either,,unchanged,"Mms includes air load in free air, no baffle. Sensitivity: 2.83 V/1 m, infinite baffle. Le: 1 kHz. Power: 400 W long-term, IEC 268-5; continuous rating separately 150 W.",https://www.wavecor.com/html/sw215wa01_02.html
b1a65b78dac3073affd82e7d,Wavecor,SW215WA01,4,Mms_g,53,53,published_matches,,unchanged,"Mms includes air load in free air, no baffle. Sensitivity: 2.83 V/1 m, infinite baffle. Le: 1 kHz. Power: 400 W long-term, IEC 268-5; continuous rating separately 150 W.",https://www.wavecor.com/html/sw215wa01_02.html
b1a65b78dac3073affd82e7d,Wavecor,SW215WA01,4,Mmd_g,,,not_present_in_either,,unchanged,"Mms includes air load in free air, no baffle. Sensitivity: 2.83 V/1 m, infinite baffle. Le: 1 kHz. Power: 400 W long-term, IEC 268-5; continuous rating separately 150 W.",https://www.wavecor.com/html/sw215wa01_02.html
b1a65b78dac3073affd82e7d,Wavecor,SW215WA01,4,Fs_Hz,33,33,published_matches,,unchanged,"Mms includes air load in free air, no baffle. Sensitivity: 2.83 V/1 m, infinite baffle. Le: 1 kHz. Power: 400 W long-term, IEC 268-5; continuous rating separately 150 W.",https://www.wavecor.com/html/sw215wa01_02.html
b1a65b78dac3073affd82e7d,Wavecor,SW215WA01,4,Vas_L,26.05149886,26,published_differs,26,correction_proposed,"Mms includes air load in free air, no baffle. Sensitivity: 2.83 V/1 m, infinite baffle. Le: 1 kHz. Power: 400 W long-term, IEC 268-5; continuous rating separately 150 W.",https://www.wavecor.com/html/sw215wa01_02.html
b1a65b78dac3073affd82e7d,Wavecor,SW215WA01,4,Qms,11,11,published_matches,,unchanged,"Mms includes air load in free air, no baffle. Sensitivity: 2.83 V/1 m, infinite baffle. Le: 1 kHz. Power: 400 W long-term, IEC 268-5; continuous rating separately 150 W.",https://www.wavecor.com/html/sw215wa01_02.html
b1a65b78dac3073affd82e7d,Wavecor,SW215WA01,4,Qes,0.51,0.51,published_matches,,unchanged,"Mms includes air load in free air, no baffle. Sensitivity: 2.83 V/1 m, infinite baffle. Le: 1 kHz. Power: 400 W long-term, IEC 268-5; continuous rating separately 150 W.",https://www.wavecor.com/html/sw215wa01_02.html
b1a65b78dac3073affd82e7d,Wavecor,SW215WA01,4,Qts,0.49,0.49,published_matches,,unchanged,"Mms includes air load in free air, no baffle. Sensitivity: 2.83 V/1 m, infinite baffle. Le: 1 kHz. Power: 400 W long-term, IEC 268-5; continuous rating separately 150 W.",https://www.wavecor.com/html/sw215wa01_02.html
b1a65b78dac3073affd82e7d,Wavecor,SW215WA01,4,Cms_mm_per_N,0.54,0.43,published_differs,0.43,correction_proposed,"Mms includes air load in free air, no baffle. Sensitivity: 2.83 V/1 m, infinite baffle. Le: 1 kHz. Power: 400 W long-term, IEC 268-5; continuous rating separately 150 W.",https://www.wavecor.com/html/sw215wa01_02.html
b1a65b78dac3073affd82e7d,Wavecor,SW215WA01,4,Rms_kg_per_s,,1,published_missing_in_library,1,correction_proposed,"Mms includes air load in free air, no baffle. Sensitivity: 2.83 V/1 m, infinite baffle. Le: 1 kHz. Power: 400 W long-term, IEC 268-5; continuous rating separately 150 W.",https://www.wavecor.com/html/sw215wa01_02.html
b1a65b78dac3073affd82e7d,Wavecor,SW215WA01,4,Xmax_mm,10,10,published_matches,,unchanged,"Mms includes air load in free air, no baffle. Sensitivity: 2.83 V/1 m, infinite baffle. Le: 1 kHz. Power: 400 W long-term, IEC 268-5; continuous rating separately 150 W.",https://www.wavecor.com/html/sw215wa01_02.html
b1a65b78dac3073affd82e7d,Wavecor,SW215WA01,4,Sensitivity_dB,,88.5,published_missing_in_library,88.5,correction_proposed,"Mms includes air load in free air, no baffle. Sensitivity: 2.83 V/1 m, infinite baffle. Le: 1 kHz. Power: 400 W long-term, IEC 268-5; continuous rating separately 150 W.",https://www.wavecor.com/html/sw215wa01_02.html
b1a65b78dac3073affd82e7d,Wavecor,SW215WA01,4,Power_W,400,400,published_matches,,unchanged,"Mms includes air load in free air, no baffle. Sensitivity: 2.83 V/1 m, infinite baffle. Le: 1 kHz. Power: 400 W long-term, IEC 268-5; continuous rating separately 150 W.",https://www.wavecor.com/html/sw215wa01_02.html
b1a65b78dac3073affd82e7d,Wavecor,SW215WA01,4,XO_min_Hz,,,not_present_in_either,,unchanged,"Mms includes air load in free air, no baffle. Sensitivity: 2.83 V/1 m, infinite baffle. Le: 1 kHz. Power: 400 W long-term, IEC 268-5; continuous rating separately 150 W.",https://www.wavecor.com/html/sw215wa01_02.html
b1a65b78dac3073affd82e7d,Wavecor,SW215WA01,4,Freq_low_Hz,,,not_present_in_either,,unchanged,"Mms includes air load in free air, no baffle. Sensitivity: 2.83 V/1 m, infinite baffle. Le: 1 kHz. Power: 400 W long-term, IEC 268-5; continuous rating separately 150 W.",https://www.wavecor.com/html/sw215wa01_02.html
a41dda7db1f3bc71bcd964c8,Wavecor,WF168WA02,8,Z_ohm,8,8,published_matches,,unchanged,"Mms includes air load in free air, no baffle. Sensitivity: 2.83 V/1 m, infinite baffle. Le: 10 kHz, not 1 kHz. Power: 60 W continuous, IEC 268-5.",https://www.wavecor.com/html/wf168wa01_02.html
a41dda7db1f3bc71bcd964c8,Wavecor,WF168WA02,8,Size_in,6.5,6.5,published_matches,,unchanged,"Mms includes air load in free air, no baffle. Sensitivity: 2.83 V/1 m, infinite baffle. Le: 10 kHz, not 1 kHz. Power: 60 W continuous, IEC 268-5.",https://www.wavecor.com/html/wf168wa01_02.html
a41dda7db1f3bc71bcd964c8,Wavecor,WF168WA02,8,Throat_in,,,not_present_in_either,,unchanged,"Mms includes air load in free air, no baffle. Sensitivity: 2.83 V/1 m, infinite baffle. Le: 10 kHz, not 1 kHz. Power: 60 W continuous, IEC 268-5.",https://www.wavecor.com/html/wf168wa01_02.html
a41dda7db1f3bc71bcd964c8,Wavecor,WF168WA02,8,Diameter_mm,,,not_present_in_either,,unchanged,"Mms includes air load in free air, no baffle. Sensitivity: 2.83 V/1 m, infinite baffle. Le: 10 kHz, not 1 kHz. Power: 60 W continuous, IEC 268-5.",https://www.wavecor.com/html/wf168wa01_02.html
a41dda7db1f3bc71bcd964c8,Wavecor,WF168WA02,8,Sd_cm2,139,139,published_matches,,unchanged,"Mms includes air load in free air, no baffle. Sensitivity: 2.83 V/1 m, infinite baffle. Le: 10 kHz, not 1 kHz. Power: 60 W continuous, IEC 268-5.",https://www.wavecor.com/html/wf168wa01_02.html
a41dda7db1f3bc71bcd964c8,Wavecor,WF168WA02,8,Bl_Tm,5.1,6.4,published_differs,6.4,correction_proposed,"Mms includes air load in free air, no baffle. Sensitivity: 2.83 V/1 m, infinite baffle. Le: 10 kHz, not 1 kHz. Power: 60 W continuous, IEC 268-5.",https://www.wavecor.com/html/wf168wa01_02.html
a41dda7db1f3bc71bcd964c8,Wavecor,WF168WA02,8,Re_ohm,6.3,6.3,published_matches,,unchanged,"Mms includes air load in free air, no baffle. Sensitivity: 2.83 V/1 m, infinite baffle. Le: 10 kHz, not 1 kHz. Power: 60 W continuous, IEC 268-5.",https://www.wavecor.com/html/wf168wa01_02.html
a41dda7db1f3bc71bcd964c8,Wavecor,WF168WA02,8,Le_mH,0.39,0.39,published_matches,,unchanged,"Mms includes air load in free air, no baffle. Sensitivity: 2.83 V/1 m, infinite baffle. Le: 10 kHz, not 1 kHz. Power: 60 W continuous, IEC 268-5.",https://www.wavecor.com/html/wf168wa01_02.html
a41dda7db1f3bc71bcd964c8,Wavecor,WF168WA02,8,Le2_mH,,,not_present_in_either,,unchanged,"Mms includes air load in free air, no baffle. Sensitivity: 2.83 V/1 m, infinite baffle. Le: 10 kHz, not 1 kHz. Power: 60 W continuous, IEC 268-5.",https://www.wavecor.com/html/wf168wa01_02.html
a41dda7db1f3bc71bcd964c8,Wavecor,WF168WA02,8,Re2_ohm,,,not_present_in_either,,unchanged,"Mms includes air load in free air, no baffle. Sensitivity: 2.83 V/1 m, infinite baffle. Le: 10 kHz, not 1 kHz. Power: 60 W continuous, IEC 268-5.",https://www.wavecor.com/html/wf168wa01_02.html
a41dda7db1f3bc71bcd964c8,Wavecor,WF168WA02,8,Mms_g,11.8,11.8,published_matches,,unchanged,"Mms includes air load in free air, no baffle. Sensitivity: 2.83 V/1 m, infinite baffle. Le: 10 kHz, not 1 kHz. Power: 60 W continuous, IEC 268-5.",https://www.wavecor.com/html/wf168wa01_02.html
a41dda7db1f3bc71bcd964c8,Wavecor,WF168WA02,8,Mmd_g,,,not_present_in_either,,unchanged,"Mms includes air load in free air, no baffle. Sensitivity: 2.83 V/1 m, infinite baffle. Le: 10 kHz, not 1 kHz. Power: 60 W continuous, IEC 268-5.",https://www.wavecor.com/html/wf168wa01_02.html
a41dda7db1f3bc71bcd964c8,Wavecor,WF168WA02,8,Fs_Hz,47.5,49,published_differs,49,correction_proposed,"Mms includes air load in free air, no baffle. Sensitivity: 2.83 V/1 m, infinite baffle. Le: 10 kHz, not 1 kHz. Power: 60 W continuous, IEC 268-5.",https://www.wavecor.com/html/wf168wa01_02.html
a41dda7db1f3bc71bcd964c8,Wavecor,WF168WA02,8,Vas_L,24.63565654,24.6,published_differs,24.6,correction_proposed,"Mms includes air load in free air, no baffle. Sensitivity: 2.83 V/1 m, infinite baffle. Le: 10 kHz, not 1 kHz. Power: 60 W continuous, IEC 268-5.",https://www.wavecor.com/html/wf168wa01_02.html
a41dda7db1f3bc71bcd964c8,Wavecor,WF168WA02,8,Qms,7,7.1,published_differs,7.1,correction_proposed,"Mms includes air load in free air, no baffle. Sensitivity: 2.83 V/1 m, infinite baffle. Le: 10 kHz, not 1 kHz. Power: 60 W continuous, IEC 268-5.",https://www.wavecor.com/html/wf168wa01_02.html
a41dda7db1f3bc71bcd964c8,Wavecor,WF168WA02,8,Qes,0.46,0.56,published_differs,0.56,correction_proposed,"Mms includes air load in free air, no baffle. Sensitivity: 2.83 V/1 m, infinite baffle. Le: 10 kHz, not 1 kHz. Power: 60 W continuous, IEC 268-5.",https://www.wavecor.com/html/wf168wa01_02.html
a41dda7db1f3bc71bcd964c8,Wavecor,WF168WA02,8,Qts,0.43,0.52,published_differs,0.52,correction_proposed,"Mms includes air load in free air, no baffle. Sensitivity: 2.83 V/1 m, infinite baffle. Le: 10 kHz, not 1 kHz. Power: 60 W continuous, IEC 268-5.",https://www.wavecor.com/html/wf168wa01_02.html
a41dda7db1f3bc71bcd964c8,Wavecor,WF168WA02,8,Cms_mm_per_N,0.9,0.9,published_matches,,unchanged,"Mms includes air load in free air, no baffle. Sensitivity: 2.83 V/1 m, infinite baffle. Le: 10 kHz, not 1 kHz. Power: 60 W continuous, IEC 268-5.",https://www.wavecor.com/html/wf168wa01_02.html
a41dda7db1f3bc71bcd964c8,Wavecor,WF168WA02,8,Rms_kg_per_s,,,not_present_in_either,,unchanged,"Mms includes air load in free air, no baffle. Sensitivity: 2.83 V/1 m, infinite baffle. Le: 10 kHz, not 1 kHz. Power: 60 W continuous, IEC 268-5.",https://www.wavecor.com/html/wf168wa01_02.html
a41dda7db1f3bc71bcd964c8,Wavecor,WF168WA02,8,Xmax_mm,3,,original_retained_not_verified_for_field_definition,,unchanged,No independently published Xmax in the accessed table; original retained. No voice-coil geometry back-calculation.,https://www.wavecor.com/html/wf168wa01_02.html
a41dda7db1f3bc71bcd964c8,Wavecor,WF168WA02,8,Sensitivity_dB,,89,published_missing_in_library,89,correction_proposed,"Mms includes air load in free air, no baffle. Sensitivity: 2.83 V/1 m, infinite baffle. Le: 10 kHz, not 1 kHz. Power: 60 W continuous, IEC 268-5.",https://www.wavecor.com/html/wf168wa01_02.html
a41dda7db1f3bc71bcd964c8,Wavecor,WF168WA02,8,Power_W,60,60,published_matches,,unchanged,"Mms includes air load in free air, no baffle. Sensitivity: 2.83 V/1 m, infinite baffle. Le: 10 kHz, not 1 kHz. Power: 60 W continuous, IEC 268-5.",https://www.wavecor.com/html/wf168wa01_02.html
a41dda7db1f3bc71bcd964c8,Wavecor,WF168WA02,8,XO_min_Hz,,,not_present_in_either,,unchanged,"Mms includes air load in free air, no baffle. Sensitivity: 2.83 V/1 m, infinite baffle. Le: 10 kHz, not 1 kHz. Power: 60 W continuous, IEC 268-5.",https://www.wavecor.com/html/wf168wa01_02.html
a41dda7db1f3bc71bcd964c8,Wavecor,WF168WA02,8,Freq_low_Hz,,,not_present_in_either,,unchanged,"Mms includes air load in free air, no baffle. Sensitivity: 2.83 V/1 m, infinite baffle. Le: 10 kHz, not 1 kHz. Power: 60 W continuous, IEC 268-5.",https://www.wavecor.com/html/wf168wa01_02.html
