{
  "fast": {
    "label": "FAST preset (BM=off, quad=4, wg=1)",
    "elapsed": 46.7593731880188,
    "per_freq": 4.67593731880188,
    "frequencies": [
      100.0,
      180.1648230654412,
      324.59363470201697,
      584.8035476425729,
      1053.6102768906644,
      1898.2350911593708,
      3419.951893353393,
      6161.55027758334,
      11100.946155696227,
      20000.000000000004
    ],
    "spl": [
      138.47482299804688,
      141.1507110595703,
      145.75555419921875,
      144.35104370117188,
      143.36314392089844,
      145.37599182128906,
      154.78482055664062,
      151.861083984375,
      162.6199188232422,
      165.34906005859375
    ],
    "failures": 0,
    "use_bm": false
  },
  "accurate": {
    "label": "ACCURATE preset (BM=on, quad=4, wg=1)",
    "elapsed": 71.73854804039001,
    "per_freq": 7.173854804039001,
    "frequencies": [
      100.0,
      180.1648230654412,
      324.59363470201697,
      584.8035476425729,
      1053.6102768906644,
      1898.2350911593708,
      3419.951893353393,
      6161.55027758334,
      11100.946155696227,
      20000.000000000004
    ],
    "spl": [
      143.51283264160156,
      142.99520874023438,
      145.9357147216797,
      143.14410400390625,
      144.41488647460938,
      147.40159606933594,
      153.73680114746094,
      149.77371215820312,
      159.8311309814453,
      163.5187530517578
    ],
    "failures": 0,
    "use_bm": true
  }
}