{
  "ath_spl": {
    "frequencies": [
      100.0,
      114.551497010871,
      131.220454674316,
      150.314995213901,
      172.188077249343,
      197.244020163358,
      225.945977861551,
      258.824500076258,
      296.487339468258,
      339.630685808593,
      389.052034902031,
      445.664930131534,
      510.515849118125,
      584.803547642573,
      669.901218397251,
      767.381874168117,
      879.047424649658,
      1006.96198437169,
      1153.49002742815,
      1321.34009429005,
      1513.61485861411,
      1733.86847952145,
      1986.17229949145,
      2275.1901022827,
      2606.26432200801,
      2985.5147969204,
      3419.95189335339,
      3917.60609088795,
      4487.67642410121,
      5140.70052481187,
      5888.74940801771,
      6745.65060210311,
      7727.24374783195,
      8851.67339082046,
      10139.7243796978,
      11615.2060697201,
      13305.3924337619,
      15241.5262160455,
      17459.3964477845,
      20000.0
    ],
    "spl": [
      93.98629820681121,
      93.98696592365185,
      93.98786114188461,
      93.98906393593505,
      93.99067979642736,
      93.99284050739811,
      93.99569339496482,
      93.9993660214955,
      94.00389668915511,
      94.0091526032306,
      94.01481823638143,
      94.02054084390991,
      94.0261668159875,
      94.03185078422426,
      94.03792448973682,
      94.04457984283545,
      94.05132703872178,
      94.05610906920758,
      94.05895036207005,
      94.06876786112664,
      94.07527076216735,
      94.08344706574482,
      94.10311459487674,
      94.10711654425724,
      94.08917700790376,
      94.07160190571098,
      94.08832338996517,
      94.1342935025367,
      94.11078727313351,
      94.10480011169975,
      94.1673161631478,
      94.13005387750738,
      94.20041005019675,
      94.10352843229336,
      94.28203992786109,
      94.12913849498833,
      94.19609257804038,
      94.3904895287991,
      93.9267912725394,
      95.23947855883678
    ]
  },
  "comparisons": [
    {
      "label": "BM=on, quad=4, wg=1 (Accurate)",
      "mean_abs_diff": 52.962040323089276,
      "max_abs_diff": 69.32308565754353,
      "rms_diff": 53.54622184374203,
      "diffs": [
        49.52653443479035,
        45.789285965051846,
        48.1045348014067,
        49.67400167642525,
        51.53243938154388,
        51.606507316922105,
        50.87275571138633,
        46.52024442432426,
        41.011984927037034,
        48.16967375925232,
        50.129365765162106,
        53.82766413976434,
        53.68679569131699,
        49.612714993034544,
        43.57130953049338,
        57.93029411569508,
        63.626349309677366,
        69.32308565754353,
        66.44599036803713,
        68.27927449292103
      ],
      "sim_spl": [
        143.51283264160156,
        139.77720642089844,
        142.09542846679688,
        143.6702423095703,
        145.53738403320312,
        145.6227569580078,
        144.900634765625,
        140.56051635742188,
        135.06524658203125,
        142.2331085205078,
        144.20880126953125,
        147.9330291748047,
        147.76515197753906,
        143.7318115234375,
        137.67776489257812,
        152.06861877441406,
        157.74606323242188,
        163.4693145751953,
        160.82557678222656,
        163.5187530517578
      ],
      "frequencies": [
        100.0,
        132.16207294336047,
        174.6681352468612,
        230.84502831376423,
        305.0895747061582,
        403.2127062657407,
        532.894270971826,
        704.2841151127737,
        930.796485943845,
        1230.1599307073393,
        1625.8048649414266,
        2148.6974115205894,
        2839.7630403459398,
        3753.0897008005923,
        4960.161148001828,
        6555.451794530402,
        8663.820982454095,
        11450.285406513141,
        15132.934551178858,
        20000.000000000004
      ],
      "elapsed": 148.67907905578613
    },
    {
      "label": "BM=off, quad=4, wg=1 (Fast)",
      "mean_abs_diff": 53.533443826507245,
      "max_abs_diff": 71.94247042316853,
      "rms_diff": 54.11484956331844,
      "diffs": [
        44.48852479123566,
        46.19184333809872,
        46.77648609535201,
        50.280309659823686,
        51.75424113935638,
        51.44828893313304,
        50.529448216269145,
        42.906078164558636,
        47.00574408231047,
        50.54722197702576,
        47.77844413430273,
        56.701550248162775,
        51.975781897371675,
        56.617780911003294,
        49.38940950607932,
        59.50452812448414,
        61.53269086241174,
        71.94247042316853,
        63.188452526240255,
        70.10958149975697
      ],
      "sim_spl": [
        138.47482299804688,
        140.1797637939453,
        140.7673797607422,
        144.27655029296875,
        145.75918579101562,
        145.46453857421875,
        144.5573272705078,
        136.94635009765625,
        141.0590057373047,
        144.61065673828125,
        141.85787963867188,
        150.80691528320312,
        146.05413818359375,
        150.73687744140625,
        143.49586486816406,
        153.64285278320312,
        155.65240478515625,
        166.0886993408203,
        157.5680389404297,
        165.34906005859375
      ],
      "frequencies": [
        100.0,
        132.16207294336047,
        174.6681352468612,
        230.84502831376423,
        305.0895747061582,
        403.2127062657407,
        532.894270971826,
        704.2841151127737,
        930.796485943845,
        1230.1599307073393,
        1625.8048649414266,
        2148.6974115205894,
        2839.7630403459398,
        3753.0897008005923,
        4960.161148001828,
        6555.451794530402,
        8663.820982454095,
        11450.285406513141,
        15132.934551178858,
        20000.000000000004
      ],
      "elapsed": 82.16320490837097
    },
    {
      "label": "BM=on, quad=3, wg=1",
      "mean_abs_diff": 56.386526864837336,
      "max_abs_diff": 83.29541663756838,
      "rms_diff": 57.37043854960283,
      "diffs": [
        44.2531579699466,
        46.52785713204403,
        48.1776549185942,
        51.107778531894,
        51.431029469434506,
        53.41801549563304,
        52.47276181490196,
        36.769603555183636,
        49.44628058133391,
        55.96062834909607,
        53.790483318873044,
        49.5226256876159,
        54.537610510652925,
        64.87275527623767,
        68.50694795822776,
        69.87696464792164,
        60.01505170225549,
        65.97837435383259,
        83.29541663756838,
        67.76953938549916
      ],
      "sim_spl": [
        138.2394561767578,
        140.51577758789062,
        142.16854858398438,
        145.10401916503906,
        145.43597412109375,
        147.43426513671875,
        146.50064086914062,
        130.80987548828125,
        143.49954223632812,
        150.02406311035156,
        147.8699188232422,
        143.62799072265625,
        148.615966796875,
        158.99185180664062,
        162.6134033203125,
        164.01528930664062,
        154.134765625,
        160.12460327148438,
        177.6750030517578,
        163.00901794433594
      ],
      "frequencies": [
        100.0,
        132.16207294336047,
        174.6681352468612,
        230.84502831376423,
        305.0895747061582,
        403.2127062657407,
        532.894270971826,
        704.2841151127737,
        930.796485943845,
        1230.1599307073393,
        1625.8048649414266,
        2148.6974115205894,
        2839.7630403459398,
        3753.0897008005923,
        4960.161148001828,
        6555.451794530402,
        8663.820982454095,
        11450.285406513141,
        15132.934551178858,
        20000.000000000004
      ],
      "elapsed": 115.55803608894348
    },
    {
      "label": "BM=on, quad=5, wg=1",
      "mean_abs_diff": 51.3796245516049,
      "max_abs_diff": 71.29970435729494,
      "rms_diff": 52.00005426487683,