row_id,manufacturer,model,Z_ohm,Size_in,Throat_in,Diameter_mm,Sd_cm2,Bl_Tm,Re_ohm,Le_mH,Le2_mH,Re2_ohm,Mms_g,Mmd_g,Fs_Hz,Vas_L,Qms,Qes,Qts,Cms_mm_per_N,Rms_kg_per_s,Xmax_mm,Sensitivity_dB,Power_W,XO_min_Hz,Freq_low_Hz,failing_checks,reliability_reasons,fs_stated,fs_computed,fs_difference_pct,qes_stated,qes_computed,qes_difference_pct,vas_stated,vas_computed,vas_difference_pct,qts_stated,qts_computed,qts_difference_pct,mass_correction_stated,mass_correction_computed,mass_correction_difference_pct,corrected_Z_ohm,corrected_Size_in,corrected_Throat_in,corrected_Diameter_mm,corrected_Sd_cm2,corrected_Bl_Tm,corrected_Re_ohm,corrected_Le_mH,corrected_Le2_mH,corrected_Re2_ohm,corrected_Mms_g,corrected_Mmd_g,corrected_Fs_Hz,corrected_Vas_L,corrected_Qms,corrected_Qes,corrected_Qts,corrected_Cms_mm_per_N,corrected_Rms_kg_per_s,corrected_Xmax_mm,corrected_Sensitivity_dB,corrected_Power_W,corrected_XO_min_Hz,corrected_Freq_low_Hz,correction_source,notes,hold_resolution
e7ff3230a06d8fe9f51f8592,18Sound,15W500,8.0,15,,,850,12.6,5.2,1.04,,,55,,50,189,9.64,0.55,0.52,,,4,107.5,350,,,coupling_failed,"coupling_failed: Mms free-air radiation-mass correction exceeds 50% of Mms (0.520), check Sd/Mms, stated Mms=55 g, computed Mmd=26.4198 g, radiation mass difference=51.96% (limit 50%)",50,49.940422105,0.119155789973,0.55,0.56594576652,2.89923027631,189,189,1.50379414976e-14,0.52,0.520314033366,0.0603910319317,55,26.4198263058,51.9639521713,,,,,,,,,,,,,,,,,,,,,,,,,,,
1da7a208ddad9cf4f8c69cb2,18Sound,18NLW9601,4,18,,,1295,25,2.7,,,,255,,38,111,6,0.29,0.28,,,14,96,1800,,,fs_inconsistent,"fs_inconsistent: stated=38 Hz, computed=46.1088 Hz, difference=21.34% (limit 20%)",38,46.108789278,21.3389191526,0.29,0.263019163507,9.3037367218,111,111,0,0.28,0.276629570747,1.20372473314,255,201.25462123,21.0766191253,,,,,,,,,,,,,,,,,,,,,,,,,,,
051239dda3f450ad64d52f48,18Sound,6ND410,16,6.5,,,143,13,10.6,,,,8.8,,149,6.2,4.14,0.55,0.48,,,2,102,180,,,fs_inconsistent,"fs_inconsistent: stated=149 Hz, computed=115.97 Hz, difference=22.17% (limit 20%)",149,115.969660701,22.1680129526,0.55,0.51673510824,6.04816213814,6.2,6.2,2.86509167645e-14,0.48,0.485501066098,1.1460554371,8.8,6.82784733183,22.4108257747,,,,,,,,,,,,,,,,,,,,,,,,,,,
4c24b74183fd5f0f9c5d3d5b,Altec,418-8H,8,15,,,825.8,15.3,5.5,,,,49.8,,44.8,242.4,2.65,0.33,0.293,,,1.3,101.8,150,,,coupling_failed,"coupling_failed: Mms free-air radiation-mass correction exceeds 50% of Mms (0.550), check Sd/Mms, stated Mms=49.8 g, computed Mmd=22.4316 g, radiation mass difference=54.96% (limit 50%)",44.8,45.0235182966,0.498924769085,0.33,0.329357117401,0.19481290864,242.4,242.4,1.17251276528e-14,0.293,0.293456375839,0.155759671988,49.8,22.4316387883,54.9565486178,,,,,,,,,,,,,,,,,,,,,,,,,,,
5d6bb7f0adc5ee79c3e4ab38,Altec,515-16G,16,15,,,847.3,25.1,11.3,,,,53.9,,37,345.5,5,0.225,0.215,,,3,99.4,75,,,coupling_failed,"coupling_failed: Mms free-air radiation-mass correction exceeds 50% of Mms (0.528), check Sd/Mms, stated Mms=53.9 g, computed Mmd=25.4559 g, radiation mass difference=52.77% (limit 50%)",37,37.1932670033,0.522343252261,0.225,0.224750857886,0.11072982854,345.5,345.5,1.64525090769e-14,0.215,0.215311004785,0.144653388227,53.9,25.4558942303,52.7719958621,,,,,,,,,,,,,,,,,,,,,,,,,,,
f6e63ec5cc419aafdce17239,Altec,515-8C,8,15,,,870.9,15.1,7.42,,,,55.7,,34.2,414.9,2.432,0.391,0.337,,,4.1,98.6,75,,,coupling_failed,"coupling_failed: Mms free-air radiation-mass correction exceeds 50% of Mms (0.532), check Sd/Mms, stated Mms=55.7 g, computed Mmd=26.0593 g, radiation mass difference=53.21% (limit 50%)",34.2,34.3174101617,0.34330456635,0.391,0.389503334772,0.382778830633,414.9,414.9,0,0.337,0.336844491676,0.0461449034058,55.7,26.0592689248,53.2149570471,,,,,,,,,,,,,,,,,,,,,,,,,,,
906e65adccf02d035ed3491b,Altec,515-8G,8,15,,,848.4,16.4,6.2,,,,53.2,,37,351.1,5,0.284,0.269,,,3.5,101.1,75,,,coupling_failed,"coupling_failed: Mms free-air radiation-mass correction exceeds 50% of Mms (0.536), check Sd/Mms, stated Mms=53.2 g, computed Mmd=24.7005 g, radiation mass difference=53.57% (limit 50%)",37,37.1856141709,0.501659921439,0.284,0.285100000534,0.387324131716,351.1,351.1,1.61900936659e-14,0.269,0.268735806207,0.0982133057923,53.2,24.7004852798,53.5705163913,,,,,,,,,,,,,,,,,,,,,,,,,,,
a280f6921d268da0b4a11cf6,Altec,515-8GHP,8,15,,,849.5,19.1,5.6,,,,54.6,,37,342.6,4.5,0.195,0.187,,,2.8,103,75,,,coupling_failed,"coupling_failed: Mms free-air radiation-mass correction exceeds 50% of Mms (0.523), check Sd/Mms, stated Mms=54.6 g, computed Mmd=26.045 g, radiation mass difference=52.30% (limit 50%)",37,37.2065080855,0.558129960788,0.195,0.194847809442,0.0780464402481,342.6,342.6,0,0.187,0.186900958466,0.0529633869232,54.6,26.0450403972,52.2984608109,,,,,,,,,,,,,,,,,,,,,,,,,,,
d924d8d9449bf732d172d2de,Altec,ER-15L,8,15,,,851.6,17.8,5.2,,,,56.5,,43,246.4,4.96,0.25,0.238,,,3.3,102.8,200,,,coupling_failed,"coupling_failed: Mms free-air radiation-mass correction exceeds 50% of Mms (0.507), check Sd/Mms, stated Mms=56.5 g, computed Mmd=27.8391 g, radiation mass difference=50.73% (limit 50%)",43,43.2351138561,0.546776409613,0.25,0.250530214808,0.212085923144,246.4,246.4,0,0.238,0.238003838772,0.0016129292408,56.5,27.8390913816,50.7272718909,,,,,,,,,,,,,,,,,,,,,,,,,,,
5ecf09ef2caced6d9b333318,Audax,Excitation 28V,4,12,,,530,5.4,3.6,,,,22.6,,148.6,20,19.95,2.63,2.324,,,0.5,99.4,80,,,coupling_failed,"coupling_failed: Mms free-air radiation-mass correction exceeds 50% of Mms (0.623), check Sd/Mms, stated Mms=22.6 g, computed Mmd=8.52818 g, radiation mass difference=62.26% (limit 50%)",148.6,149.331759458,0.492435705554,2.63,2.60508619855,0.947292830964,20,20,0,2.324,2.32367139061,0.0141398187969,22.6,8.52817972481,62.2646914831,,,,,,,,,,,,,,,,,,,,,,,,,,,
205d579c91a790e381919c92,Audax,F30PA12,8,15,,,670,7.3,6.8,,,,30.5,,78,86,8.3,1.93,1.566,,,1,95.9,50,,,coupling_failed,"coupling_failed: Mms free-air radiation-mass correction exceeds 50% of Mms (0.656), check Sd/Mms, stated Mms=30.5 g, computed Mmd=10.4991 g, radiation mass difference=65.58% (limit 50%)",78,78.3648284644,0.467728800492,1.93,1.90738122258,1.17195737926,86,86,0,1.566,1.56588465298,0.00736570999827,30.5,10.4991395664,65.5765915856,,,,,,,,,,,,,,,,,,,,,,,,,,,
427d925521503417ce12a7d9,Audax,HD33S66,8,12,,,517.2,9.7,6.16,,,,25.9,,28.8,441.3,2.286,0.309,0.272,,,9.9,98.5,150,,,coupling_failed,"coupling_failed: Mms free-air radiation-mass correction exceeds 50% of Mms (0.524), check Sd/Mms, stated Mms=25.9 g, computed Mmd=12.3349 g, radiation mass difference=52.38% (limit 50%)",28.8,28.9792539263,0.622409466392,0.309,0.306838155803,0.6996259538,441.3,441.3,0,0.272,0.272205780347,0.0756545392723,25.9,12.3348609585,52.3750542144,,,,,,,,,,,,,,,,,,,,,,,,,,,
9005840a201b1b8625f4c786,Audax,HIF24HS,4,10,,,344.7,4.5,2.72,,,,10.8,,67.6,85.3,2.447,0.63,0.501,,,2.5,102.9,30,,,coupling_failed,"coupling_failed: Mms free-air radiation-mass correction exceeds 50% of Mms (0.683), check Sd/Mms, stated Mms=10.8 g, computed Mmd=3.41929 g, radiation mass difference=68.34% (limit 50%)",67.6,68.0299920114,0.636082857113,0.63,0.616160986028,2.19666888451,85.3,85.3,0,0.501,0.501010724732,0.00214066504627,10.8,3.41928560059,68.3399481427,,,,,,,,,,,,,,,,,,,,,,,,,,,
decb1d65d12db9e4d8f61693,Audax,HIF24J37C-2CA12,8,10,,,339,6.5,7.24,,,,12.2,,40,208.3,2.93,0.53,0.449,,,4,96.4,40,,,coupling_failed,"coupling_failed: Mms free-air radiation-mass correction exceeds 50% of Mms (0.590), check Sd/Mms, stated Mms=12.2 g, computed Mmd=5.0016 g, radiation mass difference=59.00% (limit 50%)",40,40.2828953196,0.707238298963,0.53,0.525425980414,0.863022563348,208.3,208.3,0,0.449,0.448815028902,0.041196235694,12.2,5.00159922475,59.003285043,,,,,,,,,,,,,,,,,,,,,,,,,,,
4e5569d33fc1c430fe2278a5,Audax,PR380W0,8,15,,,892,23.3,4.9,,,,59.8,,50,189,2.22,0.17,0.158,,,3.2,105.5,350,,,coupling_failed,"coupling_failed: Mms free-air radiation-mass correction exceeds 50% of Mms (0.514), check Sd/Mms, stated Mms=59.8 g, computed Mmd=29.0756 g, radiation mass difference=51.38% (limit 50%)",50,50.2607413494,0.521482698729,0.17,0.169564640969,0.256093547834,189,189,0,0.158,0.157907949791,0.0582596260791,59.8,29.0755755,51.3786362876,,,,,,,,,,,,,,,,,,,,,,,,,,,
196ce3e4212b9a458a10e555,Audax,SON28-T5,8,10,,,350,5.8,4.3,,,,10.6,,38,285,4.2,0.32,0.297,,,1,101.6,30,,,coupling_failed,"coupling_failed: Mms free-air radiation-mass correction exceeds 50% of Mms (0.712), check Sd/Mms, stated Mms=10.6 g, computed Mmd=3.04841 g, radiation mass difference=71.24% (limit 50%)",38,38.1450520286,0.381715864773,0.32,0.323505596892,1.09549902875,285,285,1.99450592494e-14,0.297,0.297345132743,0.116206310897,10.6,3.04840758091,71.2414379159,,,,,,,,,,,,,,,,,,,,,,,,,,,
6b02d20099e2b40190f060a0,Audax,SON30H,8,15,,,670,7.3,6.8,,,,30.5,,78,86,8.3,1.93,1.566,,,0.7,95.9,25,,,coupling_failed,"coupling_failed: Mms free-air radiation-mass correction exceeds 50% of Mms (0.656), check Sd/Mms, stated Mms=30.5 g, computed Mmd=10.4991 g, radiation mass difference=65.58% (limit 50%)",78,78.3648284644,0.467728800492,1.93,1.90738122258,1.17195737926,86,86,0,1.566,1.56588465298,0.00736570999827,30.5,10.4991395664,65.5765915856,,,,,,,,,,,,,,,,,,,,,,,,,,,
80ccc3a30b9925b5f3b0e6e4,Audax,T24PR15,8,10,,,328.4,8.6,5.5,,,,11.7,,51.6,123,3.19,0.28,0.257,,,2,101.4,30,,,coupling_failed,"coupling_failed: Mms free-air radiation-mass correction exceeds 50% of Mms (0.587), check Sd/Mms, stated Mms=11.7 g, computed Mmd=4.83657 g, radiation mass difference=58.66% (limit 50%)",51.6,51.8564988733,0.497090839684,0.28,0.282085796175,0.744927205234,123,123,1.15535404189e-14,0.257,0.257406340058,0.158108971843,11.7,4.83657016939,58.661793424,,,,,,,,,,,,,,,,,,,,,,,,,,,
fc4c95ca7fe5be6823fdeb94,Audax,WOOFEX 34,8,15,,,754.8,20,6,,,,43.7,,26.6,653.8,1.92,0.11,0.104,,,4,103.7,100,,,coupling_failed,"coupling_failed: Mms free-air radiation-mass correction exceeds 50% of Mms (0.547), check Sd/Mms, stated Mms=43.7 g, computed Mmd=19.7842 g, radiation mass difference=54.73% (limit 50%)",26.6,26.7494123003,0.561700377139,0.11,0.109555503972,0.404087298568,653.8,653.8,1.73886261428e-14,0.104,0.104039408867,0.0378931413414,43.7,19.7842330614,54.727155466,,,,,,,,,,,,,,,,,,,,,,,,,,,
0ae2c309bb506d12fd23908d,Audio Dynamique,75IC,8,31.5,,,2996,26,5.99,,,,343.8,,15.2,4023.2,6.12,0.29,0.277,,,9,100.1,250,,,coupling_failed,"coupling_failed: Mms free-air radiation-mass correction exceeds 50% of Mms (0.550), check Sd/Mms, stated Mms=343.8 g, computed Mmd=154.675 g, radiation mass difference=55.01% (limit 50%)",15.2,15.259791208,0.393363210366,0.29,0.290944033314,0.325528729123,4023.2,4023.2,1.13031256434e-14,0.277,0.276879875195,0.0433663555929,343.8,154.674892089,55.010211725,,,,,,,,,,,,,,,,,,,,,,,,,,,
ae133a7fc8dbe96f2c285425,Aurum Cantus,AC-130F1,8,5.25,,,95,6.1,7,0.35,,,9.7,,35,35.96239517,3.1,0.3,0.27,2.84,,5,,60,,,qes_inconsistent,"qes_inconsistent: stated=0.3 , computed=0.40129 , difference=33.76% (limit 20%)",35,30.3232044766,13.362272924,0.3,0.401289703911,33.7632346369,35.96239517,36.3091721503,0.96427665243,0.27,0.273529411765,1.30718954248,9.7,8.63212140057,11.0090577261,,,,,,,,,,,,,,,,,,,,,,,,,,,
38f4076f094af301b42dbfba,Aurum Cantus,AC-180F1D,16,7,,,168,3.3,3.4,0.19,,,14.9,,37,77.02182273,3.47,0.71,0.59,1.93,,6,,100,,,qes_inconsistent,"qes_inconsistent: stated=0.71 , computed=1.08148 , difference=52.32% (limit 20%)",37,29.6789370696,19.7866565687,0.71,1.08148101042,52.3212690734,77.02182273,77.1661208812,0.187347099885,0.59,0.589401913876,0.10137052956,14.9,12.3886895844,16.8544323195,,,,,,,,,,,,,,,,,,,,,,,,,,,
2911205c77e307379277666d,Aurum Cantus,AC165/50CK,8,6.5,,,133,12.3,7,0.67,,,13.7,,37,24.0693196,3.68,0.2,0.19,0.97,,6,,150,,,qes_inconsistent,"qes_inconsistent: stated=0.2 , computed=0.147364 , difference=26.32% (limit 20%)",37,43.6590197906,17.9973507853,0.2,0.147363516594,26.3182417031,24.0693196,24.3066894691,0.986192684287,0.19,0.189690721649,0.162778079219,13.7,11.931056602,12.9119956059,,,,,,,,,,,,,,,,,,,,,,,,,,,
f6fa8be0bd081acaec11732d,Aurum Cantus,AC250/75C2C,8,10,,,346,11.4,7,1.31,,,61.3,,23,193.1208938,1.95,0.32,0.28,1.1,,8,91.2,250,,,qes_inconsistent,"qes_inconsistent: stated=0.32 , computed=0.477152 , difference=49.11% (limit 20%)",23,19.3817751873,15.7314122291,0.32,0.477151744784,49.109920245,193.1208938,186.550182921,3.40238218111,0.28,0.274889867841,1.8250471995,61.3,53.8774928695,12.1084945033,,,,,,,,,,,,,,,,,,,,,,,,,,,
199ed137009a29801c37f5c8,B&C,10NSM76,16.0,10.0,,,320,21.5,10.7,1.5,,,33.0,,235.0,2.0,8.7,0.72,0.66,,,3.5,99.0,800,,,qes_inconsistent,"qes_inconsistent: stated=0.72 , computed=1.12789 , difference=56.65% (limit 20%)",235,235.95193346,0.405078067994,0.72,1.12789462847,56.6520317324,2,2,0,0.66,0.664968152866,0.752750434279,33,26.3982139938,20.0054121399,,,,,,,,,,,,,,,,,,,,,,,,,,,
f5515d70455a459279a90100,B&C,320K/C-A,8.0,12.0,,,522.0,12.2,5.4,1.1,,,27.0,,82.0,53.0,13.3,0.52,0.5,,,2.0,101.0,120.0,,,coupling_failed,"coupling_failed: Mms free-air radiation-mass correction exceeds 50% of Mms (0.509), check Sd/Mms, stated Mms=27 g, computed Mmd=13.2456 g, radiation mass difference=50.94% (limit 50%)",82,82.6601551316,0.805067233645,0.52,0.504697999587,2.94269238713,53,53,0,0.5,0.500434153401,0.0868306801737,27,13.2455816429,50.9422902114,,,,,,,,,,,,,,,,,,,,,,,,,,,
b915ce23b46e0f9bffe177c3,B&C,320KC-8A,8,12,,,522,12.1,5.4,,,,27.2,,82,53,13.3,0.52,0.5,,,2,101.2,120,,,coupling_failed,"coupling_failed: Mms free-air radiation-mass correction exceeds 50% of Mms (0.506), check Sd/Mms, stated Mms=27.2 g, computed Mmd=13.4456 g, radiation mass difference=50.57% (limit 50%)",82,82.3556968038,0.433776589985,0.52,0.51687513933,0.600934744211,53,53,0,0.5,0.500434153401,0.0868306801737,27.2,13.4455816429,50.5677145481,,,,,,,,,,,,,,,,,,,,,,,,,,,
e5aa1a39a7985f86f73e7b12,B&C,8FG64,16.0,8.0,,,220,16.8,11.9,2.9,,,36.0,,53.0,16.9,9.33,0.37,0.35,,,7.5,92.0,600,,,qes_inconsistent,"qes_inconsistent: stated=0.37 , computed=0.50546 , difference=36.61% (limit 20%)",53,53.4285770664,0.808635974369,0.37,0.505459818015,36.6107616257,16.9,16.9,0,0.35,0.355886597938,1.68188512518,36,32.2366856498,10.4536509729,,,,,,,,,,,,,,,,,,,,,,,,,,,
cbeacfff0d43cc2aba097a61,Beyma,15 GI-100,8,15,,,860,17,6.2,,,,56.1,,33,430,9.18,0.25,0.243,,,4,101,150,,,coupling_failed,"coupling_failed: Mms free-air radiation-mass correction exceeds 50% of Mms (0.518), check Sd/Mms, stated Mms=56.1 g, computed Mmd=27.014 g, radiation mass difference=51.85% (limit 50%)",33,33.1686902554,0.511182592033,0.25,0.249545944453,0.181622218788,430,430,1.32193997351e-14,0.243,0.243372216331,0.153175444798,56.1,27.0139897953,51.8467205076,,,,,,,,,,,,,,,,,,,,,,,,,,,
8709fbdae19c2f74f819b677,Beyma,18QLEX1600Fe,8,18,,,1255,36.4,5.2,1.75,,,323,,33,195,10.5,0.33,0.32,0.088,9.3,13,97,1600,,,qes_inconsistent,"qes_inconsistent: stated=0.33 , computed=0.262843 , difference=20.35% (limit 20%)",33,29.852281922,9.53853963044,0.33,0.262843297446,20.3505159255,195,196.345485553,0.689992591251,0.32,0.319944598338,0.0173130193906,323,271.725425626,15.8744812304,,,,,,,,,,,,,,,,,,,,,,,,,,,
ab45ade9d641cff3db385498,Beyma,6G40Nd/N,8.0,6.0,,,140.0,10.6,6.0,0.2,,,13.0,,100.0,3.7,2.33,0.45,0.38,,,3.0,94.0,170.0,,,fs_inconsistent,"fs_inconsistent: stated=100 Hz, computed=120.921 Hz, difference=20.92% (limit 20%)",100,120.920804346,20.9208043459,0.45,0.436176979316,3.07178237411,3.7,3.7,1.2002411077e-14,0.38,0.377158273381,0.747822794396,13,11.0895814396,14.695527388,,,,,,,,,,,,,,,,,,,,,,,,,,,
21d81a7547c63d254be848de,BMS,15N840,8,15,,,845,24.6,5,,,,137,,35.6,145.7,5.75,0.32,0.3,,,11,95,1200,,,qes_inconsistent,"qes_inconsistent: stated=0.32 , computed=0.253192 , difference=20.88% (limit 20%)",35.6,35.8271431818,0.638042645616,0.32,0.25319214241,20.8774554969,145.7,145.7,1.95070071588e-14,0.3,0.30313014827,1.04338275673,137,108.671633095,20.677640077,,,,,,,,,,,,,,,,,,,,,,,,,,,
5b326aba15818e46778ca9b7,Browell,12.060K,8,12,,,522,12.7,6.2,,,,23,,60,116.6,5.66,0.334,0.315,,,1.5,101.9,50,,,coupling_failed,"coupling_failed: Mms free-air radiation-mass correction exceeds 50% of Mms (0.598), check Sd/Mms, stated Mms=23 g, computed Mmd=9.24558 g, radiation mass difference=59.80% (limit 50%)",60,60.3813529137,0.63558818949,0.334,0.333306054239,0.207768191879,116.6,116.6,1.21876970113e-14,0.315,0.315388722055,0.123403827108,23,9.24558164293,59.8018189438,,,,,,,,,,,,,,,,,,,,,,,,,,,
a5f01dd5096b4714bbf33894,Cabasse,30M20S,16,12,,,530,12.9,11.95,,,,27.9,,60,99.4,4.14,0.75,0.635,,,4.5,94.8,150,,,coupling_failed,"coupling_failed: Mms free-air radiation-mass correction exceeds 50% of Mms (0.504), check Sd/Mms, stated Mms=27.9 g, computed Mmd=13.8282 g, radiation mass difference=50.44% (limit 50%)",60,60.2873376838,0.478896139607,0.75,0.755307516618,0.707668882409,99.4,99.4,1.42966345223e-14,0.635,0.634969325153,0.004830684508,27.9,13.8281797248,50.4366318107,,,,,,,,,,,,,,,,,,,,,,,,,,,
e64c0e6d24bf6dd5a8b098cb,Carvin,PS18-8,8,18,,,1521,15.6,5.1,,,,128,,35,531.785,2.5,0.59,0.48,,,6,97.7,500,,,coupling_failed,"coupling_failed: Mms free-air radiation-mass correction exceeds 50% of Mms (0.534), check Sd/Mms, stated Mms=128 g, computed Mmd=59.5883 g, radiation mass difference=53.45% (limit 50%)",35,34.9222098386,0.22225760407,0.59,0.58990063239,0.0168419677905,531.785,531.785,0,0.48,0.477346278317,0.552858683927,128,59.5883135805,53.4466300152,,,,,,,,,,,,,,,,,,,,,,,,,,,
546ef3cb08a01609542afaa0,Celestion,AN2075,8,2,,,12.49,2.71,0.84,,,,1.49,,153.4,0.2831684659,5.28,0.998,0.84,0.72,,1.5,,20,,,qes_inconsistent;vas_inconsistent,"qes_inconsistent: stated=0.998 , computed=0.16426 , difference=83.54% (limit 20%); vas_inconsistent: stated=0.283168 L, computed=0.159114 L, difference=43.81% (limit 20%)",153.4,153.659971825,0.169473158411,0.998,0.164260144559,83.5410676795,0.2831684659,0.159113917919,43.8094501755,0.84,0.8393501115,0.0773676785145,1.49,1.4390926919,3.41659785929,,,,,,,,,,,,,,,,,,,,,,,,,,,
5c1e89bba75d7b505a091193,Celestion,AN3510,8,3.5,,,38.48,4.56,5.73,,,,3.37,,113.4,1.982179261,5.09,0.74,0.65,0.52,,1.25,,35,,,vas_inconsistent,"vas_inconsistent: stated=1.98218 L, computed=1.09075 L, difference=44.97% (limit 20%)",113.4,120.227414975,6.0206481265,0.74,0.661679623079,10.583834719,1.982179261,1.09074760195,44.9723027877,0.65,0.646072041166,0.604301359018,3.37,3.09471086553,8.16881704661,,,,,,,,,,,,,,,,,,,,,,,,,,,
334a9897f342a3feaa0ce44d,Celestion,G10-GB,8,10,,,323.7,5.3,6.4,,,,12.8,,93.8,33,6.992,1.748,1.398,,,1,94.9,30,,,coupling_failed,"coupling_failed: Mms free-air radiation-mass correction exceeds 50% of Mms (0.525), check Sd/Mms, stated Mms=12.8 g, computed Mmd=6.08338 g, radiation mass difference=52.47% (limit 50%)",93.8,94.3466044652,0.58273397142,1.748,1.71878245234,1.67148442006,33,33,0,1.398,1.3984,0.0286123032904,12.8,6.08338392707,52.4735630698,,,,,,,,,,,,,,,,,,,,,,,,,,,
9692732fc69b592939074187,Celestion,G12T 75,16,12,,,517,14,12.9,,,,25.8,,85,51,10.3,0.91,0.836,,,2,95.3,75,,,coupling_failed,"coupling_failed: Mms free-air radiation-mass correction exceeds 50% of Mms (0.525), check Sd/Mms, stated Mms=25.8 g, computed Mmd=12.2427 g, radiation mass difference=52.55% (limit 50%)",85,85.3770474888,0.443585280981,0.91,0.906884833594,0.342325978628,51,51,1.39322105051e-14,0.836,0.836128456735,0.0153656381648,25.8,12.2427286079,52.5475635354,,,,,,,,,,,,,,,,,,,,,,,,,,,
3b8d8dccca12924539b89162,Celestion,G12T-75 v2026,8,12,,,517,11.1,6.8,,,,21.5,,85,61,10.6,0.63,0.595,,,2,100.4,75,,,coupling_failed,"coupling_failed: Mms free-air radiation-mass correction exceeds 50% of Mms (0.631), check Sd/Mms, stated Mms=21.5 g, computed Mmd=7.94273 g, radiation mass difference=63.06% (limit 50%)",85,85.5168953262,0.608112148466,0.63,0.633724079314,0.59112370069,61,61,0,0.595,0.594657168299,0.0576187732439,21.5,7.94272860788,63.0570762424,,,,,,,,,,,,,,,,,,,,,,,,,,,
4330ab181342efe38c18e0a7,Celestion,K12-100,8,12,,,615.8,12.5,5.73,,,,27.3,,61.8,129.1,3.52,0.386,0.348,,,2,102.4,100,,,coupling_failed,"coupling_failed: Mms free-air radiation-mass correction exceeds 50% of Mms (0.646), check Sd/Mms, stated Mms=27.3 g, computed Mmd=9.67634 g, radiation mass difference=64.56% (limit 50%)",61.8,62.1356391196,0.543105371562,0.386,0.38874568944,0.711318507702,129.1,129.1,0,0.348,0.347854582693,0.0417865823872,27.3,9.67634420275,64.5555157408,,,,,,,,,,,,,,,,,,,,,,,,,,,
56b6f3ed36ee301e8afa7385,Celestion,K12-200E,8,12,,,530.9,6.1,5.3,,,,11.8,,65,200,10.42,0.694,0.651,,,4,102.8,200,,,coupling_failed,"coupling_failed: Mms free-air radiation-mass correction exceeds 50% of Mms (1.196), check Sd/Mms, stated Mms=11.8 g, computed Mmd=-2.30768 g, radiation mass difference=119.56% (limit 50%)",65,65.463957126,0.713780193881,0.694,0.686422375496,1.09187672965,200,200,0,0.651,0.650664027353,0.0516087015533,11.8,-2.30767880318,119.556600027,,,,,,,,,,,,,,,,,,,,,,,,,,,
01b616b4e3b34a7fac2c7406,Celestion,Truvox 0615,8,6.5,,,154.54,0.298,5.59,0.369,,,10.584,,89.6,7.362380114,5.535,0.516,0.472,0.298,,3.5,,150,,,qes_inconsistent;vas_inconsistent,"qes_inconsistent: stated=0.516 , computed=375.074 , difference=72588.76% (limit 20%); vas_inconsistent: stated=7.36238 L, computed=10.0821 L, difference=36.94% (limit 20%)",89.6,89.6163154433,0.0182092000682,0.516,375.074024944,72588.7645241,7.362380114,10.082050684,36.9400999125,0.472,0.471998016857,0.000420157475008,10.584,8.36836693788,20.9337968832,,,,,,,,,,,,,,,,,,,,,,,,,,,
0ade3f408049d1006587fc56,Ciare,CM100,4,4,,,48,4.09,3.4,0.18,,,4,,160,1.699010796,2.75,0.52,0.43,0.55,,1.9,,60,,,fs_inconsistent;qes_inconsistent,"fs_inconsistent: stated=160 Hz, computed=107.302 Hz, difference=32.94% (limit 20%); qes_inconsistent: stated=0.52 , computed=0.81732 , difference=57.18% (limit 20%)",160,107.302240743,32.9360995357,0.52,0.817320032067,57.1769292437,1.699010796,1.79513023092,5.65737634811,0.43,0.437308868502,1.69973686082,4,3.61647089114,9.58822772144,,,,,,,,,,,,,,,,,,,,,,,,,,,
5e742c727e10d533989e0abd,Community,109567,8,15,,,845,7.7,5.11,,,,50,,42.4,282.3,5.71,1.14,0.95,,,3,96.7,100,,,coupling_failed,"coupling_failed: Mms free-air radiation-mass correction exceeds 50% of Mms (0.567), check Sd/Mms, stated Mms=50 g, computed Mmd=21.6716 g, radiation mass difference=56.66% (limit 50%)",42.4,42.6051204638,0.483774678889,1.14,1.14803513358,0.704836278621,282.3,282.3,0,0.95,0.950277372263,0.029197080292,50,21.6716330946,56.6567338109,,,,,,,,,,,,,,,,,,,,,,,,,,,
b6301beeaf436c606b04883c,Dayton Audio,CE45N-4,4,,,,8.04,1.78,3.68,0.07,,,0.86,,178,0.05663369318,4.23,1.12,0.89,0.92,,1.1,,5,,,vas_inconsistent,"vas_inconsistent: stated=0.0566337 L, computed=0.0842463 L, difference=48.76% (limit 20%)",178,178.92745814,0.521043898606,1.12,1.1171362281,0.255693919733,0.05663369318,0.0842462777056,48.7564609954,0.89,0.88553271028,0.501942665127,0.86,0.83370818617,3.0571876546,,,,,,,,,,,,,,,,,,,,,,,,,,,
b0f6460539d7849e10f14831,Dayton Audio,CE53N,4.0,2,,,11.3,3.44,3.47,0.13,,,1.8,,132,0.15,5.22,0.43,1,0.83,,2,84,10,,,qts_inconsistent,"qts_inconsistent: stated=1, computed Qms*Qes/(Qms+Qes)=0.397274, difference=60.27% (limit 20%)",132,130.210148111,1.3559484008,0.43,0.437762841112,1.80531188647,0.15,0.150136323173,0.0908821154429,1,0.397274336283,60.2725663717,1.8,1.75619192797,2.43378177936,,,,,,,,,,,,,,,,,,,,,,,,,,,
52c8ea1492aded7133b51249,Dayton Audio,ND140,4.0,5.25,,,86.6,3.9,3.7,0.79,,,10.1,,59.2,7.22,5.35,0.72,0.63,0.71,,4,88.4,40,,,qes_inconsistent,"qes_inconsistent: stated=0.72 , computed=0.913893 , difference=26.93% (limit 20%)",59.2,59.4333582312,0.394186201427,0.72,0.913893227338,26.9296149081,7.22,7.54301426846,4.4738818346,0.63,0.634596375618,0.729583431396,10.1,9.17057721881,9.20220575434,,,,,,,,,,,,,,,,,,,,,,,,,,,
030ce09bca8cd45b2f24acc7,Dayton Audio,ND64,4.0,2.5,,,15.6,4.13,3.7,0.37,,,2.56,,103,0.4247526989,4.36,0.36,0.33,0.93,,1.9,,15,,,vas_inconsistent,"vas_inconsistent: stated=0.424753 L, computed=0.320614 L, difference=24.52% (limit 20%)",103,103.147492477,0.143196580015,0.36,0.359383951166,0.171124676014,0.4247526989,0.320614339085,24.5174097975,0.33,0.332542372881,0.770416024653,2.56,2.48894029948,2.77576955151,,,,,,,,,,,,,,,,,,,,,,,,,,,
ca53f3ae00ec63141be46c98,Eclipse,SW8010,4,10,,,347,20,4,,,,356.4,,21,28,5.3,0.39,0.36,,,22,86,700,,,qes_inconsistent,"qes_inconsistent: stated=0.39 , computed=0.470259 , difference=20.58% (limit 20%)",21,20.8078467837,0.915015315866,0.39,0.470258721131,20.5791592642,28,28,0,0.36,0.363268892794,0.908025776216,356.4,348.945291131,2.09166915511,,,,,,,,,,,,,,,,,,,,,,,,,,,
3fc637d076d4ed5b3d63f693,Electro-Voice,30W,8,31.5,,,3626,20.3,4,,,,306.6,,16,5947.2,2.61,0.3,0.269,,,3.8,104.1,60,,,coupling_failed,"coupling_failed: Mms free-air radiation-mass correction exceeds 50% of Mms (0.821), check Sd/Mms, stated Mms=306.6 g, computed Mmd=54.787 g, radiation mass difference=82.13% (limit 50%)",16,16.0853673109,0.533545692895,0.3,0.299185069697,0.271643434201,5947.2,5947.2,1.52928218619e-14,0.269,0.269072164948,0.0268271183842,306.6,54.7869838463,82.1307945707,,,,,,,,,,,,,,,,,,,,,,,,,,,
7a3fc7f684f0f6e3feae0e59,Electro-Voice,EVM-15L,8,15,,,855.3,18,5.2,,,,57.3,,43,245,4.96,0.25,0.238,,,2.9,102.8,100,,,coupling_failed,"coupling_failed: Mms free-air radiation-mass correction exceeds 50% of Mms (0.503), check Sd/Mms, stated Mms=57.3 g, computed Mmd=28.4521 g, radiation mass difference=50.35% (limit 50%)",43,43.2417885473,0.562298947256,0.25,0.248462745208,0.614901916703,245,245,2.32013954534e-14,0.238,0.238003838772,0.0016129292408,57.3,28.4521013673,50.3453728319,,,,,,,,,,,,,,,,,,,,,,,,,,,
2b72c69d7ea313d2940f21c4,Electro-Voice,EVM-15L,8,15,,,851,16.6,5.21,,,,45.6,,51.8,210.2,8.42,0.282,0.273,,,2.6,104,200,,,coupling_failed,"coupling_failed: Mms free-air radiation-mass correction exceeds 50% of Mms (0.628), check Sd/Mms, stated Mms=45.6 g, computed Mmd=16.9694 g, radiation mass difference=62.79% (limit 50%)",51.8,52.068649407,0.518628198808,0.282,0.280605395868,0.494540472201,210.2,210.2,1.35212699479e-14,0.273,0.27286141117,0.0507651392505,45.6,16.969375874,62.7864564166,,,,,,,,,,,,,,,,,,,,,,,,,,,
10dd9e8ce95856b4f084aed8,Electro-Voice,EVM-18B,8,18,,,1140,15.3,5.2,,,,82.1,,33,516,8.37,0.376,0.36,,,3.3,100.8,100,,,coupling_failed,"coupling_failed: Mms free-air radiation-mass correction exceeds 50% of Mms (0.541), check Sd/Mms, stated Mms=82.1 g, computed Mmd=37.7091 g, radiation mass difference=54.07% (limit 50%)",33,33.1782864093,0.540261846347,0.376,0.378144203316,0.570266839378,516,516,0,0.36,0.359835353304,0.0457351932312,82.1,37.7091202273,54.0692810874,,,,,,,,,,,,,,,,,,,,,,,,,,,
b8e90681196c97ccc93e4fac,Electro-Voice,SP15,8,15,,,806,12,5.5,,,,51.4,,40,280.4,5,0.49,0.446,,,3,99.2,40,,,coupling_failed,"coupling_failed: Mms free-air radiation-mass correction exceeds 50% of Mms (0.513), check Sd/Mms, stated Mms=51.4 g, computed Mmd=25.01 g, radiation mass difference=51.34% (limit 50%)",40,40.2170311525,0.542577881277,0.49,0.493404579539,0.694812150775,280.4,280.4,0,0.446,0.446265938069,0.0596273697795,51.4,25.0100214029,51.3423708115,,,,,,,,,,,,,,,,,,,,,,,,,,,
22f30ff130737eaabec7814d,Eminence,15-3008PS,8,15,,,856.3,16.3,6.51,,,,55.7,,47.9,203.6,5.01,0.41,0.379,,,5.5,100.2,500,,,coupling_failed,"coupling_failed: Mms free-air radiation-mass correction exceeds 50% of Mms (0.519), check Sd/Mms, stated Mms=55.7 g, computed Mmd=26.8015 g, radiation mass difference=51.88% (limit 50%)",47.9,48.1675979812,0.558659668539,0.41,0.410748850492,0.18264646144,203.6,203.6,0,0.379,0.378985239852,0.0038944980479,55.7,26.8014939856,51.882416543,,,,,,,,,,,,,,,,,,,,,,,,,,,
2918e2e1581a18d14533ce93,Eminence,BLACK POWDER,8,12,,,519,9.8,7.1,,,,22.4,,72,82.4,14.98,0.75,0.714,,,0.5,98.6,75,,,coupling_failed,"coupling_failed: Mms free-air radiation-mass correction exceeds 50% of Mms (0.609), check Sd/Mms, stated Mms=22.4 g, computed Mmd=8.76398 g, radiation mass difference=60.88% (limit 50%)",72,72.3644511793,0.50618219349,0.75,0.749146199191,0.113840107904,82.4,82.4,0,0.714,0.714240305149,0.0336561833888,22.4,8.76398368854,60.875072819,,,,,,,,,,,,,,,,,,,,,,,,,,,
bff63a90e43a15bfc4a6b251,Eminence,CANIS MAJOR,8,12,,,532.4,12.7,6.45,,,,26.9,,104.9,34.1,10.16,0.71,0.664,,,0.8,100.3,50,,,coupling_failed,"coupling_failed: Mms free-air radiation-mass correction exceeds 50% of Mms (0.527), check Sd/Mms, stated Mms=26.9 g, computed Mmd=12.7325 g, radiation mass difference=52.67% (limit 50%)",104.9,105.30045486,0.381749151992,0.71,0.709022323759,0.137700878954,34.1,34.1,0,0.664,0.663624655014,0.0565278593676,26.9,12.7324894246,52.6673255589,,,,,,,,,,,,,,,,,,,,,,,,,,,
df64f3432facb07a666204b0,Eminence,CANNABIS REX,8,12,,,532.4,11.7,6.56,,,,24,,96,45.5,9.28,0.69,0.642,,,0.8,100.5,50,,,coupling_failed,"coupling_failed: Mms free-air radiation-mass correction exceeds 50% of Mms (0.590), check Sd/Mms, stated Mms=24 g, computed Mmd=9.83249 g, radiation mass difference=59.03% (limit 50%)",96,96.5099870841,0.531236545909,0.69,0.693736362752,0.541501848184,45.5,45.5,1.56163238629e-14,0.642,0.642246740221,0.0384330561779,24,9.83248942465,59.031294064,,,,,,,,,,,,,,,,,,,,,,,,,,,
5ce3e5459623d764c2478779,Eminence,CANNABIS REX 12,16,12,,,532.4,16.6,13.1,,,,27.1,,101,36.4,9.95,0.82,0.758,,,0.8,96.4,50,,,coupling_failed,"coupling_failed: Mms free-air radiation-mass correction exceeds 50% of Mms (0.523), check Sd/Mms, stated Mms=27.1 g, computed Mmd=12.9325 g, radiation mass difference=52.28% (limit 50%)",101,101.54259067,0.537218484736,0.82,0.817571328226,0.296179484578,36.4,36.4,0,0.758,0.75756731662,0.0570822400737,27.1,12.9324894246,52.2786368094,,,,,,,,,,,,,,,,,,,,,,,,,,,
318b12b3d737ec6b607245c8,Eminence,CV 75B,16,12,,,519.5,19.7,14.23,,,,26.6,,80,56.2,21.33,0.49,0.479,,,1.2,97.2,75,,,coupling_failed,"coupling_failed: Mms free-air radiation-mass correction exceeds 50% of Mms (0.513), check Sd/Mms, stated Mms=26.6 g, computed Mmd=12.9443 g, radiation mass difference=51.34% (limit 50%)",80,80.4863264245,0.607908030619,0.49,0.49025715398,0.0524804041563,56.2,56.2,0,0.479,0.478996333639,0.000765419861487,26.6,12.9442737175,51.3373168516,,,,,,,,,,,,,,,,,,,,,,,,,,,
c0aaca947cc17ba8518a39c1,Eminence,DELTALITE 2515,8,15,,,856.3,12.1,5.7,,,,54.5,,41,284.1,8.71,0.55,0.517,,,4.8,99,300,,,coupling_failed,"coupling_failed: Mms free-air radiation-mass correction exceeds 50% of Mms (0.530), check Sd/Mms, stated Mms=54.5 g, computed Mmd=25.6015 g, radiation mass difference=53.02% (limit 50%)",41,41.2228112597,0.543442096834,0.55,0.546593348424,0.619391195722,284.1,284.1,0,0.517,0.517332613391,0.0643352787096,54.5,25.6014939856,53.0247816779,,,,,,,,,,,,,,,,,,,,,,,,,,,
1bc3452c7e6c0fca924403a2,Eminence,EJ-1240,8,12,,,519.5,12.1,7,,,,23.9,,75,71.2,20.09,0.54,0.526,,,1.2,100,40,,,coupling_failed,"coupling_failed: Mms free-air radiation-mass correction exceeds 50% of Mms (0.571), check Sd/Mms, stated Mms=23.9 g, computed Mmd=10.2443 g, radiation mass difference=57.14% (limit 50%)",75,75.4383419418,0.58445592246,0.54,0.53847597597,0.282226672136,71.2,71.2,1.99590656112e-14,0.526,0.525865244789,0.0256188613798,23.9,10.2442737175,57.1369300525,,,,,,,,,,,,,,,,,,,,,,,,,,,
e8e5dfc9f6598843d574594b,Eminence,LEGEND 1275,8,12,,,552,11.8,7.36,,,,29.7,,111,29.6,15.07,1.09,1.016,,,0.5,98,75,,,coupling_failed,"coupling_failed: Mms free-air radiation-mass correction exceeds 50% of Mms (0.504), check Sd/Mms, stated Mms=29.7 g, computed Mmd=14.743 g, radiation mass difference=50.36% (limit 50%)",111,111.521994376,0.470265203962,1.09,1.09489657236,0.449226822434,29.6,29.6,1.2002411077e-14,1.016,1.0164789604,0.0471417712637,29.7,14.7429793972,50.3603387301,,,,,,,,,,,,,,,,,,,,,,,,,,,
1d8a5bafd78e64be95cf1b80,Eminence,ME15-1008,8,15,,,856.3,11.5,7.26,,,,48,,45,268.1,2.81,0.75,0.592,,,0.8,97.5,100,,,coupling_failed,"coupling_failed: Mms free-air radiation-mass correction exceeds 50% of Mms (0.602), check Sd/Mms, stated Mms=48 g, computed Mmd=19.1015 g, radiation mass difference=60.21% (limit 50%)",45,45.2170732224,0.482384938757,0.75,0.745031370231,0.662483969182,268.1,268.1,2.12023196049e-14,0.592,0.591994382022,0.000948982690553,48,19.1014939856,60.2052208634,,,,,,,,,,,,,,,,,,,,,,,,,,,
92ace688da329157a9e4c7a8,Eminence,ME15-2008,8,15,,,851,13.4,6.99,,,,54.1,,40.3,293.1,6.56,0.53,0.49,,,2.7,98.1,100,,,coupling_failed,"coupling_failed: Mms free-air radiation-mass correction exceeds 50% of Mms (0.529), check Sd/Mms, stated Mms=54.1 g, computed Mmd=25.4694 g, radiation mass difference=52.92% (limit 50%)",40.3,40.4826140614,0.45313662873,0.53,0.533273200183,0.617584940213,293.1,293.1,1.93938651862e-14,0.49,0.490380818054,0.0777179701218,54.1,25.469375874,52.9216712125,,,,,,,,,,,,,,,,,,,,,,,,,,,
9a0b23a4796b8efeeae92e5b,Eminence,RED FANG 16,16,12,,,519.5,11.9,11.4,,,,24.1,,89,50.2,8.93,1.09,0.971,,,0.5,95.6,50,,,coupling_failed,"coupling_failed: Mms free-air radiation-mass correction exceeds 50% of Mms (0.567), check Sd/Mms, stated Mms=24.1 g, computed Mmd=10.4443 g, radiation mass difference=56.66% (limit 50%)",89,89.4686124298,0.526530819958,1.09,1.08492032685,0.466025059644,50.2,50.2,1.41542377641e-14,0.971,0.971427145709,0.0439902892464,24.1,10.4442737175,56.6627646578,,,,,,,,,,,,,,,,,,,,,,,,,,,
4727315535e45025ac8c2541,Eminence,SWAMP THANG,8,12,,,532.4,14.1,6.92,,,,25.9,,97,41.3,14.43,0.55,0.53,,,0.8,101,150,,,coupling_failed,"coupling_failed: Mms free-air radiation-mass correction exceeds 50% of Mms (0.547), check Sd/Mms, stated Mms=25.9 g, computed Mmd=11.7325 g, radiation mass difference=54.70% (limit 50%)",97,97.5121357906,0.527975041856,0.55,0.549438687263,0.102056861222,41.3,41.3,0,0.53,0.529806408545,0.0365266896743,25.9,11.7324894246,54.7008130322,,,,,,,,,,,,,,,,,,,,,,,,,,,
e553845809e061d89b538d37,Eminence Speaker,NSW4018-8,8,18,,,1217,28.24,3.86,1.54,,,237,,36,164.5208787,8.46,0.39,0.38,0.08,,15.21,,1600,,,qes_inconsistent,"qes_inconsistent: stated=0.39 , computed=0.259471 , difference=33.47% (limit 20%)",36,36.5511432274,1.53095340958,0.39,0.259470886154,33.4690035503,164.5208787,167.850229709,2.02366473805,0.38,0.372813559322,1.89116859946,237,188.036512601,20.6596993243,,,,,,,,,,,,,,,,,,,,,,,,,,,
879c479a2059792ab6902c5f,Europsonic,TS30/250D,8,15,,,840,8.1,7.8,,,,53.8,,34,402.5,4.7,1.38,1.067,,,5.4,92.7,125,,,coupling_failed,"coupling_failed: Mms free-air radiation-mass correction exceeds 50% of Mms (0.522), check Sd/Mms, stated Mms=53.8 g, computed Mmd=25.7227 g, radiation mass difference=52.19% (limit 50%)",34,34.1940652239,0.570780070237,1.38,1.36636153023,0.988294910898,402.5,402.5,1.41225885368e-14,1.067,1.06677631579,0.0209638435357,53.8,25.7226959906,52.1882974153,,,,,,,,,,,,,,,,,,,,,,,,,,,
79b5ee3a30dffb11068ae59e,Europsonic,TS38/300,8,15,,,855,8.4,5.4,,,,47.4,,30,608.5,2.79,0.69,0.553,,,4.5,97.5,150,,,coupling_failed,"coupling_failed: Mms free-air radiation-mass correction exceeds 50% of Mms (0.608), check Sd/Mms, stated Mms=47.4 g, computed Mmd=18.5673 g, radiation mass difference=60.83% (limit 50%)",30,30.157280986,0.524269953472,0.69,0.683777258174,0.901846641422,608.5,608.5,1.86831286313e-14,0.553,0.553189655172,0.034295691214,47.4,18.5672778154,60.8285278157,,,,,,,,,,,,,,,,,,,,,,,,,,,
004ffa7f2d15a55801487cac,Faital Pro,15HP1030,4.0,15.0,,,842,20.5,3.97,1,,,177.5,,40,88.3,13.4,0.31,0.30,,,12.45,96,1000,,,qes_inconsistent,"qes_inconsistent: stated=0.31 , computed=0.421426 , difference=35.94% (limit 20%)",40,40.2882210141,0.720552535146,0.31,0.421425685315,35.9437694563,88.3,88.3,0,0.3,0.30299051787,0.996839290056,177.5,149.32236024,15.8747266252,,,,,,,,,,,,,,,,,,,,,,,,,,,
f329bccdc6fb7577670aa5f7,Faital Pro,6PR130,8.0,6.0,,,147.95,11.4,5.2,0.17,,,12.0,,175,4.2,3.1,0.57,0.48,,,4.60,101,200,,,fs_inconsistent,"fs_inconsistent: stated=175 Hz, computed=124.838 Hz, difference=28.66% (limit 20%)",175,124.837548369,28.6642580746,0.57,0.527950011961,7.3771908841,4.2,4.2,0,0.48,0.481471389646,0.306539509537,12,9.92456598846,17.2952834295,,,,,,,,,,,,,,,,,,,,,,,,,,,
291ebef243d01924b5071149,Fane,12 W,8,12,,,551,8.7,6,,,,23.5,,53.6,160,11.6,0.63,0.598,,,5,99.2,100,,,coupling_failed,"coupling_failed: Mms free-air radiation-mass correction exceeds 50% of Mms (0.635), check Sd/Mms, stated Mms=23.5 g, computed Mmd=8.58361 g, radiation mass difference=63.47% (limit 50%)",53.6,53.827375642,0.424208287319,0.63,0.62737219286,0.417112244514,160,160,0,0.598,0.597547015536,0.0757499104401,23.5,8.58360506169,63.4740210141,,,,,,,,,,,,,,,,,,,,,,,,,,,
91d01cb8b5dfc38ba00c1212,Fane,CLASSIC KC18-300C,8,18,,,1200,17.6,6.3,,,,94,,35,444,4.5,0.42,0.384,,,5,99.6,300,,,coupling_failed,"coupling_failed: Mms free-air radiation-mass correction exceeds 50% of Mms (0.510), check Sd/Mms, stated Mms=94 g, computed Mmd=46.0589 g, radiation mass difference=51.00% (limit 50%)",35,35.1861187504,0.531767858404,0.42,0.420427369131,0.101754554918,444,444,0,0.384,0.384146341463,0.0381097560976,94,46.0588613928,51.0012112842,,,,,,,,,,,,,,,,,,,,,,,,,,,
c7f9244d30d46e1a30ad9a15,Fane,FC-152F01TC,8,15,,,855,10.8,5.2,,,,55.5,,48,203,9.892,0.753,0.7,,,3.5,98.6,300,,,coupling_failed,"coupling_failed: Mms free-air radiation-mass correction exceeds 50% of Mms (0.520), check Sd/Mms, stated Mms=55.5 g, computed Mmd=26.6673 g, radiation mass difference=51.95% (limit 50%)",48,48.2522016483,0.525420100593,0.753,0.746225217964,0.899705449695,203,203,0,0.7,0.699734711132,0.0378984097162,55.5,26.6672778154,51.9508507831,,,,,,,,,,,,,,,,,,,,,,,,,,,
836bf11ed3928e3535cdbcf6,Fane,SOVEREIGN 15-300TC,8,15,,,855,10.8,5.2,,,,55.5,,48,203,9.892,0.753,0.7,,,3.5,98.6,300,,,coupling_failed,"coupling_failed: Mms free-air radiation-mass correction exceeds 50% of Mms (0.520), check Sd/Mms, stated Mms=55.5 g, computed Mmd=26.6673 g, radiation mass difference=51.95% (limit 50%)",48,48.2522016483,0.525420100593,0.753,0.746225217964,0.899705449695,203,203,0,0.7,0.699734711132,0.0378984097162,55.5,26.6672778154,51.9508507831,,,,,,,,,,,,,,,,,,,,,,,,,,,
07d59c55319c0f0604fbfd71,Fostex,FW 800 N,8,31.5,,,3581.7,21.1,6.8,,,,439.2,,18,3201.1,8.5,0.76,0.698,,,4.6,96.6,150,,,coupling_failed,"coupling_failed: Mms free-air radiation-mass correction exceeds 50% of Mms (0.563), check Sd/Mms, stated Mms=439.2 g, computed Mmd=191.988 g, radiation mass difference=56.29% (limit 50%)",18,18.0948067965,0.526704425001,0.76,0.758680124881,0.173667778841,3201.1,3201.1,0,0.698,0.697624190065,0.0538409649291,439.2,191.987580193,56.2869808305,,,,,,,,,,,,,,,,,,,,,,,,,,,
fcf92c61c0c9a1a370e2d659,Fostex,L 869,8,31.5,,,4000,22.2,6.8,,,,376.9,,15,6700,6.1,0.49,0.454,,,4,99.3,150,,,coupling_failed,"coupling_failed: Mms free-air radiation-mass correction exceeds 50% of Mms (0.774), check Sd/Mms, stated Mms=376.9 g, computed Mmd=85.1395 g, radiation mass difference=77.41% (limit 50%)",15,15.0783927449,0.522618299348,0.49,0.490117521533,0.0239839862548,6700,6700,0,0.454,0.453566009105,0.095592708215,376.9,85.1395216929,77.4105806068,,,,,,,,,,,,,,,,,,,,,,,,,,,
f82be5f205db726401351c79,Goldwood,GW-206/8,8,6.5,,,136.35,6.5,7.1,0.5,,,14.2,,64.6,11.04357017,3.39,0.75,0.75,0.43,,2.5,,90,,,qes_inconsistent,"qes_inconsistent: stated=0.75 , computed=0.968573 , difference=29.14% (limit 20%)",64.6,64.4082844533,0.296773292062,0.75,0.968573017195,29.1430689593,11.04357017,11.3247738105,2.54631098586,0.75,0.614130434783,18.115942029,14.2,12.3638033585,12.930962264,,,,,,,,,,,,,,,,,,,,,,,,,,,
80a0a17c0778d74f10e9d82a,Great Plains Audio,515-16G GPA,16,15,,,856,25.3,11.3,,,,55,,37,345.5,5,0.225,0.215,,,3,99.4,75,,,coupling_failed,"coupling_failed: Mms free-air radiation-mass correction exceeds 50% of Mms (0.525), check Sd/Mms, stated Mms=55 g, computed Mmd=26.1167 g, radiation mass difference=52.52% (limit 50%)",37,37.1975146901,0.533823486844,0.225,0.225726050604,0.322689157426,345.5,345.5,1.64525090769e-14,0.215,0.215311004785,0.144653388227,55,26.1166793045,52.5151285372,,,,,,,,,,,,,,,,,,,,,,,,,,,
9e58d467d27464fd636f4a6b,Great Plains Audio,515-8G GPA,8,15,,,856,16.6,6.2,,,,54.1,,37,351.1,5,0.284,0.269,,,3.5,101.1,75,,,coupling_failed,"coupling_failed: Mms free-air radiation-mass correction exceeds 50% of Mms (0.534), check Sd/Mms, stated Mms=54.1 g, computed Mmd=25.2167 g, radiation mass difference=53.39% (limit 50%)",37,37.2053373951,0.554965932595,0.284,0.282979106482,0.359469548611,351.1,351.1,1.61900936659e-14,0.269,0.268735806207,0.0982133057923,54.1,25.2166793045,53.3887628382,,,,,,,,,,,,,,,,,,,,,,,,,,,
8163be14d2bdb9ce8eb2e5e6,Great Plains Audio,515-8GHP GPA,16,15,,,856,23.8,8.6,,,,55.5,,37,342.6,4.5,0.195,0.187,,,2.8,101.2,75,,,coupling_failed,"coupling_failed: Mms free-air radiation-mass correction exceeds 50% of Mms (0.520), check Sd/Mms, stated Mms=55.5 g, computed Mmd=26.6167 g, radiation mass difference=52.04% (limit 50%)",37,37.1859707786,0.502623726025,0.195,0.195893088135,0.457993915505,342.6,342.6,0,0.187,0.186900958466,0.0529633869232,55.5,26.6166793045,52.0420192711,,,,,,,,,,,,,,,,,,,,,,,,,,,
f36b5b15bddbefd9533c059d,GRS,10SFPC-B,8,10,,,353.4,7.7,5.8,1.32,,,38.2,,32,137.337,3.01,0.77,0.62,0.53,,4.25,89,75,,,vas_inconsistent,"vas_inconsistent: stated=137.337 L, computed=93.7691 L, difference=31.72% (limit 20%)",32,35.3712587617,10.5351836304,0.77,0.751345609261,2.42264814794,137.337,93.7691018939,31.7233506674,0.62,0.613148148148,1.10513739546,38.2,30.5381032886,20.0573212341,,,,,,,,,,,,,,,,,,,,,,,,,,,
85d88e065390004428342f2b,GRS,12PF,8.0,12,,,524.3,6.3,7.56,1.15,,,61.8,,35,149.513,5.97,2.08,1.54,0.29,,3.5,87,120,,,qes_inconsistent;vas_inconsistent,"qes_inconsistent: stated=2.08 , computed=2.58867 , difference=24.46% (limit 20%); vas_inconsistent: stated=149.513 L, computed=112.93 L, difference=24.47% (limit 20%)",35,37.594723509,7.41349574009,2.08,2.58867234656,24.4554012768,149.513,112.929787208,24.4682487757,1.54,1.54255900621,0.166169234492,61.8,47.9545759423,22.4035987989,,,,,,,,,,,,,,,,,,,,,,,,,,,
3eb417ca3b53dd43e951c84e,GRS,3FR,4.0,3,,,31.2,3,4,0.39,,,3,,135,0.849505,4.11,1.11,0.88,0.4,,2,84,10,,,vas_inconsistent,"vas_inconsistent: stated=0.849505 L, computed=0.551595 L, difference=35.07% (limit 20%)",135,145.287920783,7.62068206158,1.11,1.13097335529,1.88949146778,0.849505,0.551594561866,35.0687092052,0.88,0.873965517241,0.685736677116,3,2.79901281558,6.6995728141,,,,,,,,,,,,,,,,,,,,,,,,,,,
e0c55e046a918509a6a9a336,GRS,4FR,8.0,4.5,,,66.1,6.4,8.11,0.71,,,5.8,,100,3.11485,5.14,0.98,0.82,0.27,,1,91,15,,,fs_inconsistent;qes_inconsistent;vas_inconsistent,"fs_inconsistent: stated=100 Hz, computed=127.182 Hz, difference=27.18% (limit 20%); qes_inconsistent: stated=0.98 , computed=0.721554 , difference=26.37% (limit 20%); vas_inconsistent: stated=3.11485 L, computed=1.67116 L, difference=46.35% (limit 20%)",100,127.181590771,27.1815907709,0.98,0.721553883006,26.3720527545,3.11485,1.6711578742,46.348688566,0.82,0.823071895425,0.374621393273,5.8,5.1802184204,10.6858893034,,,,,,,,,,,,,,,,,,,,,,,,,,,
530cdcf7e5d6bbde0aa5094a,GRS,6LPSW,4.0,6.5,,,103.8,5.39,3.7,1,,,35.8,,48,7.588914887,5.26,1.35,1.07,0.31,,4,83.2,30,,,vas_inconsistent,"vas_inconsistent: stated=7.58891 L, computed=4.73159 L, difference=37.65% (limit 20%)",48,47.7746783079,0.469420191953,1.35,1.37508114174,1.85786235093,7.588914887,4.73159100319,37.6512838312,1.07,1.07428139183,0.400130077622,35.8,34.5803576234,3.40682228097,,,,,,,,,,,,,,,,,,,,,,,,,,,
dd64d9924f6b322543d60195,GRS,6PF,8.0,6.5,,,140.3,6.5,7.59,1.09,,,12.3,,82,7.07921,3.67,1.3,0.95,0.38,,3,87,90,,,vas_inconsistent,"vas_inconsistent: stated=7.07921 L, computed=10.5962 L, difference=49.68% (limit 20%)",82,73.6166037348,10.223653982,1.3,1.13844982531,12.4269365148,7.07921,10.5961899545,49.6804015492,0.95,0.959959758551,1.04839563698,12.3,10.38343752,15.5818087804,,,,,,,,,,,,,,,,,,,,,,,,,,,
ab279881d6bd43355372bf3d,GRS,NRT50-8,8,2,,,8.9,2.57,6.2,0.12,,,1.11,,250,0.05663369318,4.43,1.65,1.21,0.36,,2.5,,15,,,vas_inconsistent,"vas_inconsistent: stated=0.0566337 L, computed=0.0403955 L, difference=28.67% (limit 20%)",250,251.771977999,0.708791199471,1.65,1.63669704628,0.80623961914,0.05663369318,0.0403955299976,28.6722660498,1.21,1.20222039474,0.642942583732,1.11,1.07937885082,2.75866208808,,,,,,,,,,,,,,,,,,,,,,,,,,,
e092507b62948a13bfaeaf5b,Hertz Audio,ES 250,4,10,,,349,10.6,2.6,,,,112,,26.9,54,7.5,0.582,0.54,,,9,84.4,500,,,qes_inconsistent,"qes_inconsistent: stated=0.582 , computed=0.438038 , difference=24.74% (limit 20%)",26.9,26.8822159532,0.0661116980286,0.582,0.438038001095,24.7357386435,54,54,0,0.54,0.54008908686,0.0164975666089,112,104.48074842,6.71361748189,,,,,,,,,,,,,,,,,,,,,,,,,,,
b0c39d44af44ca08e119f106,Hifonics,MXZ 12D4,4,12,,,530,5.5,3.2,,,,19.2,,34,450,5.29,0.43,0.398,,,11,102.1,1000,,,coupling_failed,"coupling_failed: Mms free-air radiation-mass correction exceeds 50% of Mms (0.733), check Sd/Mms, stated Mms=19.2 g, computed Mmd=5.12818 g, radiation mass difference=73.29% (limit 50%)",34,34.1558052199,0.458250646755,0.43,0.43389496791,0.905806490762,450,450,1.2631870858e-14,0.398,0.397674825175,0.0817022173806,19.2,5.12817972481,73.2907305999,,,,,,,,,,,,,,,,,,,,,,,,,,,
2578705c3a0f88f1143091d9,HiVi,M3N,8,3,,,30,3,6.5,,,,2.6,,100,1.41584233,4.2,1.2,0.92,0.82,,3,82,15,,,vas_inconsistent,"vas_inconsistent: stated=1.41584 L, computed=1.04546 L, difference=26.16% (limit 20%)",100,109.000008414,9.00000841391,1.2,1.17984257435,1.67978547099,1.41584233,1.04545936744,26.1599017567,0.92,0.933333333333,1.44927536232,2.6,2.41049601047,7.28861498176,,,,,,,,,,,,,,,,,,,,,,,,,,,
c843dc008ae71ba9b54949ef,HiVi,M3N-B,8,3,,,30,3,6.5,,,,2.6,,91,1.5,3.57,1.03,0.8,0.82,,3,82,15,,,vas_inconsistent,"vas_inconsistent: stated=1.5 L, computed=1.04546 L, difference=30.30% (limit 20%)",91,109.000008414,19.7802290263,1.03,1.07365674266,4.23851870455,1.5,1.04545936744,30.3027088372,0.8,0.799369565217,0.0788043478261,2.6,2.41049601047,7.28861498176,,,,,,,,,,,,,,,,,,,,,,,,,,,
c8bede0240dbd679b2aee32f,Iconic Speakers,165-16G,16,15,,,855,24.6,11.3,,,,53,,37,357.9,5,0.23,0.22,,,3.1,99.4,75,,,coupling_failed,"coupling_failed: Mms free-air radiation-mass correction exceeds 50% of Mms (0.544), check Sd/Mms, stated Mms=53 g, computed Mmd=24.1673 g, radiation mass difference=54.40% (limit 50%)",37,37.1871470064,0.505802719935,0.23,0.230073018999,0.0317473908335,357.9,357.9,0,0.22,0.219885277247,0.0521467060664,53,24.1672778154,54.4013626125,,,,,,,,,,,,,,,,,,,,,,,,,,,
e5d0c65fd577ca7735abea8e,Iconic Speakers,165-8G,8,15,,,855,16.4,6.2,,,,52.1,,37,363.7,5,0.28,0.265,,,3.5,101.3,75,,,coupling_failed,"coupling_failed: Mms free-air radiation-mass correction exceeds 50% of Mms (0.553), check Sd/Mms, stated Mms=52.1 g, computed Mmd=23.2673 g, radiation mass difference=55.34% (limit 50%)",37,37.2066982771,0.558643992042,0.28,0.279205075711,0.283901531786,363.7,363.7,1.56292050758e-14,0.265,0.265151515152,0.0571755288736,52.1,23.2672778154,55.3411174369,,,,,,,,,,,,,,,,,,,,,,,,,,,
cabea3c00d5b1ed049426b83,Iconic Speakers,165-8GHP,8,15,,,855,18.6,5.6,,,,53.4,,37,354.9,4.5,0.2,0.191,,,3,103.1,200,,,coupling_failed,"coupling_failed: Mms free-air radiation-mass correction exceeds 50% of Mms (0.540), check Sd/Mms, stated Mms=53.4 g, computed Mmd=24.5673 g, radiation mass difference=53.99% (limit 50%)",37,37.2038612839,0.5509764431,0.2,0.200948601479,0.474300739366,354.9,354.9,0,0.191,0.191489361702,0.25621031525,53.4,24.5672778154,53.993861769,,,,,,,,,,,,,,,,,,,,,,,,,,,
bb77f83872933e88fe503b5c,JBL,15WT3000,4,15,,,814,15.9,3,,,,186,,41,76.3,16.3,0.45,0.44,,,10.6,92.5,1500,,,qes_inconsistent,"qes_inconsistent: stated=0.45 , computed=0.568596 , difference=26.35% (limit 20%)",41,40.9308905326,0.168559676636,0.45,0.568595836627,26.3546303615,76.3,76.3,1.86249734144e-14,0.44,0.437910447761,0.474898236092,186,159.216145157,14.3999219584,,,,,,,,,,,,,,,,,,,,,,,,,,,
534a65ecfdf1d1e5c08a2c6d,JBL,2135,8,15,,,894.2,18.7,6.3,,,,59.7,,40,297.3,4,0.27,0.253,,,1.5,101.5,125,,,coupling_failed,"coupling_failed: Mms free-air radiation-mass correction exceeds 50% of Mms (0.517), check Sd/Mms, stated Mms=59.7 g, computed Mmd=28.8618 g, radiation mass difference=51.66% (limit 50%)",40,40.206435759,0.51608939753,0.27,0.270315859863,0.116985134275,297.3,297.3,0,0.253,0.252927400468,0.0286954670418,59.7,28.86183885,51.6552113065,,,,,,,,,,,,,,,,,,,,,,,,,,,
3387b58805f7302eafa4b7c5,JBL,2155H,8,15,,,896.1,12.8,4.2,,,,61.8,,53,164.2,4.47,0.53,0.474,,,2.5,101.4,150,,,coupling_failed,"coupling_failed: Mms free-air radiation-mass correction exceeds 50% of Mms (0.501), check Sd/Mms, stated Mms=61.8 g, computed Mmd=30.8635 g, radiation mass difference=50.06% (limit 50%)",53,53.2869905088,0.541491526115,0.53,0.527562070627,0.459986674101,164.2,164.2,0,0.474,0.47382,0.0379746835443,61.8,30.8634990721,50.0590629901,,,,,,,,,,,,,,,,,,,,,,,,,,,
50ad8eaa61e74e03f7eefc03,JBL,D130,8,15,,,896.8,18.8,6.3,,,,60,,40,297.3,4,0.27,0.253,,,0.8,101.5,75,,,coupling_failed,"coupling_failed: Mms free-air radiation-mass correction exceeds 50% of Mms (0.516), check Sd/Mms, stated Mms=60 g, computed Mmd=29.0272 g, radiation mass difference=51.62% (limit 50%)",40,40.2224063952,0.556015988019,0.27,0.268791766197,0.447494001229,297.3,297.3,0,0.253,0.252927400468,0.0286954670418,60,29.0272423275,51.6212627874,,,,,,,,,,,,,,,,,,,,,,,,,,,
9ea2a59500c7c2ca5d8b4cc6,JBL,E130,8,15,,,896.1,21.3,6.3,,,,59.9,,40,297.3,1.8,0.21,0.188,,,2.5,102.6,150,,,coupling_failed,"coupling_failed: Mms free-air radiation-mass correction exceeds 50% of Mms (0.516), check Sd/Mms, stated Mms=59.9 g, computed Mmd=28.9635 g, radiation mass difference=51.65% (limit 50%)",40,40.2245451049,0.56136276217,0.21,0.209048966419,0.452873133622,297.3,297.3,1.91198852542e-14,0.188,0.188059701493,0.0317561130517,59.9,28.9634990721,51.6469130682,,,,,,,,,,,,,,,,,,,,,,,,,,,
ff381b892688391712877002,JBL,G135-8,8,15,,,896.1,15.2,5.2,,,,59.9,,45,235,5.5,0.38,0.355,,,2.5,101.4,200,,,coupling_failed,"coupling_failed: Mms free-air radiation-mass correction exceeds 50% of Mms (0.516), check Sd/Mms, stated Mms=59.9 g, computed Mmd=28.9635 g, radiation mass difference=51.65% (limit 50%)",45,45.243340678,0.540757062143,0.38,0.381184622475,0.311742756567,235,235,0,0.355,0.355442176871,0.124556865,59.9,28.9634990721,51.6469130682,,,,,,,,,,,,,,,,,,,,,,,,,,,
fb908992e82cdea4f11cd286,JBL,K130,8,15,,,900,18.8,6.3,,,,60.5,,40,297.3,4,0.27,0.253,,,3.6,101.5,125,,,coupling_failed,"coupling_failed: Mms free-air radiation-mass correction exceeds 50% of Mms (0.515), check Sd/Mms, stated Mms=60.5 g, computed Mmd=29.3613 g, radiation mass difference=51.47% (limit 50%)",40,40.198782276,0.496955690007,0.27,0.271031697582,0.382110215428,297.3,297.3,1.91198852542e-14,0.253,0.252927400468,0.0286954670418,60.5,29.3613170599,51.4688974217,,,,,,,,,,,,,,,,,,,,,,,,,,,
b7751ad57b6a5405dd8460c3,JBL,M115-8A,8,15,,,845,14.2,5.5,,,,53.3,,46,225,5.1,0.42,0.388,,,5.1,100.8,225,,,coupling_failed,"coupling_failed: Mms free-air radiation-mass correction exceeds 50% of Mms (0.531), check Sd/Mms, stated Mms=53.3 g, computed Mmd=24.9716 g, radiation mass difference=53.15% (limit 50%)",46,46.2218554718,0.482294503953,0.42,0.42019502851,0.0464353595588,225,225,1.2631870858e-14,0.388,0.388043478261,0.0112057373375,53.3,24.9716330946,53.1489060139,,,,,,,,,,,,,,,,,,,,,,,,,,,
cab5a845bfeb9ab7fb2f59f0,JBL,MI-15,8,15,,,896.1,11.7,5.6,,,,55.5,,55,169.9,2.8,0.79,0.616,,,3.4,99.1,150,,,coupling_failed,"coupling_failed: Mms free-air radiation-mass correction exceeds 50% of Mms (0.557), check Sd/Mms, stated Mms=55.5 g, computed Mmd=24.5635 g, radiation mass difference=55.74% (limit 50%)",55,55.2788279347,0.506959881269,0.79,0.784606396676,0.682734598021,169.9,169.9,1.67284928961e-14,0.616,0.616155988858,0.0253228665485,55.5,24.5634990721,55.7414431133,,,,,,,,,,,,,,,,,,,,,,,,,,,
356bf09d403d12678f2f3640,Jensen,C12N,8,12,,,490.8,10.4,6.5,,,,24.7,,112,27.6,7.01,1.05,0.913,,,1,98.6,50,,,coupling_failed,"coupling_failed: Mms free-air radiation-mass correction exceeds 50% of Mms (0.508), check Sd/Mms, stated Mms=24.7 g, computed Mmd=12.1601 g, radiation mass difference=50.77% (limit 50%)",112,112.602249396,0.537722674885,1.05,1.04457955732,0.516232636323,27.6,27.6,0,0.913,0.913213399504,0.0233734396191,24.7,12.1601221417,50.7687362683,,,,,,,,,,,,,,,,,,,,,,,,,,,
1cb8dee700f8c2ff23487f57,Jensen,C15K,8,15,,,754.7,12.1,6.7,,,,43.3,,73,87.6,14.39,0.91,0.856,,,1,98.5,100,,,coupling_failed,"coupling_failed: Mms free-air radiation-mass correction exceeds 50% of Mms (0.552), check Sd/Mms, stated Mms=43.3 g, computed Mmd=19.389 g, radiation mass difference=55.22% (limit 50%)",73,73.4047017814,0.554386001896,0.91,0.908855180186,0.125804375183,87.6,87.6,0,0.856,0.855875816993,0.0145073605766,43.3,19.3889856398,55.2217421713,,,,,,,,,,,,,,,,,,,,,,,,,,,
83fcdd7c2b1e10342fb670b4,Jensen,C15N,4,15,,,754.7,7.7,3.12,,,,41.1,,74.2,89.4,5.93,1.02,0.87,,,1.5,101.6,50,,,coupling_failed,"coupling_failed: Mms free-air radiation-mass correction exceeds 50% of Mms (0.582), check Sd/Mms, stated Mms=41.1 g, computed Mmd=17.189 g, radiation mass difference=58.18% (limit 50%)",74.2,74.5813447208,0.513941672288,1.02,1.00832083047,1.1450166205,89.4,89.4,0,0.87,0.870302158273,0.0347308360208,41.1,17.1889856398,58.1776505114,,,,,,,,,,,,,,,,,,,,,,,,,,,
354ee5166cadd685ba88d8d6,Jensen,NEO 12,8,12,,,490.9,11.5,6.73,,,,25,,92,40.4,15.11,0.74,0.705,,,1,99,100,,,coupling_failed,"coupling_failed: Mms free-air radiation-mass correction exceeds 50% of Mms (0.502), check Sd/Mms, stated Mms=25 g, computed Mmd=12.4563 g, radiation mass difference=50.17% (limit 50%)",92,92.5290013852,0.57500150562,0.74,0.73540586291,0.620829336501,40.4,40.4,0,0.705,0.705451104101,0.0639863972974,25,12.4562894655,50.1748421379,,,,,,,,,,,,,,,,,,,,,,,,,,,
9f42921afbb54266dd48f884,Jensen,P12Q,8,12,,,491,5.5,5.72,,,,22.1,,90.4,47.5,10.62,2.38,1.944,,,0.8,95.1,40,,,coupling_failed,"coupling_failed: Mms free-air radiation-mass correction exceeds 50% of Mms (0.568), check Sd/Mms, stated Mms=22.1 g, computed Mmd=9.55246 g, radiation mass difference=56.78% (limit 50%)",90.4,90.7787253402,0.418943960347,2.38,2.37362016208,0.268060416658,47.5,47.5,0,1.944,1.94427692308,0.014245014245,22.1,9.55245639891,56.7762153895,,,,,,,,,,,,,,,,,,,,,,,,,,,
b650ed4729d09978e3de0cb2,Jensen,P12R,8,12,,,490.8,5.4,6,,,,20.1,,80,66.4,12.73,2.09,1.795,,,0.8,95.3,25,,,coupling_failed,"coupling_failed: Mms free-air radiation-mass correction exceeds 50% of Mms (0.624), check Sd/Mms, stated Mms=20.1 g, computed Mmd=7.56012 g, radiation mass difference=62.39% (limit 50%)",80,80.4763027076,0.595378384441,2.09,2.0788810646,0.532006478579,66.4,66.4,0,1.795,1.79525641026,0.0142846939504,20.1,7.56012214174,62.3874520311,,,,,,,,,,,,,,,,,,,,,,,,,,,
0c9a6b07d53bb68ad0cef07d,Jensen,P15N,64,15,,,754.7,27.2,50,,,,41.5,,77,82.1,9.63,1.36,1.192,,,1,88.4,50,,,coupling_failed,"coupling_failed: Mms free-air radiation-mass correction exceeds 50% of Mms (0.576), check Sd/Mms, stated Mms=41.5 g, computed Mmd=17.589 g, radiation mass difference=57.62% (limit 50%)",77,77.4505048441,0.585071226049,1.36,1.35690951078,0.227241854497,82.1,82.1,0,1.192,1.19170154686,0.025038015035,41.5,17.5889856398,57.6169020727,,,,,,,,,,,,,,,,,,,,,,,,,,,
01daa6fa3beee61b45d3d3f7,LaVoce,FSF041.00,8.0,3.94,,,56,4.27,5.8,0.05,,,4.1,,132,1.57,4.09,1.07,0.85,0.51,,2.2,89,40,,,vas_inconsistent,"vas_inconsistent: stated=1.57 L, computed=2.26567 L, difference=44.31% (limit 20%)",132,110.063448313,16.618599763,1.07,1.08170764672,1.09417259036,1.57,2.26567194297,44.3103148389,0.85,0.848120155039,0.221158230734,4.1,3.61669808518,11.787851581,,,,,,,,,,,,,,,,,,,,,,,,,,,
91aada240ec26527325b85e2,LaVoce,FSN021.00,8,2,,,19,3.6,5.7,0.07,,,1.25,,220,0.2831684659,3,0.73,0.59,0.4,,1.8,,20,,,vas_inconsistent,"vas_inconsistent: stated=0.283168 L, computed=0.204559 L, difference=27.76% (limit 20%)",220,225.079079039,2.30867229058,0.73,0.759945445139,4.10211577249,0.2831684659,0.20455871634,27.7607710698,0.59,0.587131367292,0.486208933521,1.25,1.1544860344,7.64111724814,,,,,,,,,,,,,,,,,,,,,,,,,,,
b77956ddb85640bdd00a441c,LaVoce,SSF102.50L,8.0,10.0,,,350.0,14.71,5.7,1.33,,,74.54,,44.0,30.68,5.6,0.54,0.49,0.137,,11.4,90.5,400.0,,,vas_inconsistent,"vas_inconsistent: stated=30.68 L, computed=23.7743 L, difference=22.51% (limit 20%)",44,49.8041065824,13.1911513236,0.54,0.542839502096,0.525833721514,30.68,23.774284328,22.5088516035,0.49,0.492508143322,0.511865984179,74.54,66.9884075809,10.1309262397,,,,,,,,,,,,,,,,,,,,,,,,,,,
092927acd3dfc8fb2c130795,LII Audio,F-18,8,18,,,1194.6,9.5,7.2,,,,51.2,,38.7,661.8,18.656,0.985,0.936,,,3.2,98.3,40,,,coupling_failed,"coupling_failed: Mms free-air radiation-mass correction exceeds 50% of Mms (0.930), check Sd/Mms, stated Mms=51.2 g, computed Mmd=3.5821 g, radiation mass difference=93.00% (limit 50%)",38.7,38.8749352247,0.452029004386,0.985,0.993221427196,0.834662659468,661.8,661.8,1.7178428184e-14,0.936,0.935602056922,0.0425152861383,51.2,3.58209975189,93.0037114221,,,,,,,,,,,,,,,,,,,,,,,,,,,
22270a6f084064f133f0d1bb,LII Audio,FAST-15,16,15,,,938.2,19.3,8.18,,,,64,,36.5,366.4,7.583,0.324,0.311,,,2,99.3,40,,,coupling_failed,"coupling_failed: Mms free-air radiation-mass correction exceeds 50% of Mms (0.518), check Sd/Mms, stated Mms=64 g, computed Mmd=30.8579 g, radiation mass difference=51.78% (limit 50%)",36.5,36.7006063064,0.549606318973,0.324,0.322323071166,0.517570627851,366.4,366.4,1.55140335319e-14,0.311,0.310723662577,0.0888544767,64,30.8579309199,51.7844829377,,,,,,,,,,,,,,,,,,,,,,,,,,,
3cd98da4e00a9491f9c4d6af,Markaudio,CHP-70Khaki,8,,,,50.2,4.2,7.2,,,,3.7,,50.2,,2.3,0.76,0.52,,,4,86.5,20,,,qes_inconsistent,"qes_inconsistent: stated=0.76 , computed=0.476342 , difference=37.32% (limit 20%)",50.2,50.2,0,0.76,0.476342383247,37.3233706254,,,,0.52,0.571241830065,9.85419808949,3.7,3.28980340501,11.0863944593,,,,,,,,,,,,,,,,,,,,,,,,,,,
7e0a004c0d6dfbc4c6e9e6e2,Monacor,SP-305PA,8,12,,,495,10,6,,,,22.5,,35,315,4.95,0.3,0.283,,,5.3,99.8,175,,,coupling_failed,"coupling_failed: Mms free-air radiation-mass correction exceeds 50% of Mms (0.564), check Sd/Mms, stated Mms=22.5 g, computed Mmd=9.79881 g, radiation mass difference=56.45% (limit 50%)",35,35.2212036008,0.632010287948,0.3,0.296880505764,1.03983141192,315,315,0,0.283,0.282857142857,0.0504795557799,22.5,9.79881406791,56.4497152537,,,,,,,,,,,,,,,,,,,,,,,,,,,
786c8491ef625e651072a7be,Monacor,SP-38/300PA,8,15,,,855,19.8,5.9,,,,52.9,,48,213,5.68,0.24,0.23,,,4,103.2,300,,,coupling_failed,"coupling_failed: Mms free-air radiation-mass correction exceeds 50% of Mms (0.545), check Sd/Mms, stated Mms=52.9 g, computed Mmd=24.0673 g, radiation mass difference=54.50% (limit 50%)",48,48.2496321717,0.520067024275,0.24,0.240103454695,0.0431061230395,213,213,1.33435255542e-14,0.23,0.23027027027,0.117508813161,52.9,24.0672778154,54.5042007271,,,,,,,,,,,,,,,,,,,,,,,,,,,
fb6885126512d224f4e7efe2,Monacor,SP-382PA,8,15,,,825,10.9,7,0.8,,,73,,25,,3.03,0.99,0.75,,,3.5,94,150,,,qes_inconsistent,"qes_inconsistent: stated=0.99 , computed=0.675597 , difference=31.76% (limit 20%)",25,25,0,0.99,0.675597107139,31.7578679657,,,,0.75,0.746194029851,0.507462686567,73,45.6713991155,37.4364395678,,,,,,,,,,,,,,,,,,,,,,,,,,,
866b257f2e137ebb23f8dae3,Morel,EM1308,8,2.125,,,28,5.2,6.2,0.2,,,3,,320,,0.9,1.01,0.47,,,1,88,200,,,qes_inconsistent,"qes_inconsistent: stated=1.01 , computed=1.38304 , difference=36.94% (limit 20%)",320,320,0,1.01,1.38304433981,36.935083149,,,,0.47,0.475916230366,1.2587724184,3,2.82912696933,5.69576768885,,,,,,,,,,,,,,,,,,,,,,,,,,,
5d5b66dfe3d8c301d1a052d3,Morel,MW1254,4,,,,457.5,11.81,2.95,1.15,,,90,,30.9,,2.34,0.54,0.44,,7.98,10,87,500,,,qes_inconsistent,"qes_inconsistent: stated=0.54 , computed=0.369575 , difference=31.56% (limit 20%)",30.9,30.9,1.14974552712e-14,0.54,0.36957541902,31.5601075888,,,,0.44,0.43875,0.284090909091,90,78.7144397701,12.5395113666,,,,,,,,,,,,,,,,,,,,,,,,,,,
d525a009ed0133a9919084a0,Morel,PowerSlim6Carbon,4,,,,141,4.64,0.17,,,,20,,66,7.7,2.47,1.55,0.95,0.28,,2.75,84,80,,,qes_inconsistent,"qes_inconsistent: stated=1.55 , computed=0.0654888 , difference=95.77% (limit 20%)",66,67.2552386576,1.90187675393,1.55,0.0654887588683,95.7749187827,7.7,7.88582351159,2.41329235829,0.95,0.95236318408,0.248756218905,20,18.0690761613,9.65461919357,,,,,,,,,,,,,,,,,,,,,,,,,,,
f4576fcf9e5212a3cdfb3fba,Morel,PRIMO 104,4,10,,,320,10.5,3,,,,70,,35,38,3.1,0.68,0.56,,,8,85.6,300,,,qes_inconsistent,"qes_inconsistent: stated=0.68 , computed=0.418879 , difference=38.40% (limit 20%)",35,37.1667588548,6.19073958507,0.68,0.418879020479,38.4001440473,38,38,0,0.56,0.557671957672,0.415721844293,70,63.3982139938,9.43112286597,,,,,,,,,,,,,,,,,,,,,,,,,,,
0764938ebeb11d277c659027,Morel,TSCM 634,4,6.5,,,119,5.09,3.3,0.11,,,15.3,,49,13.3089179,4.25,0.56,0.53,0.86,,5.25,,150,,,vas_inconsistent,"vas_inconsistent: stated=13.3089 L, computed=17.2521 L, difference=29.63% (limit 20%)",49,43.8758143914,10.4575216502,0.56,0.599992407078,7.14150126391,13.3089179,17.2521478157,29.6284787792,0.53,0.494802494802,6.64103871651,15.3,13.8028789477,9.78510491671,,,,,,,,,,,,,,,,,,,,,,,,,,,
4ff49b6add4c894003201df0,Morel,Ultimate UW 1058,8,10,,,346,15.3,6.8,1.33,,,99.3,,26,40.77625909,1.72,0.58,0.43,0.24,,12.5,,500,,,fs_inconsistent,"fs_inconsistent: stated=26 Hz, computed=32.6017 Hz, difference=25.39% (limit 20%)",26,32.6016729607,25.3910498487,0.58,0.471225209182,18.754274279,40.77625909,40.7018580919,0.182461559078,0.43,0.433739130435,0.869565217391,99.3,91.8774928695,7.47483094715,,,,,,,,,,,,,,,,,,,,,,,,,,,
9f27b3895412db772617f6a0,Morel,UW1058,8,10,,,346,0.64,6.8,1.33,,,99.3,,26,,1.72,0.58,0.43,,11.69,12.5,85.8,500,,,qes_inconsistent,"qes_inconsistent: stated=0.58 , computed=269.309 , difference=46332.65% (limit 20%)",26,26,1.366428338e-14,0.58,269.309348675,46332.6463233,,,,0.43,0.433739130435,0.869565217391,99.3,91.8774928695,7.47483094715,,,,,,,,,,,,,,,,,,,,,,,,,,,
81656ef3a84f1f9f3388013c,Morel,UW1258,8,12,,,437,0.64,6.8,1.33,,,104.49,,21,138.38,1.88,0.56,0.43,0.44,8.15,12.5,87,800,,,qes_inconsistent,"qes_inconsistent: stated=0.56 , computed=228.888 , difference=40772.84% (limit 20%)",21,23.4723422403,11.7730582872,0.56,228.887911807,40772.8413942,138.38,119.032717038,13.98127111,0.43,0.431475409836,0.343118566527,104.49,93.9544155956,10.082863819,,,,,,,,,,,,,,,,,,,,,,,,,,,
a225c3fced0d3377f9e8cb88,Morel,UW958,8,,,,243,0.64,6.2,1.32,,,65.5,,28,39.5,1.61,0.45,0.35,0.47,7.37,11.5,85.8,500,,,qes_inconsistent,"qes_inconsistent: stated=0.45 , computed=174.426 , difference=38661.31% (limit 20%)",28,28.6847158862,2.44541387914,0.45,174.425887429,38661.3083175,39.5,39.3152644829,0.467684853354,0.35,0.351699029126,0.485436893204,65.5,61.1313637444,6.66967367264,,,,,,,,,,,,,,,,,,,,,,,,,,,
8bcbc03d7a9387de7fbdea08,P.Audio,E10-150S,8,10,,,363,9.48,5.8,,,,20.4,,53,84.09,5.15,0.55,0.5,,,4.1,95.4,150,,,qes_inconsistent,"qes_inconsistent: stated=0.55 , computed=0.438427 , difference=20.29% (limit 20%)",53,52.500675944,0.942120860434,0.55,0.438426931825,20.2860123954,84.09,84.09,3.37991549892e-14,0.5,0.496929824561,0.614035087719,20.4,12.4237930642,39.0990536067,,,,,,,,,,,,,,,,,,,,,,,,,,,
4fe97554d50aa5a56ffc2a61,P.Audio,E15-150S,8,15,,,830,11.7,5.2,,,,54.1,,42.9,245.7,12.98,0.55,0.528,,,2.5,99.3,150,,,coupling_failed,"coupling_failed: Mms free-air radiation-mass correction exceeds 50% of Mms (0.510), check Sd/Mms, stated Mms=54.1 g, computed Mmd=26.5226 g, radiation mass difference=50.97% (limit 50%)",42.9,43.1243350379,0.52292549625,0.55,0.553944233526,0.717133368419,245.7,245.7,1.15676473058e-14,0.528,0.527642276423,0.0677506775068,54.1,26.5225812416,50.9748960413,,,,,,,,,,,,,,,,,,,,,,,,,,,
c6741460aff6c8e86d8ef136,Peavey,1505 DT,8,15,,,854,16.2,5.2,,,,55.8,,52,171.5,2.696,0.361,0.318,,,4.7,102.1,350,,,coupling_failed,"coupling_failed: Mms free-air radiation-mass correction exceeds 50% of Mms (0.516), check Sd/Mms, stated Mms=55.8 g, computed Mmd=27.0178 g, radiation mass difference=51.58% (limit 50%)",52,52.2942861418,0.565934888162,0.361,0.361235751158,0.0653050300418,171.5,171.5,0,0.318,0.318369643441,0.116240075875,55.8,27.017846745,51.5809198117,,,,,,,,,,,,,,,,,,,,,,,,,,,
1b97a59138ffaa77de7dbfdb,Peavey,1801-4 v1993,4,18,,,1200,13.1,3.5,,,,94,,40.6,330,8.9,0.49,0.464,,,5,102.1,350,,,coupling_failed,"coupling_failed: Mms free-air radiation-mass correction exceeds 50% of Mms (0.510), check Sd/Mms, stated Mms=94 g, computed Mmd=46.0589 g, radiation mass difference=51.00% (limit 50%)",40.6,40.8136916646,0.526334149357,0.49,0.48905669496,0.192511232611,330,330,1.72252784427e-14,0.464,0.464430244941,0.0927252028937,94,46.0588613928,51.0012112842,,,,,,,,,,,,,,,,,,,,,,,,,,,
69bfd115c888646afe3a0625,Peerless by Tymphany,STW-350F188PR01-04,6,,,,775,43.3,2,9.19,,,561,,21,90.3,14.6,0.47,0.46,0.11,,37.2,79.2,2500,,,qes_inconsistent,"qes_inconsistent: stated=0.47 , computed=0.0789617 , difference=83.20% (limit 20%)",21,20.2601360987,3.52316143455,0.47,0.0789616522611,83.1996484551,90.3,93.5937582421,3.64757280412,0.46,0.455341738553,1.01266553187,561,536.117785534,4.43533234681,,,,,,,,,,,,,,,,,,,,,,,,,,,
50f082928f2ef78b2ffbe368,Philips,AD1256,8,12,,,572.6,9.7,7.8,,,,25.3,,39.7,291.6,4.77,0.52,0.469,,,4.3,97.5,40,,,coupling_failed,"coupling_failed: Mms free-air radiation-mass correction exceeds 50% of Mms (0.625), check Sd/Mms, stated Mms=25.3 g, computed Mmd=9.49795 g, radiation mass difference=62.46% (limit 50%)",39.7,39.9340036374,0.589429817189,0.52,0.523169033948,0.609429605446,291.6,291.6,1.94936278672e-14,0.469,0.468884688091,0.0245867610368,25.3,9.49794784657,62.4587041638,,,,,,,,,,,,,,,,,,,,,,,,,,,
c260ec7a60cacd5b2526bda5,Philips,AD5200,8,12,,,572.6,9.7,7.8,,,,25.3,,39.7,291.6,4.77,0.52,0.469,,,4.3,97.5,40,,,coupling_failed,"coupling_failed: Mms free-air radiation-mass correction exceeds 50% of Mms (0.625), check Sd/Mms, stated Mms=25.3 g, computed Mmd=9.49795 g, radiation mass difference=62.46% (limit 50%)",39.7,39.9340036374,0.589429817189,0.52,0.523169033948,0.609429605446,291.6,291.6,1.94936278672e-14,0.469,0.468884688091,0.0245867610368,25.3,9.49794784657,62.4587041638,,,,,,,,,,,,,,,,,,,,,,,,,,,
c9b4d0ad01c8733ce11cebcf,PRV Audio,6MR400SEAL PRO,8,6.5,,,149,8.15,6.4,1.21,,,9.51,,356.9,18.43426713,12.4,2.05,1.76,,,3.5,,400,,,fs_inconsistent,"fs_inconsistent: stated=356.9 Hz, computed=67.4107 Hz, difference=81.11% (limit 20%)",356.9,67.4106634666,81.1121705053,2.05,2.05481009059,0.234638565474,18.43426713,18.43426713,0,1.76,1.75916955017,0.0471846492608,9.51,7.41243282588,22.0564371622,,,,,,,,,,,,,,,,,,,,,,,,,,,
a9ebf7451bf01214799cda4b,RCF,L 15P/02,8,15,,,850,14.6,6.4,,,,27.7,,59,266,2.23,0.31,0.272,,,3.8,105.4,200,,,coupling_failed,"coupling_failed: Mms free-air radiation-mass correction exceeds 50% of Mms (1.032), check Sd/Mms, stated Mms=27.7 g, computed Mmd=-0.880174 g, radiation mass difference=103.18% (limit 50%)",59,59.3176248123,0.538347139543,0.31,0.30830879332,0.545550541845,266,266,0,0.272,0.272165354331,0.0607920333488,27.7,-0.880173694229,103.177522362,,,,,,,,,,,,,,,,,,,,,,,,,,,
1230f09d92fe70f913f033f4,RCF,L15P02,8,15,,,855,17.1,6.5,,,,52.7,,80,77,4.26,0.59,0.518,,,2.4,101.1,200,,,coupling_failed,"coupling_failed: Mms free-air radiation-mass correction exceeds 50% of Mms (0.547), check Sd/Mms, stated Mms=52.7 g, computed Mmd=23.8673 g, radiation mass difference=54.71% (limit 50%)",80,80.4009118836,0.501139854541,0.59,0.588845833446,0.195621449828,77,77,1.84556554743e-14,0.518,0.518226804124,0.0437845798671,52.7,23.8672778154,54.7110477887,,,,,,,,,,,,,,,,,,,,,,,,,,,
a6a10ff5e5c879368e5434e8,RCF,MB15N351,8,15,,,855,20.4,5.73,,,,56.5,,65.5,107,7.48,0.32,0.307,,,4.6,103.2,650,,,coupling_failed,"coupling_failed: Mms free-air radiation-mass correction exceeds 50% of Mms (0.510), check Sd/Mms, stated Mms=56.5 g, computed Mmd=27.6673 g, radiation mass difference=51.03% (limit 50%)",65.5,65.8711934236,0.566707516871,0.32,0.320157664567,0.0492701773147,107,107,0,0.307,0.306871794872,0.0417606280798,56.5,27.6672778154,51.0313666985,,,,,,,,,,,,,,,,,,,,,,,,,,,
60992ec1d71eed96a392d539,SB Audience,NERO-5CCN125D,8.0,5.0,,,93.3,10.6,5.4,0.03,,,7.9,,360.0,0.3,16.6,0.76,0.73,0.03,,3.2,99.0,125.0,,,vas_inconsistent,"vas_inconsistent: stated=0.3 L, computed=0.369943 L, difference=23.31% (limit 20%)",360,326.923363648,9.18795454233,0.76,0.858798920199,12.9998579209,0.3,0.369943446872,23.3144822907,0.73,0.726728110599,0.448204027524,7.9,6.86065689113,13.1562418845,,,,,,,,,,,,,,,,,,,,,,,,,,,
c48798a974a0e3f3f73a3725,Scan-Speak,D7608/920000,8,,,,55,4.7,5.7,0.13,,,3.3,,300,,7.75,2.22,1.73,0.09,,0.4,92,80,,,qes_inconsistent,"qes_inconsistent: stated=2.22 , computed=1.60507 , difference=27.70% (limit 20%)",300,292.039708975,2.65343034171,2.22,1.60507083243,27.6995120526,,,,1.73,1.72567703109,0.249882595764,3.3,2.82958570622,14.2549785994,,,,,,,,,,,,,,,,,,,,,,,,,,,
68e17222a2d23348d33a415a,Scan-Speak,D7608/920010,8,,,,55,4.7,5.7,0.13,,,3.3,,300,,7.75,2.22,1.73,0.09,,0.4,92,80,,,qes_inconsistent,"qes_inconsistent: stated=2.22 , computed=1.60507 , difference=27.70% (limit 20%)",300,292.039708975,2.65343034171,2.22,1.60507083243,27.6995120526,,,,1.73,1.72567703109,0.249882595764,3.3,2.82958570622,14.2549785994,,,,,,,,,,,,,,,,,,,,,,,,,,,
c55238d0d0d1e95f7867e953,SEAS,FU10RB,8,,,,38.5,3.56,6.42,0.16,,,4.05,,102,1,3.25,1.36,0.96,0.6,0.83,2,82.1,40,,,vas_inconsistent,"vas_inconsistent: stated=1 L, computed=1.25986 L, difference=25.99% (limit 20%)",102,102.097943597,0.0960231339492,1.36,1.31483148589,3.32121427299,1,1.25986353446,25.9863534464,0.96,0.958785249458,0.126536514823,4.05,3.77449621514,6.80256258918,,,,,,,,,,,,,,,,,,,,,,,,,,,
35ec19f20d3e0bb801fd0e52,Siemens,C 71233-4A-A1,16,10,,,314,11,13.3,,,,12.1,,70.2,58.6,7.41,0.59,0.546,,,4,95.1,80,,,coupling_failed,"coupling_failed: Mms free-air radiation-mass correction exceeds 50% of Mms (0.530), check Sd/Mms, stated Mms=12.1 g, computed Mmd=5.68302 g, radiation mass difference=53.03% (limit 50%)",70.2,70.6372339853,0.622840434941,0.59,0.58663587939,0.570189933876,58.6,58.6,0,0.546,0.5464875,0.0892857142857,12.1,5.68301613344,53.032924517,,,,,,,,,,,,,,,,,,,,,,,,,,,
add4bbef5e8e381566005e09,Sphynx,SP-W12-BP ferrite,8,12,,,572.6,5.8,7.9,,,,29.4,,34.3,337,3.77,1.48,1.063,,,6,91.7,100,,,coupling_failed,"coupling_failed: Mms free-air radiation-mass correction exceeds 50% of Mms (0.537), check Sd/Mms, stated Mms=29.4 g, computed Mmd=13.5979 g, radiation mass difference=53.75% (limit 50%)",34.3,34.4594433699,0.464849474987,1.48,1.48796399664,0.538107881105,337,337,0,1.063,1.06278095238,0.0206065492989,29.4,13.5979478466,53.7484767124,,,,,,,,,,,,,,,,,,,,,,,,,,,
ef865400d889487497ea8d31,Sphynx,SP-W12-BP v2015,8,12,,,576,5.8,7.9,,,,29.7,,34.3,337,3.77,1.48,1.063,,,6,91.7,100,,,coupling_failed,"coupling_failed: Mms free-air radiation-mass correction exceeds 50% of Mms (0.537), check Sd/Mms, stated Mms=29.7 g, computed Mmd=13.757 g, radiation mass difference=53.68% (limit 50%)",34.3,34.4885422553,0.549685875603,1.48,1.50314730273,1.56400694112,337,337,0,1.063,1.06278095238,0.0206065492989,29.7,13.7569943347,53.6801537554,,,,,,,,,,,,,,,,,,,,,,,,,,,
5d646ba3498bc17bfc5d26ad,Sphynx,SP-W15-SONO,8,15,,,855,12.7,5.5,,,,47.8,,38,376,2.31,0.387,0.331,,,4,100.9,150,,,coupling_failed,"coupling_failed: Mms free-air radiation-mass correction exceeds 50% of Mms (0.603), check Sd/Mms, stated Mms=47.8 g, computed Mmd=18.9673 g, radiation mass difference=60.32% (limit 50%)",38,38.2035546601,0.535670158266,0.387,0.389176501059,0.562403374386,376,376,1.51179305481e-14,0.331,0.331468298109,0.141479791242,47.8,18.9672778154,60.3195024783,,,,,,,,,,,,,,,,,,,,,,,,,,,
9ecf3de40f4375a1df23779c,Sphynx,WRB15,16,15,,,851,15.4,8.1,,,,47.4,,38,376,2.31,0.387,0.331,,,4,99.2,150,,,coupling_failed,"coupling_failed: Mms free-air radiation-mass correction exceeds 50% of Mms (0.604), check Sd/Mms, stated Mms=47.4 g, computed Mmd=18.7694 g, radiation mass difference=60.40% (limit 50%)",38,38.1849298125,0.486657401386,0.387,0.386531937679,0.120946336271,376,376,0,0.331,0.331468298109,0.141479791242,47.4,18.769375874,60.4021606033,,,,,,,,,,,,,,,,,,,,,,,,,,,
68053abe97120273040feeaa,STX,CS.18.140.4.FG,4,,,180,133,,3.7,,,,,,86,,3.41,1.16,0.89,,,3,87,70,,,driver_spec_invalid,driver_spec_invalid: bl_t_m: Field required,,,,,,,,,,0.89,0.865557986871,2.74629361001,,,,,,,,,,,,,,,,,,,,,,,,,,,,,,
e4b1991b1aaf3df7b785ed86,STX,D.12.800.8.TI,8,,1,116,,,5.9,,,,,,900,,,,,,,0.95,109,60,1600,,driver_spec_invalid,"driver_spec_invalid: sd_cm2: Field required, bl_t_m: Field required",,,,,,,,,,,,,,,,,,,,,,,,,,,,,,,,,,,,,,,,,,
0b329700d5a28bc05dba7333,STX,D.14.1000.8.TI,8,,1,135,,,7.1,,,,,,900,,,,,,,1.05,108,80,1300,,driver_spec_invalid,"driver_spec_invalid: sd_cm2: Field required, bl_t_m: Field required",,,,,,,,,,,,,,,,,,,,,,,,,,,,,,,,,,,,,,,,,,
3d3f3140d62e6b26f7b3336e,STX,D.9.500.8.TI,8,,1,91,,,6.4,,,,,,1350,,,,,,,0.8,107,50,1900,,driver_spec_invalid,"driver_spec_invalid: sd_cm2: Field required, bl_t_m: Field required",,,,,,,,,,,,,,,,,,,,,,,,,,,,,,,,,,,,,,,,,,
4902d2d4cdce4778c845a021,STX,F.18.140.4.WMCX,4,,,180,133,3.42,3.3,0.09,,,10.9,,52,21,2.41,1.01,0.71,0.86,,4,90,70,,,source_hold,"source_hold: source_parameter_conflict: Detailed table Fs 52 Hz/Vas 21 L versus summary 49 Hz/24 L, detailed table retained pending confirmation.",52,51.982559226,0.0335399499901,1.01,1.00478105451,0.51672727632,21,21.5502607664,2.6202893637,0.71,0.711725146199,0.242978337863,10.9,9.13105660199,16.2288385139,,,,,,,,,,,,,,,,,,,,,,,,,,,
0ccc6a32e0ca81610f3a3c85,STX,F.30.300.8.MC,8,12,,305,490,7.1,6.1,0.39,,,48,,55,57,2.10,2.08,1.51,0.17,,4,94,150,,,qts_inconsistent,"qts_inconsistent: stated=1.51, computed Qms*Qes/(Qms+Qes)=1.04498, difference=30.80% (limit 20%)",55,55.7153742715,1.30068049372,2.08,2.00722904556,3.49860357871,57,57.8218360446,1.44181762202,1.51,1.04497607656,30.7962863209,48,35.4907694926,26.0608968905,,,,,,,,,,,,,,,,,,,,,,,,,,,
06dc335a817feb4cbfee548e,STX,M.11.100.8.MC,8,4,,116,57,2.7,5.5,0.15,,,2.7,,110,3.2,2.77,1.90,1.12,0.71,,1,88,50,,,qes_inconsistent,"qes_inconsistent: stated=1.9 , computed=1.4079 , difference=25.90% (limit 20%)",110,114.950026362,4.50002396518,1.9,1.40789892994,25.9000563188,3.2,3.26782549353,2.11954667266,1.12,1.12698072805,0.623279290303,2.7,2.20369487624,18.3816712505,,,,,,,,,,,,,,,,,,,,,,,,,,,
a8b7e3afec338b2773da4c3d,STX,M.15.250.8.FCX,8,5,,156,95,8.9,5.8,0.28,,,12,,58,7.7,3.30,0.33,0.30,0.61,,2.25,90.5,75,,,source_hold,"source_hold: source_parameter_conflict: Detailed versus summary values differ for Fs and AES power, detailed-table set preserved pending confirmation.",58,58.8253596555,1.42303388887,0.33,0.320211620351,2.96617565114,7.7,7.79880106045,1.28313065516,0.3,0.3,0,12,10.9321214006,8.89898832859,,,,,,,,,,,,,,,,,,,,,,,,,,,
ecbb0645d993b461c58dd6ee,STX,M.18.200.8.MCX,8,6.5,,181.5,143,7.4,5.7,0.26,,,13.5,,70,13,2.20,0.57,0.45,0.45,,3,92,75,,,source_hold,"source_hold: source_power_conflict: Detailed table AES 75 W versus features 100 W, 75 W retained pending confirmation.",70,64.5724092369,7.75370109007,0.57,0.618049263278,8.42969531199,13,13.0357308566,0.274852743065,0.45,0.452707581227,0.601684717208,13.5,11.5278473318,14.6085382828,,,,,,,,,,,,,,,,,,,,,,,,,,,
ad39f2efda9e2a79aa0b8a23,STX,T.10.100.8.PC,8,3.5,,103.8,,,5.1,,,,,,690,,,,,,,0.25,91,12,2200,,driver_spec_invalid,"driver_spec_invalid: sd_cm2: Field required, bl_t_m: Field required",,,,,,,,,,,,,,,,,,,,,,,,,,,,,,,,,,,,,,,,,,
4ff417524fc30ed6a36c18b7,STX,T.10.150.4.MS,4,4,,103.8,,,2.8,,,,,,1050,,,,,,,0.375,90,15,3000,,driver_spec_invalid,"driver_spec_invalid: sd_cm2: Field required, bl_t_m: Field required",,,,,,,,,,,,,,,,,,,,,,,,,,,,,,,,,,,,,,,,,,
2ccd81aa521d7c66159d28c5,STX,T.10.150.8.MS,8,4,,103.8,,,4.9,,,,,,850,,,,,,,0.25,90,15,2800,,driver_spec_invalid,"driver_spec_invalid: sd_cm2: Field required, bl_t_m: Field required",,,,,,,,,,,,,,,,,,,,,,,,,,,,,,,,,,,,,,,,,,
f58bc72d296a890f4326c84e,STX,T.10.150.8.MSX,8,4,,103.8,,,4.9,,,,,,650,,,,,,,0.25,90,15,2200,,driver_spec_invalid,"driver_spec_invalid: sd_cm2: Field required, bl_t_m: Field required",,,,,,,,,,,,,,,,,,,,,,,,,,,,,,,,,,,,,,,,,,
aeee987c8c747ff524f5b5f6,STX,T.10.200.8.ALX,8,4,,103.7,,,5.5,,,,,,700,,,,,,,0.3,90,25,2000,,driver_spec_invalid,"driver_spec_invalid: sd_cm2: Field required, bl_t_m: Field required",,,,,,,,,,,,,,,,,,,,,,,,,,,,,,,,,,,,,,,,,,
91b7654f7f86270a2a84919c,STX,T.10.200.8.MSX,8,4,,103.8,,,4.9,,,,,,650,,,,,,,0.25,90,20,2200,,driver_spec_invalid,"driver_spec_invalid: sd_cm2: Field required, bl_t_m: Field required",,,,,,,,,,,,,,,,,,,,,,,,,,,,,,,,,,,,,,,,,,
a0d6d2a9a74e3221d20e3ded,STX,T.10.200.8.PC,8,4,,103.7,,,5.1,,,,,,1050,,,,,,,0.5,92,20,2900,,driver_spec_invalid,"driver_spec_invalid: sd_cm2: Field required, bl_t_m: Field required",,,,,,,,,,,,,,,,,,,,,,,,,,,,,,,,,,,,,,,,,,
403ef4686f0606f23a561e60,STX,T.10.200.8.PCX,8,4,,103.7,,,5.5,,,,,,750,,,,,,,0.3,91,25,2000,,driver_spec_invalid,"driver_spec_invalid: sd_cm2: Field required, bl_t_m: Field required",,,,,,,,,,,,,,,,,,,,,,,,,,,,,,,,,,,,,,,,,,
b58455d30b53916c360a4203,STX,T.10.250.8.PC,8,,,103.7,,,5.1,,,,,,1040,,,,,,,0.5,98,25,2800,,driver_spec_invalid,"driver_spec_invalid: sd_cm2: Field required, bl_t_m: Field required",,,,,,,,,,,,,,,,,,,,,,,,,,,,,,,,,,,,,,,,,,
60da2d78c1a66d4a248162e3,STX,T.10.250.8.PCX,8,4,,103.7,,,5.5,,,,,,740,,,,,,,0.4,92,25,2000,,driver_spec_invalid,"driver_spec_invalid: sd_cm2: Field required, bl_t_m: Field required",,,,,,,,,,,,,,,,,,,,,,,,,,,,,,,,,,,,,,,,,,
dea410838d5c2fd345f4a99d,STX,T.10.800.8.AL,8,4,,115,,,5.8,,,,,,3200,,,,,,,0.75,106,30,4900,,driver_spec_invalid,"driver_spec_invalid: sd_cm2: Field required, bl_t_m: Field required",,,,,,,,,,,,,,,,,,,,,,,,,,,,,,,,,,,,,,,,,,
46b9d7013c6a0850ea1fc8db,STX,T.18.250.8.PH,8,,,,,,7.1,,,,,,1550,,,,,,,0.55,104,18,2500,,driver_spec_invalid,"driver_spec_invalid: sd_cm2: Field required, bl_t_m: Field required",,,,,,,,,,,,,,,,,,,,,,,,,,,,,,,,,,,,,,,,,,
46801ef325b4806195edc661,STX,T.9.100.4.MS,4,3.5,,91.5,,,2.8,,,,,,740,,,,,,,0.25,89,10,2400,,driver_spec_invalid,"driver_spec_invalid: sd_cm2: Field required, bl_t_m: Field required",,,,,,,,,,,,,,,,,,,,,,,,,,,,,,,,,,,,,,,,,,
4258c4931841eb9f23ff535b,STX,T.9.100.8.MS,8,3.5,,91.5,,,4.9,,,,,,640,,,,,,,0.25,89,10,2400,,driver_spec_invalid,"driver_spec_invalid: sd_cm2: Field required, bl_t_m: Field required",,,,,,,,,,,,,,,,,,,,,,,,,,,,,,,,,,,,,,,,,,
e098298c7b81d78a85b22582,STX,T.9.200.8.PC,8,4,,,,,5.1,,,,,,1050,,,,,,,0.5,92,20,2900,,driver_spec_invalid,"driver_spec_invalid: sd_cm2: Field required, bl_t_m: Field required",,,,,,,,,,,,,,,,,,,,,,,,,,,,,,,,,,,,,,,,,,
f59540426ad04ef566a9b279,STX,T.9.250.8.PH,8,,,,,,7.1,,,,,,1550,,,,,,,0.55,104,18,2500,,driver_spec_invalid,"driver_spec_invalid: sd_cm2: Field required, bl_t_m: Field required",,,,,,,,,,,,,,,,,,,,,,,,,,,,,,,,,,,,,,,,,,
93c9d479fd31d1fca384a87e,STX,W.15.140.8.MCX,8,5,,151,870,5.1,5.1,0.25,,,8.3,,45,16,1.74,0.46,0.36,1.51,,4,89,70,,,coupling_failed;vas_inconsistent,"coupling_failed: Mms free-air radiation-mass correction exceeds 50% of Mms (3.566), check Sd/Mms, stated Mms=8.3 g, computed Mmd=-21.2948 g, radiation mass difference=356.56% (limit 50%); vas_inconsistent: stated=16 L, computed=1619.07 L, difference=10019.20% (limit 20%)",45,44.9565123261,0.0966392753683,0.46,0.460150923967,0.0328095580382,16,1619.07232355,10019.2020222,0.36,0.363818181818,1.06060606061,8.3,-21.294796241,356.563810132,,,,,,,,,,,,,,,,,,,,,,,,,,,
b32f48625b402c364b5b9ee7,STX,W.15.160.8.FCX,8,5,,156,95,5.1,5.1,0.18,,,10.9,,37,21,6.30,0.37,0.35,1.65,,5.25,88,100,,,qes_inconsistent,"qes_inconsistent: stated=0.37 , computed=0.496864 , difference=34.29% (limit 20%)",37,37.5288201073,1.42924353331,0.37,0.496864438115,34.287685977,21,21.0951176225,0.452941059625,0.35,0.349475262369,0.149925037481,10.9,9.83212140057,9.79705137093,,,,,,,,,,,,,,,,,,,,,,,,,,,
3d9a958ef95e811d0159ba8d,STX,W.16.50.8.MC,8,6.5,,,143,3.1,5.3,0.37,,,13.2,,59,16.2,3.11,1.62,1.07,0.55,,3,87,30,,,qes_inconsistent,"qes_inconsistent: stated=1.62 , computed=2.69872 , difference=66.59% (limit 20%)",59,59.0679394874,0.115151673559,1.62,2.69872289296,66.5878328986,16.2,15.9325599358,1.65086459356,1.07,1.06515856237,0.452470806742,13.2,11.2278473318,14.9405505165,,,,,,,,,,,,,,,,,,,,,,,,,,,
a24a66d5ead0e8cf01224519,STX,W.18.140.8.WMCX,8,6.5,,180,143,5.9,3.3,0.62,,,14.9,,38,34,2.33,0.49,0.40,1.28,,4,89,70,,,qes_inconsistent,"qes_inconsistent: stated=0.49 , computed=0.337256 , difference=31.17% (limit 20%)",38,36.4436622123,4.09562575704,0.49,0.337255972969,31.1722504145,34,37.0794122143,9.05709474801,0.4,0.404858156028,1.21453900709,14.9,12.9278473318,13.2359239475,,,,,,,,,,,,,,,,,,,,,,,,,,,
593a11862cfde285fb073d8f,STX,W.18.180.16.FCX_v2,16,6.5,,182,125,9.1,10.2,0.43,,,13.7,,37,30,4.79,0.39,0.36,1.35,,6.25,90,140,,,source_hold,"source_hold: source_impedance_conflict: Model/catalogue specify 16 ohm, but the parameter section says 8 ohm.",37,37.0077740462,0.0210109356238,0.39,0.392301118809,0.590030463728,30,29.8816511273,0.394496242187,0.36,0.360637065637,0.176962676963,13.7,12.0882358383,11.76470191,,,,,,,,,,,,,,,,,,,,,,,,,,,
cdd36fdba9f812749cea40a9,STX,W.18.200.8.MCX_v2,8,6.5,,181.5,133,7.2,5.5,0.29,,,18.1,,34,30,2.54,0.41,0.35,1.20,,6,89,100,,,source_hold,source_hold: source_revision_conflict: Catalogue v2 versus descriptive heading/image captions v3.,34,34.1499617187,0.441063878415,0.41,0.410237216613,0.0578577104541,30,30.0701313019,0.233771006404,0.35,0.353016949153,0.861985472155,18.1,16.331056602,9.77316794482,,,,,,,,,,,,,,,,,,,,,,,,,,,
a7a16b765912d233679b3270,STX,W.22.200.8.MCX_v3,8,8,,227.5,214,6.1,5.0,0.29,,,21.7,,26,117,2.45,0.46,0.39,1.79,,5,91,100,,,source_hold,source_hold: source_revision_conflict: Catalogue v3 versus internal v4 and URL/response caption v2.,26,25.5366397131,1.7821549498,0.46,0.47634683557,3.55365990649,117,116.12650999,0.74657265819,0.39,0.387285223368,0.696096572385,21.7,18.0895849131,16.6378575435,,,,,,,,,,,,,,,,,,,,,,,,,,,
7459deb599ff899c551f8fcb,STX,W.25.400.2x4.MC,,10,,256,315,17,5.6,3.15,,,93,,32,35,3.00,0.37,0.33,0.25,,7.5,89,300,,,source_hold,"source_hold: source_impedance_conflict nominal_impedance_unresolved: Catalogue/title 2x4 ohm versus feature/parameter table 2x2 ohm, combined nominal Z not assigned.",32,33.0071975928,3.14749247742,0.37,0.362328903306,2.07326937685,35,35.1408217258,0.402347787875,0.33,0.329376854599,0.188831939574,93,86.5523373585,6.93297058226,,,,,,,,,,,,,,,,,,,,,,,,,,,
c535c44dcf75b3980dc986d0,Supravox,215-2000,8,10,,,283,7.2,4,,,,10.6,,47,121,8,0.24,0.233,,,2.6,102.2,20,,,coupling_failed,"coupling_failed: Mms free-air radiation-mass correction exceeds 50% of Mms (0.518), check Sd/Mms, stated Mms=10.6 g, computed Mmd=5.10945 g, radiation mass difference=51.80% (limit 50%)",47,47.3354322853,0.713685713486,0.24,0.241534175929,0.639239970321,121,121,1.17445080291e-14,0.233,0.233009708738,0.004166840285,10.6,5.10944648855,51.7976746363,,,,,,,,,,,,,,,,,,,,,,,,,,,
698e490bb468324cdc5c0def,Supravox,215-2000 v2017,4,10,,,283,7.2,3.99,,,,10.6,,47,121,8,0.24,0.233,,,2.6,102.2,20,,,coupling_failed,"coupling_failed: Mms free-air radiation-mass correction exceeds 50% of Mms (0.518), check Sd/Mms, stated Mms=10.6 g, computed Mmd=5.10945 g, radiation mass difference=51.80% (limit 50%)",47,47.3354322853,0.713685713486,0.24,0.240930340489,0.387641870395,121,121,1.17445080291e-14,0.233,0.233009708738,0.004166840285,10.6,5.10944648855,51.7976746363,,,,,,,,,,,,,,,,,,,,,,,,,,,
633b0c91de0bfb03b3fcf0df,Supravox,285 GMF,8,12,,,442.6,9.4,5.86,,,,18.4,,37.9,263,6.85,0.29,0.278,,,4,100.3,70,,,coupling_failed,"coupling_failed: Mms free-air radiation-mass correction exceeds 50% of Mms (0.584), check Sd/Mms, stated Mms=18.4 g, computed Mmd=7.66125 g, radiation mass difference=58.36% (limit 50%)",37.9,38.1127383802,0.561314987359,0.29,0.290588758942,0.203020324669,263,263,2.16134672475e-14,0.278,0.278221288515,0.0796001853979,18.4,7.6612535203,58.362752607,,,,,,,,,,,,,,,,,,,,,,,,,,,
39b5a54e19707cdacd1e9961,Supravox,285 GMF,8,12,,,471,10.6,6.5,,,,18,,47.8,191,11.26,0.314,0.305,,,4,101.1,70,,,coupling_failed,"coupling_failed: Mms free-air radiation-mass correction exceeds 50% of Mms (0.655), check Sd/Mms, stated Mms=18 g, computed Mmd=6.21125 g, radiation mass difference=65.49% (limit 50%)",47.8,48.1186573581,0.666647192652,0.314,0.31273889417,0.401626060534,191,191,0,0.305,0.30548125108,0.157787239347,18,6.21124787944,65.4930673365,,,,,,,,,,,,,,,,,,,,,,,,,,,
ccf94c1ea44f501dcea01def,Supravox,285 GMF,8,12,,,471,10.2,6.5,,,,18.7,,47.6,186,10.1,0.346,0.335,,,4,100.5,70,,,coupling_failed,"coupling_failed: Mms free-air radiation-mass correction exceeds 50% of Mms (0.630), check Sd/Mms, stated Mms=18.7 g, computed Mmd=6.91125 g, radiation mass difference=63.04% (limit 50%)",47.6,47.8397786596,0.503736679736,0.346,0.349414916249,0.986970014238,186,186,0,0.335,0.334539536665,0.137451741865,18.7,6.91124787944,63.0414551902,,,,,,,,,,,,,,,,,,,,,,,,,,,
8c9f154e9af6abff384efd34,Supravox,285 GMF,8,12,,,448.8,11.5,6.5,,,,20.9,,59.3,97.4,14.593,0.385,0.375,,,3.3,100.1,70,,,coupling_failed,"coupling_failed: Mms free-air radiation-mass correction exceeds 50% of Mms (0.525), check Sd/Mms, stated Mms=20.9 g, computed Mmd=9.93482 g, radiation mass difference=52.46% (limit 50%)",59.3,59.5862091454,0.482646113741,0.385,0.382735303834,0.588232770413,97.4,97.4,1.45901999129e-14,0.375,0.375103818934,0.0276850491833,20.9,9.93482044474,52.4649739486,,,,,,,,,,,,,,,,,,,,,,,,,,,
16041e1aa5b800d3bdbb0a3d,Supravox,285 GMF,8,12,,,471,11.5,6.5,,,,21.8,,50.2,143,7.764,0.337,0.323,,,3.7,100.2,70,,,coupling_failed,"coupling_failed: Mms free-air radiation-mass correction exceeds 50% of Mms (0.541), check Sd/Mms, stated Mms=21.8 g, computed Mmd=10.0112 g, radiation mass difference=54.08% (limit 50%)",50.2,50.5324286517,0.662208469567,0.337,0.337954127584,0.283123912141,143,143,1.987532128e-14,0.323,0.32298086656,0.00592366573251,21.8,10.0112478794,54.0768445897,,,,,,,,,,,,,,,,,,,,,,,,,,,
3d22a89991a5ce38fafd1f5a,Supravox,285 GMF,8,12,,,471,11.1,6.5,,,,20.3,,47.2,174,8.24,0.32,0.308,,,4,100.4,70,,,coupling_failed,"coupling_failed: Mms free-air radiation-mass correction exceeds 50% of Mms (0.581), check Sd/Mms, stated Mms=20.3 g, computed Mmd=8.51125 g, radiation mass difference=58.07% (limit 50%)",47.2,47.472684815,0.577722065677,0.32,0.317603517738,0.748900706805,174,174,0,0.308,0.308037383178,0.012137395315,20.3,8.51124787944,58.0726705446,,,,,,,,,,,,,,,,,,,,,,,,,,,
66e807c16f5b35c3cb27a6e6,Supravox,285 GMF,8,12,,,471,10.9,6.5,,,,19.9,,48,172,9.04,0.326,0.315,,,4,100.5,70,,,coupling_failed,"coupling_failed: Mms free-air radiation-mass correction exceeds 50% of Mms (0.592), check Sd/Mms, stated Mms=19.9 g, computed Mmd=8.11125 g, radiation mass difference=59.24% (limit 50%)",48,48.2253818795,0.469545582352,0.326,0.328348126717,0.720284268941,172,172,0,0.315,0.314653000214,0.110158662369,19.9,8.11124787944,59.2399604048,,,,,,,,,,,,,,,,,,,,,,,,,,,
29a1cf4c14f1a2eade51c867,Supravox,285 GMF,8,12,,,471,11.1,6.5,,,,20.2,,50.4,154,8.482,0.338,0.325,,,3.9,100.5,70,,,coupling_failed,"coupling_failed: Mms free-air radiation-mass correction exceeds 50% of Mms (0.584), check Sd/Mms, stated Mms=20.2 g, computed Mmd=8.41125 g, radiation mass difference=58.36% (limit 50%)",50.4,50.5860060783,0.369059679192,0.338,0.337465339128,0.158183689926,154,154,1.84556554743e-14,0.325,0.325047165533,0.0145124716553,20.2,8.41124787944,58.3601590127,,,,,,,,,,,,,,,,,,,,,,,,,,,
764ed5d95f506d9867c1e1d4,Supravox,285 GMF,8,12,,,471,11,6.5,,,,20.8,,50.1,151,8.411,0.349,0.335,,,3.9,100.2,70,,,coupling_failed,"coupling_failed: Mms free-air radiation-mass correction exceeds 50% of Mms (0.567), check Sd/Mms, stated Mms=20.8 g, computed Mmd=9.01125 g, radiation mass difference=56.68% (limit 50%)",50.1,50.3438350608,0.48669672815,0.349,0.351729597867,0.782119732618,151,151,0,0.335,0.335095776256,0.0285899270769,20.8,9.01124787944,56.6766928873,,,,,,,,,,,,,,,,,,,,,,,,,,,
80e7d331b393124ca6c78910,Supravox,285 GMF,8,12,,,471,10.5,6.6,,,,18.1,,56.3,137.5,12.9,0.38,0.369,,,3.8,100.9,70,,,coupling_failed,"coupling_failed: Mms free-air radiation-mass correction exceeds 50% of Mms (0.651), check Sd/Mms, stated Mms=18.1 g, computed Mmd=6.31125 g, radiation mass difference=65.13% (limit 50%)",56.3,56.5556242612,0.454039540283,0.38,0.383294136377,0.866877994024,137.5,137.5,0,0.369,0.369126506024,0.0342834753649,18.1,6.31124787944,65.1312271854,,,,,,,,,,,,,,,,,,,,,,,,,,,
bd86f2ce47a5edfeb281a7b8,Supravox,285 GMF,8,12,,,471,10.6,6.5,,,,18.9,,52.2,152.5,11.29,0.36,0.349,,,4,100.7,70,,,coupling_failed,"coupling_failed: Mms free-air radiation-mass correction exceeds 50% of Mms (0.624), check Sd/Mms, stated Mms=18.9 g, computed Mmd=7.11125 g, radiation mass difference=62.37% (limit 50%)",52.2,52.5533751509,0.676963890652,0.36,0.358602903545,0.388082348597,152.5,152.5,0,0.349,0.348875536481,0.0356628995167,18.9,7.11124787944,62.3743498442,,,,,,,,,,,,,,,,,,,,,,,,,,,
ad91a1166b5c3c606575f451,Supravox,285 GMF v2013,8,12,,,471,11.3,6.5,,,,19.5,,48,175,7.19,0.302,0.29,,,4,100.9,70,,,coupling_failed,"coupling_failed: Mms free-air radiation-mass correction exceeds 50% of Mms (0.605), check Sd/Mms, stated Mms=19.5 g, computed Mmd=7.71125 g, radiation mass difference=60.46% (limit 50%)",48,48.2981067414,0.621055711323,0.302,0.299372694877,0.86996858368,175,175,1.62409768174e-14,0.29,0.28982648158,0.0598339378095,19.5,7.71124787944,60.4551390798,,,,,,,,,,,,,,,,,,,,,,,,,,,
70453c2da7a32cd29e29e227,Supravox,285 GMF v2019,8,12,,,442.6,10.6,6.5,,,,19.4,,47.8,157,8.86,0.34,0.327,,,4,99.9,70,,,coupling_failed,"coupling_failed: Mms free-air radiation-mass correction exceeds 50% of Mms (0.554), check Sd/Mms, stated Mms=19.4 g, computed Mmd=8.66125 g, radiation mass difference=55.35% (limit 50%)",47.8,48.0403594567,0.502844051578,0.34,0.337063030383,0.863814593194,157,157,0,0.327,0.327434782609,0.132961042415,19.4,8.6612535203,55.3543632974,,,,,,,,,,,,,,,,,,,,,,,,,,,
03404d41b7fb309bfbbd4530,Supravox,285 T,8,12,,,452.2,6.1,5.73,,,,15.7,,58.6,134.7,7.819,0.903,0.81,,,1.8,98.2,12,,,coupling_failed,"coupling_failed: Mms free-air radiation-mass correction exceeds 50% of Mms (0.706), check Sd/Mms, stated Mms=15.7 g, computed Mmd=4.60998 g, radiation mass difference=70.64% (limit 50%)",58.6,58.9036848416,0.518233518142,0.903,0.890168226777,1.42101586082,134.7,134.7,0,0.81,0.809511235955,0.0603412401165,15.7,4.60998043573,70.6370672884,,,,,,,,,,,,,,,,,,,,,,,,,,,
83edacd7b051677bad53b8e6,Supravox,285-2000,8,12,,,471,12.7,6.5,,,,19.4,,45,200,6,0.22,0.212,,,2.9,102.1,45,,,coupling_failed,"coupling_failed: Mms free-air radiation-mass correction exceeds 50% of Mms (0.608), check Sd/Mms, stated Mms=19.4 g, computed Mmd=7.61125 g, radiation mass difference=60.77% (limit 50%)",45,45.2950323546,0.655627454557,0.22,0.221054839268,0.4794723947,200,200,0,0.212,0.212218649518,0.103136564946,19.4,7.61124787944,60.7667635081,,,,,,,,,,,,,,,,,,,,,,,,,,,
55b21c04b67d63641869aabb,Supravox,285-2000 MK2,8,12,,,442.8,10.5,6.5,,,,14.3,,60,135,7,0.32,0.306,,,2.7,102.5,45,,,coupling_failed,"coupling_failed: Mms free-air radiation-mass correction exceeds 50% of Mms (0.751), check Sd/Mms, stated Mms=14.3 g, computed Mmd=3.55397 g, radiation mass difference=75.15% (limit 50%)",60,60.3695917731,0.615986288459,0.32,0.317835142477,0.676517975792,135,135,0,0.306,0.306010928962,0.00357155612701,14.3,3.55397383693,75.1470361054,,,,,,,,,,,,,,,,,,,,,,,,,,,
e2b42f9c786e8162e4e0f88c,Supravox,285-2000EXC_06V,8,12,,,458.9,7.4,6.5,,,,17.3,,53,154,10.48,0.68,0.639,,,4,98.2,70,,,coupling_failed,"coupling_failed: Mms free-air radiation-mass correction exceeds 50% of Mms (0.655), check Sd/Mms, stated Mms=17.3 g, computed Mmd=5.9626 g, radiation mass difference=65.53% (limit 50%)",53,53.2574263673,0.48571012702,0.68,0.683835682122,0.564070900277,154,154,1.84556554743e-14,0.639,0.638566308244,0.0678703843932,17.3,5.96259758834,65.5341179865,,,,,,,,,,,,,,,,,,,,,,,,,,,
c0c2774cfc2f6a46cc3bcacf,Supravox,285-2000EXC_07V,8,12,,,458.9,8.5,6.5,,,,16.8,,53,158,10,0.51,0.485,,,4,99.5,70,,,coupling_failed,"coupling_failed: Mms free-air radiation-mass correction exceeds 50% of Mms (0.675), check Sd/Mms, stated Mms=16.8 g, computed Mmd=5.4626 g, radiation mass difference=67.48% (limit 50%)",53,53.3556485518,0.671035003446,0.51,0.503315754794,1.31063631499,158,158,0,0.485,0.485252140818,0.0519877975811,16.8,5.46259758834,67.4845381646,,,,,,,,,,,,,,,,,,,,,,,,,,,
ef22f6c22f013cdfb64c93b8,Supravox,285-2000EXC_08V,8,12,,,458.9,9.6,6.5,,,,17.3,,53,154,9.31,0.41,0.393,,,4,100.4,70,,,coupling_failed,"coupling_failed: Mms free-air radiation-mass correction exceeds 50% of Mms (0.655), check Sd/Mms, stated Mms=17.3 g, computed Mmd=5.9626 g, radiation mass difference=65.53% (limit 50%)",53,53.2574263673,0.48571012702,0.41,0.406324239941,0.896526843575,154,154,1.84556554743e-14,0.393,0.392705761317,0.0748698939256,17.3,5.96259758834,65.5341179865,,,,,,,,,,,,,,,,,,,,,,,,,,,
ac6081299ac15a4541f46ee2,Supravox,285-2000EXC_09V,8,12,,,458.9,10.7,6.5,,,,17.1,,53,156,9.33,0.32,0.309,,,3.8,101.5,70,,,coupling_failed,"coupling_failed: Mms free-air radiation-mass correction exceeds 50% of Mms (0.663), check Sd/Mms, stated Mms=17.1 g, computed Mmd=5.7626 g, radiation mass difference=66.30% (limit 50%)",53,53.2234758155,0.421652482105,0.32,0.323294003715,1.02937616094,156,156,0,0.309,0.309388601036,0.125760853162,17.1,5.76259758834,66.3005988986,,,,,,,,,,,,,,,,,,,,,,,,,,,
199412333ecd383ff63edd0d,Supravox,285-2000EXC_10V,8,12,,,458.9,11.8,6.5,,,,17.3,,53,154,8.83,0.27,0.262,,,3.4,102.2,70,,,coupling_failed,"coupling_failed: Mms free-air radiation-mass correction exceeds 50% of Mms (0.655), check Sd/Mms, stated Mms=17.3 g, computed Mmd=5.9626 g, radiation mass difference=65.53% (limit 50%)",53,53.2574263673,0.48571012702,0.27,0.268937388344,0.393559872657,154,154,1.84556554743e-14,0.262,0.261989010989,0.00419427900344,17.3,5.96259758834,65.5341179865,,,,,,,,,,,,,,,,,,,,,,,,,,,
d6e05958b0e2481b0c2d74c8,Supravox,285-2000EXC_11V,8,12,,,458.9,12.2,6.5,,,,17.2,,53,155,7.9,0.25,0.242,,,3.3,102.5,70,,,coupling_failed,"coupling_failed: Mms free-air radiation-mass correction exceeds 50% of Mms (0.659), check Sd/Mms, stated Mms=17.2 g, computed Mmd=5.8626 g, radiation mass difference=65.92% (limit 50%)",53,53.2394444555,0.451781991479,0.25,0.250136967342,0.0547869367426,155,155,1.83365867293e-14,0.242,0.242331288344,0.136896009735,17.2,5.86259758834,65.9151303003,,,,,,,,,,,,,,,,,,,,,,,,,,,
48f01dc9180d07cf9ccf6c0b,Supravox,285-2000EXC_12V,8,12,,,458.9,13,6.5,,,,17.3,,53,154,8.2,0.22,0.214,,,3.1,103.1,70,,,coupling_failed,"coupling_failed: Mms free-air radiation-mass correction exceeds 50% of Mms (0.655), check Sd/Mms, stated Mms=17.3 g, computed Mmd=5.9626 g, radiation mass difference=65.53% (limit 50%)",53,53.2574263673,0.48571012702,0.22,0.221578946467,0.717702939737,154,154,1.84556554743e-14,0.214,0.214251781473,0.117654893778,17.3,5.96259758834,65.5341179865,,,,,,,,,,,,,,,,,,,,,,,,,,,
aac72d7a4648f339f9a4eca0,Supravox,T285HF64,8,10,,,344,8.9,6.5,,,,9.6,,49.1,181,11.38,0.242,0.237,,,3.3,102.4,40,,,coupling_failed,"coupling_failed: Mms free-air radiation-mass correction exceeds 50% of Mms (0.766), check Sd/Mms, stated Mms=9.6 g, computed Mmd=2.24176 g, radiation mass difference=76.65% (limit 50%)",49.1,49.4343773639,0.68101296114,0.242,0.243033385577,0.427018833445,181,181,0,0.237,0.236960936156,0.0164826347818,9.6,2.24175677649,76.6483669116,,,,,,,,,,,,,,,,,,,,,,,,,,,
5915086804184c8c10463c6e,Tang Band,W5-1611SAF,8,5,,,94,5.53,6.3,0.02,,,5.99,,60,11.6099071,2.8,0.52,0.44,1.31,,3,,28,,,vas_inconsistent,"vas_inconsistent: stated=11.6099 L, computed=16.3975 L, difference=41.24% (limit 20%)",60,56.8160546401,5.30657559987,0.52,0.46520912845,10.5367060673,11.6099071,16.397506032,41.2371855416,0.44,0.438554216867,0.328587075575,5.99,4.93893819177,17.5469417067,,,,,,,,,,,,,,,,,,,,,,,,,,,
3d2a1aa5adf9a0995a6d98f4,Tang Band,W6-1139SIF,4,6.5,,,140,8.47,3.6,0.47,,,39.91,,35,11.89307557,2.65,0.47,0.4,0.6,,11.5,86,50,,,vas_inconsistent,"vas_inconsistent: stated=11.8931 L, computed=16.6594 L, difference=40.08% (limit 20%)",35,32.5239767967,7.07435200934,0.47,0.440418263875,6.29398640966,11.89307557,16.6593525218,40.0760671517,0.4,0.399198717949,0.200320512821,39.91,37.9995814396,4.78681673878,,,,,,,,,,,,,,,,,,,,,,,,,,,
f5e081ac8e9feb0df490bd65,University Sound,C-15W-1P,2,15,,,865.1,7.1,1.38,,,,34,,58,232,5.3,0.34,0.32,,,3,110.9,150,,,coupling_failed,"coupling_failed: Mms free-air radiation-mass correction exceeds 50% of Mms (0.863), check Sd/Mms, stated Mms=34 g, computed Mmd=4.65488 g, radiation mass difference=86.31% (limit 50%)",58,58.3483246808,0.600559794452,0.34,0.339194786105,0.236827616216,232,232,1.22507368235e-14,0.32,0.319503546099,0.155141843972,34,4.65487638391,86.3091871062,,,,,,,,,,,,,,,,,,,,,,,,,,,
fbbd74ead64251ba01ff637d,University Sound,C-15W-1S,8,15,,,873.2,17.4,5.52,,,,34.7,,58,232,3.4,0.23,0.215,,,3,106.5,200,,,coupling_failed,"coupling_failed: Mms free-air radiation-mass correction exceeds 50% of Mms (0.858), check Sd/Mms, stated Mms=34.7 g, computed Mmd=4.94177 g, radiation mass difference=85.76% (limit 50%)",58,58.2975800015,0.513068968116,0.23,0.230556790513,0.242082831785,232,232,1.22507368235e-14,0.215,0.215426997245,0.198603369851,34.7,4.9417720725,85.7585819236,,,,,,,,,,,,,,,,,,,,,,,,,,,
761a4937e56c176c8a4d8997,University Sound,C-15W-2P,2,15,,,872,8,1.67,,,,24.2,,62.5,286,10,0.25,0.244,,,3,113.2,150,,,coupling_failed,"coupling_failed: Mms free-air radiation-mass correction exceeds 50% of Mms (1.227), check Sd/Mms, stated Mms=24.2 g, computed Mmd=-5.49691 g, radiation mass difference=122.71% (limit 50%)",62.5,62.7872287939,0.459566070209,0.25,0.247977198246,0.809120701424,286,286,3.975064256e-14,0.244,0.243902439024,0.0399840063974,24.2,-5.49690589003,122.714487149,,,,,,,,,,,,,,,,,,,,,,,,,,,
ee2b28aed061f309de04ab5c,University Sound,C-15W-2S,8,15,,,853.3,19.5,6.7,,,,23.1,,62.5,286,10,0.16,0.157,,,3,109.1,250,,,coupling_failed,"coupling_failed: Mms free-air radiation-mass correction exceeds 50% of Mms (1.244), check Sd/Mms, stated Mms=23.1 g, computed Mmd=-5.64677 g, radiation mass difference=124.44% (limit 50%)",62.5,62.8866223024,0.618595683815,0.16,0.15983704635,0.101846031375,286,286,1.987532128e-14,0.157,0.157480314961,0.305933095943,23.1,-5.64677261422,124.444903092,,,,,,,,,,,,,,,,,,,,,,,,,,,
bc49e4099d958f6f15a47cd1,Visaton,BG20,8,,,,214,6.1,6.2,0.8,,,10,,38,110,3.47,0.51,0.44,,,4,92,40,,,qes_inconsistent,"qes_inconsistent: stated=0.51 , computed=0.397828 , difference=21.99% (limit 20%)",38,38.6511981035,1.71367921967,0.51,0.39782812641,21.9944850177,110,110,1.2918958832e-14,0.44,0.444648241206,1.05641845592,10,6.38958491307,36.1041508693,,,,,,,,,,,,,,,,,,,,,,,,,,,
18e006e9c36e19a01cd25c3e,Visaton,FR 8 WP,8,3.3,,,30,2.8,4.1,0.3,,,2.9,,158,0.2831684659,2.62,1.33,0.88,,,3,,15,,,fs_inconsistent,"fs_inconsistent: stated=158 Hz, computed=198.31 Hz, difference=25.51% (limit 20%)",158,198.310332027,25.5128683715,1.33,1.50557622217,13.2012197117,0.2831684659,0.2831684659,0,0.88,0.88217721519,0.247410817031,2.9,2.71049601047,6.53462032847,,,,,,,,,,,,,,,,,,,,,,,,,,,
7052ff485fd91b66cb40e364,Visaton,FRS 10 WP,4,4,,,57,3.8,3.4,0.2,,,2.4,,190,1.982179261,8.29,1.02,0.91,0.433,,3,,25,,,qes_inconsistent,"qes_inconsistent: stated=1.02 , computed=0.674616 , difference=33.86% (limit 20%)",190,156.124321004,17.8293047345,1.02,0.674615685613,33.8612072928,1.982179261,1.99291329394,0.541526851267,0.91,0.908249194415,0.192396218175,2.4,1.90369487624,20.6793801568,,,,,,,,,,,,,,,,,,,,,,,,,,,
ceff63a51b1115eca24333cb,Visaton,FRS8,4.0,3,,,31,2.2,3.5,0.4,,,2.5,,115,1.1,3.61,0.85,0.69,0.734,,0.25,82,30,,,qes_inconsistent,"qes_inconsistent: stated=0.85 , computed=1.30629 , difference=53.68% (limit 20%)",115,117.490322891,2.16549816623,0.85,1.30629239987,53.6814588077,1.1,0.999240997087,9.15990935575,0.69,0.688004484305,0.289205173198,2.5,2.30094228428,7.96230862899,,,,,,,,,,,,,,,,,,,,,,,,,,,
9516052cc1b21e7ded2141d3,Visaton,GF 200,4,8,,,214,4.6,2.9,0.4,,,25,,34,62.01389404,4.51,0.93,0.77,,,10,,120,,,qes_inconsistent,"qes_inconsistent: stated=0.93 , computed=0.73195 , difference=21.30% (limit 20%)",34,32.5570313307,4.24402549808,0.93,0.731949517117,21.2957508476,62.01389404,62.01389404,1.14577990426e-14,0.77,0.771011029412,0.131302521008,25,21.3895849131,14.4416603477,,,,,,,,,,,,,,,,,,,,,,,,,,,
80d6cccdb1066514bb39e6ab,Visaton,MR 130,8,5,,,70,4.3,6.8,0.4,,,5,,500,0.08495053978,8.67,5.85,3.49,,,2,,80,,,fs_inconsistent,"fs_inconsistent: stated=500 Hz, computed=643.392 Hz, difference=28.68% (limit 20%)",500,643.391762696,28.6783525391,5.85,5.77686047713,1.25024825426,0.08495053978,0.08495053978,0,3.49,3.4930785124,0.0882095242606,5,4.3245650405,13.50869919,,,,,,,,,,,,,,,,,,,,,,,,,,,
d9e2b5a254e12bd65e895a19,Visaton,SC 5.9,8,,,,24.9,2.5,7,0.4,,,1.5,,193,0.3964358523,7.52,1.5,1.25,0.453,,1.5,84.7,10,,,qes_inconsistent,"qes_inconsistent: stated=1.5 , computed=2.03726 , difference=35.82% (limit 20%)",193,193.074714406,0.0387121275484,1.5,2.037260004,35.8173336,0.3964358523,0.397875953754,0.363262163594,1.25,1.25055432373,0.0443458980044,1.5,1.35670352871,9.55309808621,,,,,,,,,,,,,,,,,,,,,,,,,,,
45a105a42e6c03ac5547e9b0,Visaton,W200S,4.0,8,,,214,7.7,3.4,1.5,,,28,,29,65,3.99,0.38,0.35,,,3.5,91,75,,,qes_inconsistent,"qes_inconsistent: stated=0.38 , computed=0.292572 , difference=23.01% (limit 20%)",29,30.048556184,3.61571097947,0.38,0.292572406748,23.0072613822,65,65,0,0.35,0.346956521739,0.869565217391,28,24.3895849131,12.8943395962,,,,,,,,,,,,,,,,,,,,,,,,,,,
6d6a06b8349e9d2dc7abb0cd,Visaton,W250S,4.0,10,,,346,8.9,3.6,0.9,,,32,,33,135,2.01,0.43,0.35,0.795,,5,93,100,,,qes_inconsistent,"qes_inconsistent: stated=0.43 , computed=0.301555 , difference=29.87% (limit 20%)",33,31.5545199985,4.38024242886,0.43,0.301554819641,29.8709721765,135,134.82490493,0.129700052207,0.35,0.354221311475,1.20608899297,32,24.5774928695,23.1953347829,,,,,,,,,,,,,,,,,,,,,,,,,,,
b1fd3605befaa415a5410ad2,Visaton,W250S,8.0,10,,,346,9.2,6.6,1.5,,,38,,31,121,1.88,0.39,0.32,0.713,,5,90,100,,,qes_inconsistent,"qes_inconsistent: stated=0.39 , computed=0.577156 , difference=47.99% (limit 20%)",31,30.5762040801,1.36708361271,0.39,0.577156298751,47.9887945515,121,120.918436748,0.0674076461898,0.32,0.322995594714,0.936123348018,38,30.5774928695,19.5329135014,,,,,,,,,,,,,,,,,,,,,,,,,,,
2a088f44b8e56afb36cd7bba,Visaton,WS17E,8.0,6.5,,,143,3.9,5.8,0.9,,,16,,45,22,2.2,1.28,0.81,0.759,,3.5,88,60,,,qes_inconsistent,"qes_inconsistent: stated=1.28 , computed=1.72509 , difference=34.77% (limit 20%)",45,45.6708665987,1.49081466382,1.28,1.72508756363,34.7724659084,22,21.9869327115,0.0593967660786,0.81,0.809195402299,0.0993330495246,16,14.0278473318,12.3259541761,,,,,,,,,,,,,,,,,,,,,,,,,,,
a38650faf67065de30604baf,Warehouse Sound,G15A ALNICO,8,15,,,795.6,4.9,5.15,,,,14.2,,98.5,162.5,9.1,1.87,1.551,,,1.3,103.1,75,,,coupling_failed,"coupling_failed: Mms free-air radiation-mass correction exceeds 50% of Mms (1.823), check Sd/Mms, stated Mms=14.2 g, computed Mmd=-11.6809 g, radiation mass difference=182.26% (limit 50%)",98.5,99.2131981702,0.724059056074,1.87,1.88503540771,0.804032497897,162.5,162.5,0,1.551,1.55123062899,0.0148696962057,14.2,-11.6808560357,182.259549548,,,,,,,,,,,,,,,,,,,,,,,,,,,
0b2202b9ace7e81c6bfb1e27,Warehouse Sound,REAPER 12,8,12,,,558.7,13.5,6.6,,,,28.5,,77.4,65,6.196,0.502,0.464,,,1.3,100.6,30,,,coupling_failed,"coupling_failed: Mms free-air radiation-mass correction exceeds 50% of Mms (0.534), check Sd/Mms, stated Mms=28.5 g, computed Mmd=13.2698 g, radiation mass difference=53.44% (limit 50%)",77.4,77.7580020173,0.462534906116,0.502,0.501928767606,0.0141897200125,65,65,0,0.464,0.464376231711,0.0810844204652,28.5,13.2698394213,53.4391599252,,,,,,,,,,,,,,,,,,,,,,,,,,,
47cd215f8015ee8f6d8e6e88,Warehouse Sound,RETRO 10,8,10,,,324.3,2,6.27,,,,0.6,,115.6,460.4,6.72,0.66,0.601,,,3,113.4,60,,,coupling_failed,"coupling_failed: Mms free-air radiation-mass correction exceeds 50% of Mms (11.225), check Sd/Mms, stated Mms=0.6 g, computed Mmd=-6.1353 g, radiation mass difference=1122.55% (limit 50%)",115.6,116.882420265,1.10936009094,0.66,0.68311921633,3.50291156517,460.4,460.4,0,0.601,0.600975609756,0.00405827685565,0.6,-6.13529928203,1122.54988034,,,,,,,,,,,,,,,,,,,,,,,,,,,
daedcfcd8008582d16d563aa,Warehouse Sound,VETERAN 30,8,10,,,366.1,2.5,7.99,,,,1,,94.8,524.7,12.15,0.78,0.733,,,2,109.6,30,,,coupling_failed,"coupling_failed: Mms free-air radiation-mass correction exceeds 50% of Mms (8.079), check Sd/Mms, stated Mms=1 g, computed Mmd=-7.0786 g, radiation mass difference=807.86% (limit 50%)",94.8,95.7391851159,0.990701599062,0.78,0.761473804367,2.37515328628,524.7,524.7,0,0.733,0.732946635731,0.00728025499884,1,-7.07859931919,807.859931919,,,,,,,,,,,,,,,,,,,,,,,,,,,
